mtllib model.mtl
usemtl material_0
# https://github.com/mikedh/trimesh
mtllib material.mtl
usemtl material_0
v 0.12599482 0.06179022 -0.00480119
v 0.12334380 0.07381281 -0.00257952
v 0.12579438 0.05213244 -0.00416694
v -0.04225603 0.48637134 0.03770752
v -0.04012506 0.47651517 0.03846446
v -0.04421618 0.47657210 0.03227434
v -0.01775236 0.49796587 0.03341294
v -0.01822773 0.48335955 0.03742066
v -0.01573437 0.48592570 0.03032425
v 0.09284426 0.18413953 0.01481181
v 0.09194480 0.16974971 0.01143527
v 0.09175578 0.17883456 0.00760484
v 0.07020597 -0.50004297 0.02527326
v 0.12699674 -0.49998474 0.03997523
v 0.13555752 -0.49969715 0.06898955
v 0.07704631 -0.49986175 0.08123729
v 0.10913087 -0.49998188 -0.01724981
v 0.11703026 -0.49991405 0.01099261
v 0.06337942 -0.50014240 -0.00625022
v 0.10119837 -0.50006449 -0.03722497
v 0.06228637 -0.50005680 -0.03495464
v 0.09051990 -0.50000966 -0.04804379
v 0.07607285 -0.49998984 -0.04970297
v 0.09651662 -0.49923033 0.08438803
v 0.13673377 -0.49849913 0.08483409
v 0.08233096 -0.49786839 0.09800465
v 0.13420863 -0.49551481 0.09939095
v 0.09046959 -0.49431950 0.11092983
v 0.12300728 -0.49207047 0.11596482
v 0.10179436 -0.49162504 0.11873773
v 0.07272476 -0.49911407 0.05938752
v 0.06040736 -0.49870741 -0.02302004
v -0.11370615 -0.49996483 0.01264254
v -0.06869267 -0.49998206 0.05060324
v -0.12231722 -0.50004995 0.03538323
v -0.07298555 -0.49989370 0.07411504
v -0.12903047 -0.49990398 0.05423176
v -0.05863185 -0.50004035 -0.03371683
v -0.05802310 -0.50006527 -0.01656001
v -0.06502399 -0.49999949 0.01746133
v -0.07890297 -0.49986538 -0.05074259
v -0.06490929 -0.49993020 -0.04584241
v -0.08897150 -0.49991924 -0.04688018
v -0.10461821 -0.49996212 -0.01544230
v -0.13433449 -0.49901289 0.08059689
v -0.07854677 -0.49911743 0.09242643
v -0.09764352 -0.49977237 -0.03538696
v -0.13304573 -0.49554443 0.09745375
v -0.08868431 -0.49525744 0.10890628
v -0.09829648 -0.49250439 0.11711109
v -0.12825125 -0.49340424 0.10864721
v -0.11708470 -0.49144039 0.11718462
v 0.10637058 0.02419567 0.06540810
v 0.09359239 0.01838904 0.06408726
v 0.10193403 0.00013591 0.06361663
v 0.11014848 0.00703210 0.06416386
v 0.09303337 0.03641573 0.06383500
v 0.10274550 0.03597848 0.06482036
v 0.09920599 -0.03169570 0.06000512
v 0.11103891 -0.04510211 0.05825547
v 0.10507003 -0.06361232 0.05494226
v 0.09736513 -0.04628054 0.05738640
v 0.09912562 -0.05711108 0.05589293
v 0.10105599 -0.07942723 0.04915695
v 0.09313162 -0.06881636 0.05010208
v 0.09646085 -0.08442000 0.04776787
v 0.09213824 -0.02274595 0.05799473
v 0.08888049 -0.00183799 0.05812657
v 0.10159309 0.04955157 0.06094625
v 0.11255732 -0.02608551 0.05980789
v 0.08643118 0.02247879 0.05862847
v 0.08082271 0.03786847 0.06307339
v 0.08379884 0.05316596 0.06731633
v 0.07396811 0.05141084 0.06815069
v 0.11554983 -0.06004068 0.05178105
v 0.09101097 -0.04884360 0.04919107
v -0.03416460 -0.31001726 -0.00741615
v -0.03936510 -0.31307366 0.00754047
v -0.05015301 -0.39140698 0.00634999
v -0.04225895 -0.37952569 -0.01232752
v -0.02598024 -0.25637978 -0.00090789
v -0.03555528 -0.26462650 0.02225405
v -0.04680692 -0.30335787 0.03142602
v -0.04178463 -0.26238883 0.03896374
v -0.03609738 -0.23098752 0.04113738
v -0.05244190 -0.34537438 0.02570541
v -0.05867094 -0.39995980 0.02247097
v -0.02129442 -0.22590794 0.00842994
v -0.02559290 -0.20391999 0.03023932
v -0.02267374 -0.17931333 0.03262724
v -0.01596398 -0.16884072 0.01712391
v -0.01626350 -0.13296242 0.03674568
v -0.00996183 -0.12743077 0.02080191
v -0.02834746 -0.15429339 0.05586608
v -0.03189206 -0.18954511 0.05007593
v -0.02180399 -0.12712029 0.05771952
v -0.04438992 -0.41607383 -0.01410026
v -0.05978540 -0.41710797 0.02079421
v -0.05141027 -0.42037517 0.00653055
v -0.04540979 -0.42272833 -0.01456620
v -0.05104868 -0.42736992 0.00273040
v -0.04530023 -0.44072697 -0.01513648
v -0.05168998 -0.44191703 0.00438911
v -0.05467740 -0.45496306 -0.00116940
v -0.00804172 -0.11152764 0.03755532
v -0.01226978 -0.10782654 0.05868668
v -0.00328207 -0.10374313 0.02286543
v -0.06186097 -0.45816824 0.00980475
v -0.06284531 -0.44878179 0.01712145
v -0.06149579 -0.42748913 0.01663145
v -0.05110055 -0.45419645 -0.01782835
v -0.03286111 -0.13208774 0.06956216
v -0.03637320 -0.16827342 0.05949370
v -0.01917379 -0.11078139 0.06651040
v -0.05815671 -0.46007541 -0.00124006
v -0.06581961 -0.47350699 0.02545193
v -0.06010514 -0.48867431 -0.00399957
v -0.06533548 -0.48718277 0.02135146
v -0.06502399 -0.49999949 0.01746133
v -0.05802310 -0.50006527 -0.01656001
v -0.05597602 -0.46041352 -0.01809096
v -0.06834771 -0.49134281 0.04730067
v -0.06869267 -0.49998206 0.05060324
v -0.07350533 -0.49099731 0.07680329
v -0.07298555 -0.49989370 0.07411504
v -0.07854677 -0.49911743 0.09242643
v -0.07132713 -0.47471336 0.05080760
v -0.05863185 -0.50004035 -0.03371683
v -0.07344767 -0.48895478 0.07016725
v -0.01287463 -0.13668846 0.00305969
v -0.01750495 -0.17030843 0.00139769
v -0.00668309 -0.10551128 -0.00070458
v -0.08342554 -0.48757240 0.10030821
v -0.04045132 -0.34292156 -0.03101768
v -0.04716996 -0.41418552 -0.02567017
v -0.03521442 -0.28986832 -0.03041932
v -0.02063570 -0.17877269 -0.01354593
v -0.02382307 -0.21141581 -0.01591186
v -0.03172505 -0.26547009 -0.02626283
v -0.02878805 -0.24391837 -0.02322690
v -0.01421112 -0.12604730 -0.01240186
v -0.06940398 -0.46200413 0.02971247
v -0.08868431 -0.49525744 0.10890628
v -0.08188623 -0.47724038 0.08652418
v -0.07885783 -0.48890713 0.08690524
v -0.05894797 -0.45784947 -0.03240652
v -0.00185114 -0.10074034 0.04047151
v -0.06857688 -0.45094940 0.02105085
v -0.01158358 -0.10324472 -0.01951947
v -0.08801528 -0.47746497 0.09917048
v -0.08862482 -0.48631516 0.10480042
v -0.00187300 -0.09501405 0.05605451
v -0.01045844 -0.09604783 0.06953606
v -0.00903859 -0.09364453 -0.02316244
v -0.04915661 -0.42206374 -0.02512204
v -0.05259061 -0.44345781 -0.03171668
v -0.09596361 -0.48535123 0.11469086
v -0.00193703 -0.08573576 0.07155725
v -0.06489064 -0.49061552 -0.04605004
v -0.06490929 -0.49993020 -0.04584241
v -0.09829648 -0.49250439 0.11711109
v -0.07738785 -0.45034570 0.03234280
v -0.07810281 -0.45655137 0.04014082
v -0.08083383 -0.46349460 0.05328508
v -0.07987853 -0.46968231 0.06008635
v -0.00200053 -0.10201698 0.01237211
v -0.00158260 -0.09620301 -0.00408081
v -0.09604856 -0.47301891 0.10570507
v -0.05551109 -0.42948908 -0.03623167
v -0.05645085 -0.41487861 -0.03841411
v -0.05538893 -0.39445314 -0.04274666
v -0.00119191 -0.08579092 -0.02165168
v -0.06533695 -0.45408228 -0.04018522
v -0.05400889 -0.34794939 -0.04689172
v -0.00201678 -0.07041090 -0.03687733
v -0.11099140 -0.24368621 0.00071006
v -0.10676788 -0.22695544 -0.01276784
v -0.11251315 -0.29192418 -0.00979760
v -0.10941710 -0.19874562 0.00644878
v -0.10457934 -0.19670638 -0.00999341
v -0.10794350 -0.16005348 0.00530067
v -0.10698022 -0.26266849 -0.01922178
v -0.10637257 -0.31238234 -0.02812964
v -0.11262312 -0.32422867 -0.01520176
v -0.10087921 -0.13189453 -0.00525441
v -0.10656904 -0.34245038 -0.02849692
v -0.11091260 -0.37386754 -0.01690652
v -0.10588010 -0.38651755 -0.02829225
v -0.11185262 -0.40791652 -0.01722700
v -0.10683577 -0.40825552 -0.02904355
v -0.10883052 -0.17282964 0.00871974
v -0.10796191 -0.11588831 0.00850738
v -0.10592496 -0.08596945 0.00904055
v -0.08994088 -0.08379276 -0.01911903
v -0.08815661 -0.05840973 -0.01870359
v -0.09622329 -0.04248263 -0.00112399
v -0.08806528 -0.03681193 -0.01498010
v -0.10144355 -0.04113536 0.00933415
v -0.09405832 -0.03757266 -0.00582743
v -0.09454791 -0.29334778 -0.04056848
v -0.08859386 -0.13798876 -0.02162242
v -0.08803202 -0.17297953 -0.02545529
v -0.09431146 -0.33158210 -0.04393080
v -0.09317089 -0.26557323 -0.03702000
v -0.09431683 -0.38439718 -0.04250795
v -0.08136619 -0.04015061 -0.02316633
v -0.09547589 -0.40622967 -0.04161376
v -0.07122365 -0.03602909 -0.03302971
v -0.09207856 -0.22103660 -0.02667379
v -0.09091419 -0.20259421 -0.02317692
v -0.08144706 -0.03489599 -0.02513454
v -0.08006718 -0.07537351 -0.02667657
v -0.08443465 -0.09938801 -0.02417696
v -0.09614234 -0.41355807 -0.03850020
v -0.06113093 -0.06788809 -0.04069167
v -0.06047416 -0.03585096 -0.04161100
v -0.06189990 -0.08781465 -0.03923705
v -0.10492945 -0.41390055 -0.02724737
v -0.10724466 -0.42847189 -0.02949502
v -0.09597743 -0.42865831 -0.03980496
v -0.10974457 -0.41428354 -0.01605228
v -0.11216611 -0.42562634 -0.01589989
v -0.10394690 -0.43713531 -0.03021730
v -0.09849360 -0.45639828 -0.03189347
v -0.08975870 -0.45442680 -0.04065347
v -0.08987958 -0.48148909 -0.04642247
v -0.09764352 -0.49977237 -0.03538696
v -0.08897150 -0.49991924 -0.04688018
v -0.10446779 -0.47066289 -0.02022696
v -0.10400660 -0.45719004 -0.01825014
v -0.10984842 -0.49022833 -0.00261278
v -0.10461821 -0.49996212 -0.01544230
v -0.11080644 -0.46857828 0.00134034
v -0.11370615 -0.49996483 0.01264254
v -0.11838606 -0.48870412 0.02479219
v -0.12231722 -0.50004995 0.03538323
v -0.12870984 -0.49041235 0.05348672
v -0.12903047 -0.49990398 0.05423176
v -0.11714629 -0.47871223 0.02471646
v -0.12608288 -0.48817304 0.05331812
v -0.13433449 -0.49901289 0.08059689
v -0.13423173 -0.48743463 0.08446728
v -0.10597704 -0.45196983 -0.00150593
v -0.11801846 -0.47446299 0.03760258
v -0.10484365 -0.44914153 0.00649614
v -0.13304573 -0.49554443 0.09745375
v -0.09976952 -0.04108797 0.02944767
v -0.10250143 -0.06797256 0.02687643
v -0.10482966 -0.10526378 0.03051848
v -0.10196273 -0.14002784 0.05125993
v -0.12231217 -0.47650191 0.07452469
v -0.12683402 -0.48680317 0.07559861
v -0.12669800 -0.47705728 0.08898883
v -0.12967780 -0.48576555 0.09611926
v -0.10001223 -0.09308191 0.05483273
v -0.11043667 -0.40849271 -0.00908811
v -0.11061023 -0.42535824 -0.00567335
v -0.10681107 -0.42435041 0.00825907
v -0.10599392 -0.37265021 0.00792753
v -0.10715496 -0.40560400 0.00882777
v -0.13064305 -0.48614514 0.10248833
v -0.10963544 -0.33640355 -0.00381025
v -0.10711563 -0.30931801 0.01361398
v -0.10521647 -0.36171347 0.01009023
v -0.09524954 -0.04024610 0.05005240
v -0.10132853 -0.18341829 0.04656770
v -0.10527093 -0.22786547 0.02402935
v -0.10410852 -0.41288832 0.00941445
v -0.10054041 -0.21780351 0.04170570
v -0.10211118 -0.26249632 0.03076093
v -0.12200315 -0.47506794 0.10392571
v -0.12825125 -0.49340424 0.10864721
v -0.09981394 -0.40229988 0.02099256
v -0.09382537 -0.38053092 0.03228305
v -0.12148184 -0.48223788 0.10979148
v -0.09006209 -0.35224098 0.03642221
v -0.08781898 -0.32835990 0.03901377
v -0.11234574 -0.46538323 0.03035899
v -0.10590295 -0.45417356 0.02649859
v -0.10597569 -0.45042238 0.01949071
v -0.11380972 -0.46824652 0.03826322
v -0.09912807 -0.30575237 0.02765611
v -0.10013580 -0.44339657 0.01487284
v -0.08746912 -0.31572494 0.04020500
v -0.06528252 -0.03419443 -0.04372306
v 0.03677531 -0.31928077 0.00110384
v 0.03980683 -0.34808969 -0.01985502
v 0.04274567 -0.35266006 -0.00100251
v 0.03538868 -0.31663409 -0.02104288
v 0.02964642 -0.28069890 -0.01585140
v 0.02677300 -0.26367998 0.00420777
v 0.04669039 -0.39412692 -0.02084345
v 0.02733390 -0.26135698 -0.01453736
v 0.02032671 -0.22100005 0.00879110
v 0.02178627 -0.22123718 -0.00962599
v 0.01550293 -0.16854979 0.00914809
v 0.01993219 -0.19634418 0.02173760
v 0.02037492 -0.18880370 0.03148168
v 0.01397454 -0.15284744 0.03405594
v 0.00536020 -0.11487447 0.01559854
v 0.00613056 -0.11828639 0.03569753
v 0.05123747 -0.39476383 -0.00031400
v 0.05265493 -0.41887099 -0.00278142
v 0.05194276 -0.42246613 -0.01822223
v 0.02673624 -0.22770703 0.02780738
v 0.00237286 -0.10413950 0.00493296
v 0.05504563 -0.42542267 -0.00237489
v 0.05622933 -0.44780394 -0.00426115
v 0.05362241 -0.44493976 -0.01798225
v 0.00718686 -0.11533038 -0.00322202
v 0.01951290 -0.18329498 -0.01185002
v 0.01496741 -0.14952801 -0.01463361
v 0.00983970 -0.11680382 -0.01681559
v 0.00455078 -0.09428708 -0.01947041
v -0.00003588 -0.10407229 0.03536230
v 0.06094099 -0.45965809 -0.01884553
v 0.05230151 -0.38704365 -0.04100888
v 0.04433452 -0.33237746 -0.03839156
v 0.03775282 -0.29696319 -0.03259117
v 0.05655750 -0.41018853 -0.03679346
v 0.06107298 -0.42718187 -0.03769096
v 0.06189447 -0.44805822 -0.03569134
v 0.03642697 -0.27836806 -0.03148335
v 0.06580496 -0.45674992 -0.03575080
v 0.06228637 -0.50005680 -0.03495464
v 0.06040736 -0.49870741 -0.02302004
v 0.06332652 -0.48524404 -0.00594079
v 0.06337942 -0.50014240 -0.00625022
v 0.06350031 -0.45771927 -0.00264766
v 0.07020597 -0.50004297 0.02527326
v 0.07012849 -0.48704582 0.02592458
v 0.07272476 -0.49911407 0.05938752
v 0.07317801 -0.49033776 0.05712992
v 0.07504915 -0.48998061 0.07160777
v 0.07704631 -0.49986175 0.08123729
v 0.07027317 -0.46780622 0.02212675
v 0.07364378 -0.47729424 0.04688572
v 0.03389354 -0.26417959 0.02207964
v 0.08234905 -0.48815575 0.09706280
v 0.08233096 -0.49786839 0.09800465
v 0.00756471 -0.11070153 0.05145363
v 0.01257075 -0.13205916 0.04234212
v 0.04699124 -0.30925277 0.02943254
v 0.06059405 -0.44008008 0.00742360
v 0.05418388 -0.35945240 0.02162614
v 0.04997104 -0.33087173 0.02519393
v 0.06010302 -0.39127702 0.02002133
v 0.06177363 -0.41582516 0.01660562
v 0.06052918 -0.45003438 0.00351528
v 0.04348137 -0.27041218 0.03808361
v 0.03906406 -0.23583454 0.04591078
v 0.03617774 -0.22847301 0.04444636
v 0.08236940 -0.47832268 0.08729751
v 0.08110492 -0.48780456 0.08886904
v 0.02397644 -0.15412921 0.05186100
v 0.01997664 -0.12982915 0.05860534
v 0.01503867 -0.11562670 0.06342376
v 0.02733807 -0.16404073 0.05281156
v 0.00639596 -0.09901737 0.06747279
v -0.00185114 -0.10074034 0.04047151
v 0.07051037 -0.45379487 0.01441225
v 0.06313355 -0.42481369 0.01105236
v 0.09046959 -0.49431950 0.11092983
v 0.07676644 -0.47168794 0.05173678
v 0.07616423 -0.45997036 0.03041406
v 0.03344786 -0.13603865 0.07106600
v 0.07908972 -0.47745323 0.07109865
v -0.00328207 -0.10374313 0.02286543
v 0.04114016 -0.18519650 0.06056748
v 0.04189559 -0.17482936 0.06418385
v 0.07184521 -0.44219735 0.01848001
v 0.09522172 -0.48311651 0.11290795
v -0.00187300 -0.09501405 0.05605451
v -0.00193703 -0.08573576 0.07155725
v 0.02750758 -0.22691342 -0.01770392
v 0.09460534 -0.47737139 0.10907767
v 0.06755212 -0.48602822 -0.04264605
v 0.08128622 -0.44346786 0.02176518
v 0.08242051 -0.44786465 0.02919579
v 0.08257306 -0.45832118 0.04424601
v 0.08485334 -0.46251774 0.05531195
v 0.08500282 -0.46779004 0.05832506
v -0.10077994 0.29618371 -0.01784816
v -0.11605960 0.28669831 -0.01771800
v -0.09849542 0.29611257 -0.00695894
v -0.11423436 0.28642678 -0.00630852
v -0.11009976 0.28604159 0.00427091
v -0.07886107 0.30431193 -0.01197048
v -0.07951454 0.29833087 0.00552659
v -0.05197008 0.31303123 -0.01379020
v -0.05079293 0.30557126 0.00469163
v -0.08586483 0.28396931 0.02000161
v -0.04338026 0.29678854 0.01713098
v -0.05347143 0.28826728 0.02489272
v -0.11049387 0.27083632 0.01795890
v -0.12551519 0.26964712 0.00747834
v -0.13029842 0.26987112 -0.00606093
v -0.12682122 0.25244281 0.01771798
v -0.11024587 0.25733513 0.02420133
v -0.09327999 0.25222644 0.03538943
v -0.13610743 0.25168347 0.00441536
v -0.03423601 0.31070536 0.02232731
v -0.04455534 0.31822705 0.00508098
v -0.03216569 0.31572306 0.01803665
v -0.03749276 0.32046768 0.00847457
v -0.04029906 0.32373559 -0.00623403
v -0.02305558 0.30975181 0.02527105
v -0.02225663 0.30477253 0.03067803
v -0.04221145 0.32229856 -0.01474426
v -0.03616123 0.32681897 -0.01781050
v -0.14208253 0.23477444 0.00468740
v -0.13788645 0.22252499 0.01722125
v -0.03276792 0.29055852 0.02738219
v -0.07578240 0.30145872 -0.03387143
v -0.04690989 0.31143966 -0.03254737
v -0.04112102 0.31635642 -0.02555761
v -0.10044869 0.29051647 -0.03369890
v -0.02690343 0.32843405 -0.02672797
v 0.00388391 -0.03964388 0.09563076
v -0.00064342 -0.04958849 0.09440502
v 0.03783341 -0.06140537 0.08975852
v 0.03020896 -0.07983328 0.08727277
v 0.02982464 -0.04010088 0.09168542
v 0.04137755 -0.04040825 0.09071703
v 0.04706773 -0.04070707 0.08932734
v 0.05272868 -0.06294997 0.08874249
v 0.05788434 -0.09650005 0.08793310
v -0.01663854 -0.03944183 0.09382337
v -0.02108077 -0.05810189 0.09094293
v 0.02679675 -0.09501199 0.08340564
v 0.06041654 -0.11350716 0.08631147
v 0.01186905 -0.07676871 0.08558989
v -0.00282328 -0.06005588 0.09083614
v -0.02465591 -0.07675608 0.08756460
v -0.05521973 -0.07852951 0.08624949
v -0.04895070 -0.09095531 0.08553255
v -0.06679614 -0.10927753 0.08545253
v -0.03180059 -0.09753764 0.08225102
v -0.05213366 -0.12125290 0.08004041
v -0.04655019 -0.05917762 0.08736441
v -0.03728892 -0.03971648 0.08946235
v 0.04901700 -0.12468454 0.08090611
v -0.06979586 -0.14371735 0.08069061
v -0.06649098 -0.07058399 0.08343715
v 0.06442047 -0.13957869 0.08247700
v -0.05135379 -0.03939784 0.08593623
v -0.05900266 -0.03966420 0.08333152
v -0.05588204 -0.15986730 0.07285073
v 0.04189559 -0.17482936 0.06418385
v 0.03344786 -0.13603865 0.07106600
v -0.07093351 -0.18841986 0.07413904
v -0.03286111 -0.13208774 0.06956216
v -0.05630159 -0.18963565 0.06632497
v 0.06821245 -0.16793725 0.07783864
v 0.07161899 -0.20466304 0.07248214
v -0.01272493 -0.07992117 0.08174593
v -0.00102035 -0.07865912 0.08029322
v 0.05948083 -0.22897084 0.06166475
v 0.07369228 -0.23499732 0.06657571
v 0.05436114 -0.04060204 0.08651249
v -0.07811125 -0.09645126 0.07938186
v 0.05700748 -0.25625953 0.05014709
v 0.07820807 -0.26614547 0.05552672
v 0.05576294 -0.28226414 0.04051344
v 0.08323548 -0.30002919 0.04438257
v 0.04997104 -0.33087173 0.02519393
v 0.08548544 -0.32220551 0.04027774
v 0.05418388 -0.35945240 0.02162614
v 0.07462421 -0.36566570 0.02863147
v 0.06010302 -0.39127702 0.02002133
v 0.07142001 -0.40916577 0.02315577
v 0.09168888 -0.38359994 0.03400235
v 0.09268912 -0.39672568 0.03275727
v 0.09048100 -0.41781625 0.02234508
v 0.07142283 -0.42115355 0.01751870
v 0.07184521 -0.44219735 0.01848001
v 0.06177363 -0.41582516 0.01660562
v 0.08880120 -0.36143816 0.03574749
v 0.04699124 -0.30925277 0.02943254
v 0.04348137 -0.27041218 0.03808361
v 0.08128622 -0.44346786 0.02176518
v 0.09208202 -0.44333977 0.02268985
v 0.07051037 -0.45379487 0.01441225
v 0.00639596 -0.09901737 0.06747279
v -0.07202542 -0.23035122 0.06746122
v 0.03906406 -0.23583454 0.04591078
v -0.07794505 -0.12758738 0.07743253
v 0.01822902 -0.09251139 0.07934137
v 0.06313355 -0.42481369 0.01105236
v -0.05055144 -0.22829309 0.05393163
v -0.03637320 -0.16827342 0.05949370
v -0.06293552 -0.25090018 0.05504817
v -0.07491260 -0.24308640 0.06367925
v -0.08143359 -0.26878479 0.05474808
v -0.06283290 -0.28757700 0.04190617
v -0.08682568 -0.29873267 0.04444044
v -0.06212685 -0.31210306 0.03534908
v -0.08746912 -0.31572494 0.04020500
v -0.08781898 -0.32835990 0.03901377
v -0.08097917 -0.37095147 0.03027904
v -0.05244190 -0.34537438 0.02570541
v -0.07273695 -0.40920582 0.02495528
v -0.05867094 -0.39995980 0.02247097
v -0.09241729 -0.40052238 0.02930347
v -0.08865339 -0.41505128 0.02325022
v -0.07376336 -0.42377672 0.02057471
v -0.08936019 -0.42635623 0.02224372
v -0.05978540 -0.41710797 0.02079421
v -0.09382537 -0.38053092 0.03228305
v -0.06149579 -0.42748913 0.01663145
v -0.09006209 -0.35224098 0.03642221
v -0.07796773 -0.44301772 0.02271149
v -0.08899438 -0.44257042 0.02128630
v -0.06857688 -0.45094940 0.02105085
v -0.04680692 -0.30335787 0.03142602
v -0.04836708 -0.26108998 0.04323140
v -0.09860495 -0.42317584 0.01739969
v -0.08999628 -0.43346137 0.02089443
v -0.04178463 -0.26238883 0.03896374
v -0.03609738 -0.23098752 0.04113738
v -0.10013580 -0.44339657 0.01487284
v 0.04114016 -0.18519650 0.06056748
v -0.01045844 -0.09604783 0.06953606
v -0.00193703 -0.08573576 0.07155725
v -0.01917379 -0.11078139 0.06651040
v 0.01503867 -0.11562670 0.06342376
v -0.03189206 -0.18954511 0.05007593
v -0.08654215 -0.17158456 0.06450229
v -0.06582674 -0.03899888 0.07876506
v -0.10681107 -0.42435041 0.00825907
v -0.08322364 -0.10041047 0.07492837
v -0.08355782 -0.05971646 0.06823049
v -0.09981394 -0.40229988 0.02099256
v -0.10410852 -0.41288832 0.00941445
v -0.08252357 -0.03707375 0.06343674
v -0.07063909 -0.03713826 0.07464506
v -0.10196273 -0.14002784 0.05125993
v -0.08991061 -0.23827414 0.04989446
v -0.10132853 -0.18341829 0.04656770
v -0.10054041 -0.21780351 0.04170570
v -0.10211118 -0.26249632 0.03076093
v -0.09912807 -0.30575237 0.02765611
v -0.10001223 -0.09308191 0.05483273
v -0.09221386 -0.03875519 0.05348569
v -0.09524954 -0.04024610 0.05005240
v -0.08977086 -0.03661823 0.05746356
v 0.11215010 0.28469616 -0.00306074
v 0.07472491 0.29921240 -0.03077082
v 0.08047345 0.29914710 -0.00902363
v 0.11036029 0.28103077 -0.02961445
v 0.04947329 0.31219968 -0.01185409
v 0.04218292 0.31483853 -0.02446866
v 0.03373973 0.31531802 -0.03115513
v 0.07613546 0.29200333 -0.04200875
v 0.10638928 0.27309933 -0.04352365
v 0.04014458 0.32248369 -0.01456466
v 0.02947704 0.33007008 -0.02217381
v 0.03612916 0.32474956 -0.01083256
v 0.02172074 0.33058089 -0.02844733
v 0.03482997 0.30465087 -0.04348067
v 0.05064919 0.29626742 -0.04806107
v 0.01759355 0.31598872 -0.03791870
v 0.01240558 0.33103085 -0.03230713
v 0.07982340 0.27940568 -0.05234220
v 0.12356768 0.25889865 -0.02907040
v 0.10548521 0.26459712 -0.04926411
v 0.02164646 0.29968286 -0.04958349
v -0.00071594 0.31748033 -0.03910182
v 0.00152721 0.29818189 -0.05152914
v -0.02691210 0.29806000 -0.05057457
v -0.01609256 0.31669867 -0.03744011
v -0.05050257 0.29550654 -0.04974720
v -0.01971228 0.33035114 -0.02990220
v -0.00028289 0.33104831 -0.03410565
v -0.03172313 0.31355563 -0.03528527
v -0.02690343 0.32843405 -0.02672797
v -0.04690989 0.31143966 -0.03254737
v -0.07779355 0.28838769 -0.04797443
v -0.07578240 0.30145872 -0.03387143
v -0.01565467 0.34930566 -0.02883618
v -0.00167868 0.36401075 -0.03116234
v -0.01635938 0.36643076 -0.03013609
v -0.02657260 0.35852513 -0.02248889
v -0.03393089 0.34207618 -0.01414837
v -0.03566248 0.35870123 -0.01237581
v -0.10275670 0.27825835 -0.04541689
v -0.10044869 0.29051647 -0.03369890
v -0.11693653 0.27943563 -0.03439254
v -0.12639807 0.25354126 -0.04802593
v -0.04112102 0.31635642 -0.02555761
v -0.02529250 0.37596488 -0.02942181
v -0.01290066 0.37849569 -0.03521881
v 0.12327278 0.22736993 -0.04337351
v 0.13300857 0.23062228 -0.03075163
v 0.14138263 0.20024016 -0.03135307
v 0.12882036 0.19515617 -0.04597749
v 0.14565036 0.15817308 -0.04085873
v 0.15029329 0.17245181 -0.03117426
v 0.15367801 0.15996946 -0.03019264
v 0.15776674 0.16013120 -0.01463088
v 0.15266547 0.17997648 -0.01239409
v 0.13181765 0.24889088 -0.00967018
v 0.14209636 0.21028545 -0.01273645
v -0.02297897 0.04575632 -0.05228417
v -0.00587047 0.01733026 -0.05404655
v -0.03201278 -0.02834244 -0.05476217
v -0.00655125 -0.03028862 -0.05562459
v -0.02763534 0.09565347 -0.05079540
v -0.00038021 0.10466029 -0.05207669
v -0.02289110 0.13113308 -0.05221265
v 0.00688528 0.13377571 -0.05299812
v 0.02447499 0.05727634 -0.05063443
v 0.02667857 0.10566311 -0.05033497
v 0.02954883 0.13535790 -0.05144067
v 0.04311787 0.03575227 -0.04791132
v 0.00839922 0.01463611 -0.05191673
v 0.01332948 -0.02622494 -0.05212114
v -0.02850653 0.16630287 -0.05553176
v -0.00034596 0.16554172 -0.05610653
v 0.03485896 0.16355588 -0.05439484
v 0.04620476 0.18083586 -0.05688294
v 0.03605738 0.21151030 -0.06286424
v -0.02140335 0.21442963 -0.06300431
v -0.03371987 0.19224386 -0.05982589
v 0.02947506 0.23128746 -0.06455805
v 0.05159201 0.21416093 -0.06302085
v 0.05603642 0.24999043 -0.06578006
v -0.01411292 0.25007299 -0.06348395
v -0.05604877 0.23181981 -0.06502659
v -0.05676748 0.25038153 -0.06548309
v -0.05972887 0.20594263 -0.06224500
v -0.07604333 0.22874710 -0.06366928
v -0.07953987 0.24927586 -0.06428128
v 0.08170071 0.22742876 -0.05993237
v 0.07913324 0.25174585 -0.06350922
v -0.05223311 0.14238049 -0.04980887
v -0.03603703 0.10409492 -0.04924495
v -0.02978620 0.06110179 -0.05077356
v -0.04763079 0.02366784 -0.04818726
v 0.03571678 0.01850399 -0.04691009
v 0.05760343 0.01892793 -0.04578219
v 0.03393526 0.00376152 -0.04673328
v 0.07139263 0.19478387 -0.05539156
v 0.03630118 -0.02818391 -0.04664872
v 0.05885049 -0.02232339 -0.04434072
v 0.04538249 0.01718866 -0.04595113
v 0.06338509 -0.03576997 -0.04282430
v -0.02820761 -0.04483459 -0.05791604
v -0.00469936 -0.04371229 -0.05796621
v 0.06032405 0.12363768 -0.04240651
v 0.05832774 0.08386652 -0.04155556
v 0.05669398 0.05075205 -0.04345901
v 0.06630749 0.16115479 -0.04814544
v 0.01317394 -0.04857486 -0.05579229
v 0.03977840 0.01499630 -0.04554884
v 0.00230339 0.27134180 -0.05962226
v -0.02884435 0.27341065 -0.05870821
v 0.01837364 -0.04433295 -0.05353921
v 0.03415347 -0.04828577 -0.05110670
v 0.05871349 -0.05134662 -0.04817978
v 0.04220713 -0.05598725 -0.04838472
v 0.02560163 -0.05742930 -0.04859249
v 0.05625659 -0.08636804 -0.04133628
v 0.06188393 -0.05918306 -0.04468822
v 0.05869412 -0.11000790 -0.03531113
v 0.03648807 -0.10859739 -0.03530760
v 0.03978999 -0.13084182 -0.03224555
v 0.06331226 -0.17797823 -0.03335719
v 0.03739229 -0.17922662 -0.02760752
v 0.03178822 -0.12703916 -0.03097700
v 0.06494547 -0.20739689 -0.03320761
v 0.08841357 -0.21324094 -0.02594245
v -0.05037391 0.10606686 -0.04611956
v -0.05560948 0.06309598 -0.04257022
v -0.03323843 -0.01728997 -0.05365073
v -0.05813723 -0.04181676 -0.05207324
v -0.04160456 -0.04450193 -0.05477278
v -0.06815163 -0.04142007 -0.04925701
v -0.05835941 0.01593316 -0.04609407
v 0.03425959 -0.20495215 -0.02548932
v -0.08935263 0.21393302 -0.05751867
v -0.05586535 0.26735359 -0.06110092
v 0.05018331 0.27795398 -0.05790598
v 0.07972138 0.26211122 -0.06033426
v -0.07912017 0.26515907 -0.05971991
v 0.06528498 -0.22855969 -0.03632128
v 0.03952523 -0.24532005 -0.03259214
v 0.06964335 -0.04927425 -0.04481345
v 0.06934279 -0.03092995 -0.04041717
v 0.07004697 -0.05436788 -0.04419441
v -0.09554175 0.23419085 -0.05814618
v -0.08223235 0.18494199 -0.05065629
v 0.06798997 -0.27614146 -0.04568239
v 0.05153760 -0.25487021 -0.03835250
v 0.05599526 -0.29103187 -0.04529132
v 0.07000592 -0.31110314 -0.04986118
v 0.05719964 -0.32790512 -0.04813226
v 0.07204340 -0.33223435 -0.05098562
v 0.06444751 -0.39369318 -0.04915012
v 0.07648642 -0.37199563 -0.05075638
v 0.08261790 -0.39849010 -0.04828786
v 0.06625516 -0.41043198 -0.04401530
v 0.08573546 -0.40958840 -0.04537226
v 0.07917845 -0.42677325 -0.04452508
v 0.06852330 -0.43006653 -0.04141184
v 0.07907401 -0.45550802 -0.04372626
v 0.09329471 -0.44501576 -0.04140994
v 0.08991593 -0.42970955 -0.04328635
v 0.09206053 -0.45673785 -0.04004075
v 0.09380363 -0.42004547 -0.04050399
v 0.09155161 -0.48583341 -0.04546997
v 0.07811522 -0.48569593 -0.04765711
v 0.09051990 -0.50000966 -0.04804379
v 0.07607285 -0.49998984 -0.04970297
v 0.05107245 -0.30060866 -0.04433569
v 0.08943207 -0.28514680 -0.03926433
v 0.09125879 -0.25035608 -0.03209819
v 0.09524576 -0.33388606 -0.04165990
v 0.09469384 -0.38328600 -0.04323683
v 0.08310443 -0.16636471 -0.02439190
v 0.09981769 -0.40830913 -0.03937536
v 0.07277388 -0.01934374 -0.03567164
v 0.09618390 0.25962427 -0.05576051
v -0.10653102 0.25613415 -0.05375095
v -0.10058061 0.26633173 -0.05265284
v 0.10427459 0.23740627 -0.05009268
v 0.10277863 -0.42666680 -0.03684818
v 0.02357455 -0.10803203 -0.02984978
v 0.06693572 -0.01893314 -0.04009332
v 0.06453563 0.02351111 -0.04023589
v 0.06512135 -0.09224935 -0.03569590
v -0.10394365 0.23893787 -0.05434247
v -0.11547772 0.22488628 -0.05658558
v -0.11504128 0.24892117 -0.05362125
v -0.10302069 0.22347376 -0.05250292
v -0.09733929 0.21906053 -0.05206370
v -0.10452653 0.19336478 -0.04940591
v -0.12184659 0.18632795 -0.05486102
v -0.12648292 0.15990265 -0.05376779
v -0.14608072 0.15117034 -0.04860996
v -0.12968421 0.14478444 -0.05108865
v -0.11974754 0.13955475 -0.04728855
v -0.13627194 0.19101651 -0.05015663
v -0.11140583 0.15980130 -0.04796388
v -0.13357361 0.23406039 -0.04930773
v -0.12904419 0.13744922 -0.04782903
v -0.09746410 0.21261935 -0.04834398
v 0.02152053 -0.09028886 -0.03565596
v 0.01393709 -0.06794575 -0.04256903
v -0.00170023 -0.06372692 -0.04117608
v 0.06755212 -0.48602822 -0.04264605
v -0.00589475 -0.05120945 -0.04751951
v -0.01618533 -0.07375523 -0.03927387
v 0.09990132 0.22042692 -0.04860699
v 0.10995807 0.21805802 -0.04900913
v 0.10977022 0.19831900 -0.04975668
v 0.13447854 0.17006662 -0.04751680
v 0.12001447 0.16288674 -0.05162594
v 0.13300675 0.15319370 -0.04851358
v 0.11639801 0.14748736 -0.04904294
v 0.10396770 0.16232276 -0.04717662
v 0.09645576 0.21140297 -0.04612346
v 0.09723320 0.17846636 -0.04414447
v 0.06107298 -0.42718187 -0.03769096
v 0.06189447 -0.44805822 -0.03569134
v -0.14588326 0.14696677 -0.04617025
v -0.13747232 0.12111880 -0.04442541
v -0.13010228 0.11584654 -0.04060993
v -0.14010093 0.07750961 -0.03470425
v -0.14835428 0.09431078 -0.04160543
v -0.15238886 0.13193594 -0.04007986
v -0.16277517 0.09802471 -0.03710182
v -0.15507187 0.07257016 -0.03732394
v -0.15914194 0.04888039 -0.02796513
v -0.14690433 0.04071921 -0.01985825
v 0.02495978 -0.15643731 -0.02172871
v -0.16338940 0.02325172 -0.01529661
v -0.16846913 0.01380886 -0.01005061
v -0.16184461 -0.00041599 -0.00147786
v -0.17042077 -0.01501737 0.00306253
v -0.17530605 0.04134919 -0.01721024
v 0.06580496 -0.45674992 -0.03575080
v -0.16166627 -0.02608642 0.01147741
v 0.03165677 -0.18807440 -0.02323253
v 0.00920455 -0.07902636 -0.03459295
v 0.12413110 0.14448662 -0.04545637
v -0.00201678 -0.07041090 -0.03687733
v 0.05230151 -0.38704365 -0.04100888
v 0.12881407 0.14643171 -0.04541507
v 0.13095063 0.12778947 -0.04243644
v 0.11832131 0.12399794 -0.03754939
v 0.13835327 0.09101392 -0.03814455
v 0.12227323 0.09197147 -0.03289608
v 0.14337705 0.13472480 -0.03852016
v 0.15335856 0.09015436 -0.03222913
v 0.11108781 0.14293523 -0.03984006
v 0.12938362 0.06640826 -0.02592611
v 0.12451526 0.07580552 -0.02792389
v 0.14416355 0.06330263 -0.02789889
v 0.14370094 0.15277334 -0.03857247
v 0.14119264 0.03153551 -0.00932062
v 0.14889529 0.02589683 -0.00669198
v 0.14253026 0.02292280 -0.00648686
v -0.17056835 -0.03893445 0.00998374
v -0.16192494 -0.03818350 0.01484125
v -0.15459509 -0.00573013 0.00814123
v -0.16506007 -0.06544692 0.00967160
v -0.17105269 -0.06599118 0.00840946
v -0.16781759 -0.10017055 0.00921077
v -0.16405362 -0.08263352 0.01051063
v -0.16136681 -0.09586332 0.01084875
v -0.15444210 -0.10899550 0.00933963
v -0.15527624 -0.11873231 0.00972154
v -0.15059054 -0.11919590 0.01064108
v 0.04433452 -0.33237746 -0.03839156
v 0.05655750 -0.41018853 -0.03679346
v 0.15774380 0.04124343 -0.01061194
v 0.15825483 0.02241701 -0.00234301
v 0.15367261 -0.00174052 0.00448257
v 0.14155748 0.01962207 -0.00381067
v 0.14693925 -0.00309405 0.00308327
v 0.16303067 0.07466535 -0.02026939
v -0.09534238 0.19911774 -0.03952618
v -0.11962502 0.13550505 -0.04150200
v -0.11328715 0.13585018 -0.04197860
v -0.13744496 0.06840258 -0.02868873
v -0.00903859 -0.09364453 -0.02316244
v 0.07328008 -0.06183820 -0.03631036
v 0.09780774 -0.29130605 -0.03428553
v 0.08562174 0.19230203 -0.04515009
v 0.07048874 0.06803261 -0.03148213
v 0.09789170 -0.45840955 -0.03534895
v 0.06895246 -0.12512350 -0.02953097
v 0.07536948 -0.10482425 -0.02349146
v 0.07849829 -0.10484567 -0.02066501
v -0.04019814 -0.04580756 -0.05611717
v 0.10677408 -0.43428969 -0.02985700
v 0.07542428 -0.01237164 -0.03165852
v 0.10271985 -0.41836163 -0.03345425
v 0.10872557 -0.41143036 -0.03053586
v 0.15727569 0.11517327 -0.02775320
v 0.07295423 0.12746733 -0.03177825
v 0.09816684 -0.49101377 -0.04049490
v -0.02662365 -0.09570557 -0.03481583
v -0.02235367 -0.11586329 -0.02403418
v -0.03158795 -0.10974548 -0.03345246
v -0.03665159 -0.14132996 -0.03062696
v -0.01741119 -0.13972276 -0.01395855
v -0.02063570 -0.17877269 -0.01354593
v -0.03756933 -0.16900332 -0.02803996
v -0.01421112 -0.12604730 -0.01240186
v -0.03834299 -0.19813104 -0.02741977
v -0.02382307 -0.21141581 -0.01591186
v -0.04329010 -0.22762422 -0.03317558
v -0.02878805 -0.24391837 -0.02322690
v -0.04579846 -0.25855252 -0.03887425
v -0.05118353 -0.29381910 -0.04577523
v 0.16528106 0.02115256 0.00400225
v 0.16253707 -0.00200678 0.00964129
v 0.16430350 0.03415265 -0.00196009
v 0.08306137 -0.07430822 -0.02097015
v 0.07848028 0.14779618 -0.03139539
v 0.16200589 0.09898356 -0.02383515
v 0.07827531 -0.06922112 -0.02785688
v -0.01158358 -0.10324472 -0.01951947
v 0.06228637 -0.50005680 -0.03495464
v -0.03172505 -0.26547009 -0.02626283
v -0.03521442 -0.28986832 -0.03041932
v -0.05400889 -0.34794939 -0.04689172
v 0.08180054 0.16538443 -0.03506578
v -0.10511060 0.13692270 -0.03424613
v -0.09907979 0.16122720 -0.03257807
v -0.11167968 0.13258322 -0.03320196
v -0.09927533 0.13597450 -0.02004621
v -0.04432010 -0.04477713 -0.05229129
v -0.09409835 0.18356684 -0.02976085
v -0.09361392 0.17013602 -0.02125053
v 0.12886342 -0.09467131 -0.05450480
v 0.11069588 -0.09922405 -0.04809377
v 0.09461743 -0.09596791 -0.08155514
v 0.12208876 -0.09320444 -0.07045915
v 0.11470769 -0.09094042 -0.08448303
v 0.13140975 -0.09567666 -0.03122297
v 0.10859553 -0.09970784 -0.02574828
v 0.07874067 -0.09980188 -0.04792801
v 0.07514513 -0.09760966 -0.06875576
v 0.08843427 -0.10040048 -0.02655596
v 0.08238611 -0.10001759 -0.03489843
v 0.07164215 -0.09564751 -0.08135296
v 0.10411221 -0.08710642 -0.10062890
v 0.07301035 -0.08702888 -0.09881797
v 0.07618382 -0.07725134 -0.10807969
v 0.14139917 -0.08535561 -0.02929937
v 0.12660742 -0.08729973 -0.01808502
v 0.11012369 -0.09183919 -0.01900682
v 0.08981316 0.00862912 -0.03040519
v 0.08387731 0.01328972 -0.05721889
v 0.07911128 -0.00016444 -0.04511243
v 0.07681191 0.01821191 -0.08831477
v 0.06708454 -0.01166362 -0.06791955
v 0.07277388 -0.01934374 -0.03567164
v 0.07360570 0.01740417 -0.10058013
v 0.06725185 -0.00078122 -0.09677385
v 0.08691438 0.00203547 -0.02060117
v 0.08244313 -0.00339304 -0.02209232
v 0.07542428 -0.01237164 -0.03165852
v 0.06113150 -0.03864747 -0.06851213
v 0.06934279 -0.03092995 -0.04041717
v 0.06329549 -0.01992821 -0.09594335
v 0.06072446 -0.04341968 -0.09608775
v 0.08667770 -0.00751365 -0.01190389
v 0.07905086 0.02037904 -0.09012298
v 0.07530130 0.02527860 -0.10089207
v 0.07816121 0.01555303 -0.11565053
v 0.07936360 0.02471587 -0.11324155
v 0.07651539 0.01172998 -0.11158337
v 0.07648617 0.00546593 -0.11302479
v 0.08184560 0.02863576 -0.09906119
v 0.10307415 0.00480550 -0.01209867
v 0.10176764 -0.00520927 -0.00590187
v 0.08998170 -0.01493258 -0.00709114
v 0.09862804 0.02008794 -0.07323039
v 0.09335557 0.02311069 -0.09167057
v 0.09036319 0.02617849 -0.09379825
v 0.11343375 0.01037869 -0.02338691
v 0.11097812 0.01617257 -0.04980930
v 0.11752953 0.01348386 -0.03289040
v 0.12587371 0.01123535 -0.01872478
v 0.09391893 0.02736094 -0.09821332
v 0.09033503 0.02554365 -0.11231966
v 0.06475721 -0.05437465 -0.06308138
v 0.06482750 -0.06808992 -0.07499108
v 0.07260477 -0.06842334 -0.04856515
v 0.06964335 -0.04927425 -0.04481345
v 0.07027098 -0.07646950 -0.06868673
v 0.07164215 -0.09564751 -0.08135296
v 0.06291554 -0.05930374 -0.09779567
v 0.06788265 -0.08091974 -0.09508916
v 0.07883944 -0.08156156 -0.05761478
v 0.07881194 -0.09001170 -0.06124831
v 0.08226091 -0.09061965 -0.04448910
v 0.07969390 -0.07976416 -0.03950353
v 0.08484521 -0.09005388 -0.03112089
v 0.08306137 -0.07430822 -0.02097015
v 0.07827531 -0.06922112 -0.02785688
v 0.07328008 -0.06183820 -0.03631036
v 0.07004697 -0.05436788 -0.04419441
v 0.08779564 -0.08588967 -0.02269672
v 0.08843427 -0.10040048 -0.02655596
v 0.07514513 -0.09760966 -0.06875576
v 0.08238611 -0.10001759 -0.03489843
v 0.07874067 -0.09980188 -0.04792801
v 0.07301035 -0.08702888 -0.09881797
v 0.08755467 -0.06789782 -0.01518733
v 0.07538228 -0.06167181 -0.11431286
v 0.07618382 -0.07725134 -0.10807969
v 0.07476280 -0.03773322 -0.11516677
v 0.12659523 0.01842831 0.02353960
v 0.12384494 0.02286764 0.03708992
v 0.12983811 0.00424854 0.02328305
v 0.13234206 -0.01347913 0.02373977
v 0.13116801 -0.00577623 0.02057933
v 0.11767071 0.01979746 0.05307156
v 0.11398257 0.03884543 0.05440323
v 0.12164319 0.03826162 0.03731480
v 0.11829277 -0.02224586 0.05354283
v 0.13180493 -0.03331001 0.02756609
v 0.12443599 -0.05120150 0.04182057
v 0.13297530 -0.02578375 0.02244384
v 0.11014848 0.00703210 0.06416386
v 0.11066823 0.05161259 0.05289675
v 0.12814415 -0.04813741 0.03637673
v 0.11554983 -0.06004068 0.05178105
v 0.10637058 0.02419567 0.06540810
v 0.11255732 -0.02608551 0.05980789
v 0.11103891 -0.04510211 0.05825547
v 0.12305972 -0.06132226 0.03994104
v 0.10592702 0.05382572 0.05737518
v 0.11696571 -0.06837557 0.04482260
v 0.10274550 0.03597848 0.06482036
v 0.13451205 -0.00725457 0.01860533
v 0.13464129 -0.01139812 0.01287769
v 0.12276012 0.02902716 0.03180091
v 0.12418914 0.03297229 0.02057209
v 0.12406078 0.02138598 0.03026041
v 0.12022619 0.04390730 0.02724487
v 0.12361808 0.03680186 0.01632931
v 0.12825711 -0.04798167 0.02999594
v 0.12779246 -0.05864162 0.03813200
v 0.10957050 0.05611627 0.04351430
v 0.13351688 -0.00535646 0.01171033
v 0.13008057 0.00022689 0.02022703
v 0.10105599 -0.07942723 0.04915695
v 0.11118620 -0.07486651 0.04331361
v 0.09646085 -0.08442000 0.04776787
v 0.11085514 0.05367551 0.02773202
v 0.12969825 -0.03595362 0.02510915
v 0.11739486 0.04451852 0.01767101
v -0.16520338 0.00267678 0.03912334
v -0.17499258 -0.01112729 0.03818704
v -0.16405769 -0.01948760 0.04410330
v -0.16975130 -0.03660959 0.04679269
v -0.17554121 0.02462693 0.02909776
v -0.16276900 0.05199866 0.02831548
v -0.17116712 0.07011093 0.01955532
v -0.16081114 0.09158527 0.01705436
v -0.17056294 0.09425031 0.01029998
v -0.17537062 0.06935194 0.01686869
v -0.15706059 0.12239659 0.00212219
v -0.14934184 0.11943233 0.00509098
v -0.15976137 -0.03097176 0.04606437
v -0.15531479 -0.04601505 0.05513916
v -0.15783684 -0.06022944 0.05902713
v -0.14955173 -0.05960628 0.06206650
v -0.16500747 -0.06649965 0.05798541
v -0.16971855 -0.08515820 0.06077040
v -0.14943810 -0.07135808 0.06227989
v -0.15549433 0.13647608 0.00281188
v -0.16146833 -0.08897770 0.06101337
v -0.16908763 -0.10151234 0.06334928
v -0.16299598 -0.11106714 0.06523585
v -0.14091152 -0.07130297 0.06235342
v -0.14245732 -0.08874504 0.06484641
v -0.17540617 -0.04222723 0.04355847
v -0.15039338 0.15299302 0.00781705
v -0.14295757 0.14915401 0.01191414
v -0.13937925 0.11885894 0.00803220
v -0.14400163 0.10554285 0.00798836
v -0.14774476 0.07290923 0.01803162
v -0.12872568 0.14114529 0.01433074
v -0.14145546 -0.05616267 0.05760754
v -0.14343849 -0.04789948 0.05252983
v -0.15237005 0.04434591 0.02642957
v -0.15548655 0.00854964 0.03379903
v -0.15797262 -0.07023320 0.05619913
v -0.15352026 -0.06957661 0.05636659
v -0.13476317 -0.09081144 0.06197327
v -0.16448914 -0.11815183 0.06254008
v -0.15614201 -0.12408566 0.06395990
v -0.15714979 -0.10748652 0.06200114
v -0.14604722 -0.09582022 0.06070896
v -0.14027193 -0.09933957 0.06170075
v -0.12287632 0.13711990 0.01247032
v -0.12324426 0.11051962 0.00309615
v -0.13212343 0.09254973 0.00155847
v -0.15292725 -0.03144586 0.03904819
v -0.13735698 0.08493786 0.00594603
v -0.13846394 0.05982745 0.00934712
v -0.13557452 0.14667358 0.01392851
v -0.11825199 0.12062405 0.00407498
v -0.11274244 0.13502510 0.00767544
v -0.15969671 -0.12873685 0.05990537
v -0.17402133 -0.07966492 0.05450940
v -0.14996204 -0.13445604 0.06079687
v -0.14769578 -0.12699957 0.06032415
v -0.15297583 -0.11680064 0.05768579
v 0.16874683 0.01840372 0.01980587
v 0.16222581 0.03081682 0.03137807
v 0.16872855 -0.00165418 0.02472790
v 0.17039189 0.04346744 0.01215404
v 0.16381617 0.06394941 0.02291427
v 0.16148959 -0.00177304 0.03778836
v 0.16995950 0.08699761 -0.00233800
v 0.16370697 0.09032893 0.01200153
v 0.16565648 0.10771596 -0.00802742
v 0.15520768 0.12082567 0.00387043
v 0.15961769 0.09724020 0.01460971
v 0.15909365 0.12648192 -0.01315134
v 0.15146518 0.13076174 0.00247130
v 0.15435101 0.14657412 -0.01419360
v 0.14732312 0.14610824 0.00467086
v 0.15373857 0.15833201 -0.01446616
v 0.15023838 0.15789706 -0.00100844
v 0.14583856 0.15501195 0.00684534
v 0.15213177 0.13794790 -0.02901345
v 0.15727569 0.11517327 -0.02775320
v 0.15027755 0.15799922 -0.02543297
v 0.16718948 0.07082320 -0.01057647
v 0.16528106 0.02115256 0.00400225
v 0.16200589 0.09898356 -0.02383515
v 0.14798513 0.15547776 -0.03283116
v 0.16303067 0.07466535 -0.02026939
v 0.16253707 -0.00200678 0.00964129
v 0.16430350 0.03415265 -0.00196009
v 0.14370094 0.15277334 -0.03857247
v 0.14337705 0.13472480 -0.03852016
v 0.16900459 -0.00368987 0.03354890
v 0.16374701 -0.00370003 0.04288146
v -0.15702364 0.19434904 -0.01335133
v -0.15306793 0.19095673 -0.03139376
v -0.16734412 0.15885827 -0.01449640
v -0.15680341 0.17087795 -0.03522933
v -0.14096323 0.23831940 -0.03336852
v -0.14595042 0.23522927 -0.01325898
v -0.13239288 0.26862824 -0.01829467
v -0.12908979 0.26569796 -0.03361328
v -0.15861169 0.15593202 -0.03700307
v -0.13357361 0.23406039 -0.04930773
v -0.12639807 0.25354126 -0.04802593
v -0.14525954 0.19048093 -0.04433947
v -0.11693653 0.27943563 -0.03439254
v -0.11605960 0.28669831 -0.01771800
v -0.13610743 0.25168347 0.00441536
v -0.13029842 0.26987112 -0.00606093
v -0.16480716 0.15754221 0.00333153
v -0.14208253 0.23477444 0.00468740
v -0.15373047 0.18993786 0.00545949
v -0.12551519 0.26964712 0.00747834
v -0.15880884 0.15458322 0.01569860
v -0.14843218 0.18854830 0.01537828
v -0.13788645 0.22252499 0.01722125
v -0.10077994 0.29618371 -0.01784816
v -0.10044869 0.29051647 -0.03369890
v -0.18118481 -0.03510135 0.01570192
v -0.18010634 -0.07318625 0.01615961
v -0.18319763 -0.03384010 0.02452813
v -0.18153672 -0.07559834 0.02914998
v -0.18389641 -0.00528648 0.01416385
v -0.17681545 -0.08583042 0.01656215
v -0.17780429 -0.09145480 0.02769663
v -0.18020807 -0.00120609 0.00297810
v -0.18054958 0.02333517 -0.00470385
v -0.18450135 0.01893811 0.01033900
v -0.18370317 0.05719407 -0.00111668
v -0.18066174 0.07346882 -0.01268213
v -0.17691362 -0.07801918 0.01073106
v -0.17216823 -0.09574600 0.01083896
v -0.17530605 0.04134919 -0.01721024
v -0.17118926 0.07267357 -0.02903285
v -0.17089368 0.09482238 -0.02698802
v -0.17683901 -0.04142804 0.01206553
v -0.17557780 0.09754153 -0.01729249
v -0.16217838 0.12752266 -0.02886637
v -0.16277517 0.09802471 -0.03710182
v -0.17597011 -0.02284474 0.00795268
v -0.15238886 0.13193594 -0.04007986
v -0.14588326 0.14696677 -0.04617025
v -0.15469871 0.15061636 -0.03617774
v -0.15750386 0.15437962 -0.02900641
v -0.16578043 0.12689497 -0.01817108
v -0.16039902 0.15534875 -0.01618442
v -0.17775157 0.09187404 -0.00067515
v -0.14608072 0.15117034 -0.04860996
v -0.17039366 -0.10125072 0.01794994
v -0.16640495 -0.10800558 0.01241130
v -0.16781759 -0.10017055 0.00921077
v -0.15527624 -0.11873231 0.00972154
v -0.15507187 0.07257016 -0.03732394
v -0.15914194 0.04888039 -0.02796513
v -0.13627194 0.19101651 -0.05015663
v -0.16846913 0.01380886 -0.01005061
v -0.17042077 -0.01501737 0.00306253
v -0.17105269 -0.06599118 0.00840946
v -0.17056835 -0.03893445 0.00998374
v -0.16396376 -0.11287855 0.01617635
v -0.03264192 0.37078211 0.06790514
v -0.04019082 0.38065997 0.05827713
v -0.03629080 0.36817047 0.06082785
v -0.04763249 0.35887721 0.03169581
v -0.04964409 0.37348446 0.03179347
v -0.04933282 0.40563348 0.03873188
v -0.04719258 0.41694191 0.04463048
v -0.05189929 0.39289740 0.02749781
v -0.05693598 0.41016790 0.02046137
v -0.05708878 0.41617274 0.02337467
v -0.05282400 0.41755742 0.03759575
v -0.03418750 0.40279639 0.06787422
v -0.04180777 0.42404935 0.05296206
v -0.05656140 0.42516711 0.03278120
v -0.03430514 0.39357617 0.06605839
v -0.03107214 0.42212889 0.06723596
v -0.02674957 0.37891006 0.07405111
v -0.02875362 0.34101072 0.05056338
v -0.02544622 0.34477502 0.05961599
v -0.01699449 0.32380527 0.05821372
v -0.00943975 0.31839916 0.06632300
v -0.05634857 0.42908487 0.04048663
v -0.04099603 0.34814388 0.03260439
v -0.05029421 0.38114250 0.01761950
v -0.05711378 0.39527011 0.00658769
v -0.05629601 0.38557589 0.00658779
v -0.02648280 0.33249247 0.04122953
v -0.00881298 0.32726300 0.07048354
v -0.01983569 0.34857509 0.06655121
v -0.02350582 0.36772776 0.07420589
v -0.04880413 0.36786351 0.02201541
v -0.05247610 0.38193902 0.01128015
v -0.06620355 0.40379456 0.00329067
v -0.06290343 0.41056892 0.01150839
v -0.00955830 0.31427157 0.05661284
v -0.00789925 0.34779683 0.07541040
v -0.05486782 0.42226878 0.04301138
v -0.05687931 0.44040400 0.04620878
v -0.01006731 0.35380214 0.07836012
v -0.01919805 0.35641789 0.07051100
v -0.03179649 0.43272296 0.06191156
v -0.02238655 0.41257510 0.07626443
v -0.02371361 0.40422067 0.07487653
v -0.02532961 0.38777328 0.07382279
v -0.02587995 0.40069246 0.07527480
v -0.01860477 0.39335802 0.07972036
v -0.06245193 0.38388446 0.00269931
v -0.06612983 0.39350513 -0.00105626
v -0.05984474 0.37576938 0.00167700
v -0.05525771 0.36881498 0.00849245
v -0.01656466 0.38504195 0.07777297
v -0.06222915 0.44034737 0.04299774
v -0.06044965 0.43440348 0.03919788
v -0.00828974 0.36476311 0.07682475
v -0.01609185 0.40240636 0.07863243
v 0.00199250 0.31992689 0.07218690
v -0.06312573 0.42314050 0.02663417
v -0.06305569 0.38717732 -0.00404932
v -0.01207872 0.37067828 0.07921384
v -0.00435264 0.36997485 0.08689175
v 0.00003937 0.36155292 0.08006752
v 0.00149652 0.36666518 0.08776739
v 0.00020593 0.37465823 0.08865312
v -0.00008294 0.38872552 0.08176000
v 0.00145769 0.33360487 0.07586949
v 0.00165254 0.31139076 0.06604060
v -0.02234403 0.43749651 0.06649686
v -0.02973634 0.43934223 0.06241884
v -0.02386014 0.43971398 0.06665351
v -0.02345230 0.44420183 0.07451788
v -0.02694380 0.44789675 0.06805611
v -0.02541908 0.45561904 0.07760468
v -0.02439984 0.45917618 0.08118102
v -0.02704301 0.46801242 0.07932699
v -0.03089520 0.45924455 0.07673661
v -0.01981563 0.44828022 0.07812379
v -0.04022692 0.43337882 0.05924713
v -0.05970304 0.44783905 0.04028881
v -0.06419954 0.42697614 0.03847990
v -0.06626026 0.43267885 0.03405331
v -0.06879755 0.42685547 0.03383632
v -0.06743455 0.43303007 0.02664638
v -0.07144798 0.44054025 0.03266944
v -0.06753197 0.41428125 0.01548800
v -0.01816174 0.47166979 0.08040947
v -0.01396629 0.48010400 0.07867488
v -0.06856485 0.44090524 0.04180022
v -0.04513780 -0.04575851 -0.04468190
v -0.02104657 -0.03611262 -0.04865908
v -0.02019175 -0.04724566 -0.04721486
v -0.03728797 -0.06873928 -0.04238640
v -0.06113093 -0.06788809 -0.04069167
v -0.06189990 -0.08781465 -0.03923705
v -0.02934819 -0.08406000 -0.03903371
v -0.06369086 -0.10814758 -0.03689246
v -0.01618533 -0.07375523 -0.03927387
v -0.03158795 -0.10974548 -0.03345246
v -0.03665159 -0.14132996 -0.03062696
v -0.02800967 -0.03463854 -0.04890638
v -0.00589475 -0.05120945 -0.04751951
v -0.00685001 -0.04541626 -0.04898007
v 0.02560163 -0.05742930 -0.04859249
v -0.05155560 -0.15736690 -0.03223313
v -0.06047416 -0.03585096 -0.04161100
v -0.03756933 -0.16900332 -0.02803996
v -0.06842514 -0.17375234 -0.03510891
v -0.06419603 -0.20516656 -0.03199074
v -0.03834299 -0.19813104 -0.02741977
v -0.09091419 -0.20259421 -0.02317692
v -0.05205825 -0.03549115 -0.04457818
v -0.02662365 -0.09570557 -0.03481583
v -0.04329010 -0.22762422 -0.03317558
v -0.06747653 -0.22137563 -0.03465231
v -0.06858436 -0.25294036 -0.04174361
v -0.05118353 -0.29381910 -0.04577523
v -0.04579846 -0.25855252 -0.03887425
v -0.06975666 -0.29456156 -0.04843346
v -0.07239747 -0.32650343 -0.05111842
v -0.09454791 -0.29334778 -0.04056848
v -0.09317089 -0.26557323 -0.03702000
v -0.09431146 -0.33158210 -0.04393080
v -0.07480218 -0.36764961 -0.05093616
v -0.05400889 -0.34794939 -0.04689172
v -0.09207856 -0.22103660 -0.02667379
v -0.09431683 -0.38439718 -0.04250795
v -0.09547589 -0.40622967 -0.04161376
v -0.07563728 -0.39851207 -0.04860863
v -0.07788467 -0.17343293 -0.03122081
v -0.07408477 -0.13626499 -0.03049820
v -0.07604349 -0.41123721 -0.04489809
v -0.08803202 -0.17297953 -0.02545529
v -0.08859386 -0.13798876 -0.02162242
v -0.08443465 -0.09938801 -0.02417696
v -0.09614234 -0.41355807 -0.03850020
v -0.07630517 -0.42346203 -0.04545724
v -0.09597743 -0.42865831 -0.03980496
v -0.07753861 -0.43009347 -0.04464578
v -0.07797155 -0.45334154 -0.04483004
v -0.08975870 -0.45442680 -0.04065347
v -0.07746424 -0.46805102 -0.04899106
v -0.08987958 -0.48148909 -0.04642247
v -0.07851034 -0.48911744 -0.05141172
v -0.08897150 -0.49991924 -0.04688018
v -0.07890297 -0.49986538 -0.05074259
v 0.01532015 -0.04657570 -0.05198583
v 0.03415347 -0.04828577 -0.05110670
v -0.06407125 -0.44096830 -0.04081051
v -0.05538893 -0.39445314 -0.04274666
v -0.05645085 -0.41487861 -0.03841411
v -0.04285828 -0.03674487 -0.04873319
v -0.04756421 -0.03917483 -0.04673762
v -0.06490929 -0.49993020 -0.04584241
v -0.06533695 -0.45408228 -0.04018522
v -0.05551109 -0.42948908 -0.03623167
v -0.06489064 -0.49061552 -0.04605004
v -0.01556816 -0.04448994 -0.04568956
v -0.01502671 -0.03566371 -0.04849320
v -0.00749447 -0.04371230 -0.05257936
v 0.01837364 -0.04433295 -0.05353921
v -0.06528252 -0.03419443 -0.04372306
v 0.09069563 0.00715991 -0.11376064
v 0.09497238 -0.02549005 -0.11537395
v 0.07476280 -0.03773322 -0.11516677
v 0.07648617 0.00546593 -0.11302479
v 0.09786778 -0.05892725 -0.11545274
v 0.07538228 -0.06167181 -0.11431286
v 0.07651539 0.01172998 -0.11158337
v 0.07618382 -0.07725134 -0.10807969
v 0.10068293 -0.07673853 -0.10853905
v 0.10411221 -0.08710642 -0.10062890
v 0.07816121 0.01555303 -0.11565053
v 0.09031323 0.01237749 -0.11641600
v 0.07936360 0.02471587 -0.11324155
v 0.09033503 0.02554365 -0.11231966
v 0.13634005 -0.02462522 0.02408742
v 0.14610180 -0.02911723 0.01280831
v 0.14716333 -0.05490699 0.02614428
v 0.14725909 -0.02325705 0.00688681
v 0.13872080 -0.00883372 0.00908708
v 0.14100310 -0.00739561 0.00438513
v 0.15803750 -0.06252510 0.00990991
v 0.14608909 -0.06700552 0.03998545
v 0.15888935 -0.08224929 0.01970287
v 0.13451205 -0.00725457 0.01860533
v 0.14844009 -0.07867454 0.05000141
v 0.15487288 -0.08831074 0.04514712
v 0.14544730 -0.07235728 0.05292952
v 0.14736450 -0.08826764 0.05986766
v 0.14169855 -0.06574232 0.05438101
v 0.16113771 -0.08140737 0.01057091
v 0.14858025 -0.09452410 0.05502621
v 0.13985996 -0.00604730 0.00659643
v 0.13828275 -0.05492676 0.03615905
v 0.15315653 -0.03360290 0.00880872
v 0.15365814 -0.03079407 0.00454795
v 0.13831158 -0.06534978 0.04748420
v 0.15842463 -0.08840626 0.03649565
v 0.15753905 -0.09390455 0.01552456
v 0.16025969 -0.09445475 0.00932816
v 0.15401913 -0.09646503 0.04198096
v 0.14528276 -0.10132502 0.05775876
v 0.15483150 -0.08740371 0.05035446
v 0.15572087 -0.09596138 0.05263050
v 0.14463176 -0.01944127 0.00109453
v 0.15009826 -0.10871290 0.04192955
v 0.14863420 -0.10913130 0.04966344
v 0.13153215 -0.04380772 0.03561833
v 0.13430710 -0.06042415 0.04089200
v 0.14686099 -0.02794024 0.00356508
v 0.14717780 -0.02337401 -0.00277843
v 0.14656189 -0.02971146 -0.00300739
v 0.14596862 -0.11387655 0.05292140
v 0.15478027 -0.09900456 0.01201832
v 0.14848012 -0.10549257 0.01543446
v 0.15086257 -0.10595444 0.00890317
v 0.13255216 -0.12590709 0.04294227
v 0.13339849 -0.12406582 0.05045009
v 0.13625404 -0.13274857 0.05105679
v 0.13425225 -0.13050173 0.04002740
v 0.13727647 -0.12473989 0.03966036
v 0.13785210 -0.11522578 0.00957758
v -0.01821732 0.32711136 0.03615048
v -0.00207453 0.31866869 0.03721517
v -0.00955830 0.31427157 0.05661284
v 0.00086451 0.31101951 0.05202947
v -0.02648280 0.33249247 0.04122953
v -0.02800579 0.33436367 0.02762260
v -0.04099603 0.34814388 0.03260439
v -0.01660227 0.32499647 0.03209985
v 0.00165254 0.31139076 0.06604060
v -0.01699449 0.32380527 0.05821372
v -0.00943975 0.31839916 0.06632300
v -0.00044140 0.31597507 0.03393147
v 0.01140848 0.31342643 0.05931161
v 0.00869150 0.32223225 0.03586701
v 0.01495015 0.31847709 0.04831250
v 0.02400969 0.33644894 0.02779721
v 0.13831158 -0.06534978 0.04748420
v 0.13680884 -0.06811021 0.06139581
v 0.13246521 -0.08155141 0.05039733
v 0.13008432 -0.08692980 0.06671456
v 0.12979341 -0.08751280 0.05414132
v 0.13524729 -0.07815143 0.04519543
v 0.13492548 -0.06489027 0.06491350
v 0.14169855 -0.06574232 0.05438101
v 0.14561807 -0.05625433 0.05838601
v 0.13430710 -0.06042415 0.04089200
v 0.13828275 -0.05492676 0.03615905
v -0.09361392 0.17013602 -0.02125053
v -0.08860979 0.18150927 -0.03848922
v -0.08678888 0.14589016 -0.02411102
v -0.09347173 0.15421481 -0.01146800
v -0.09409835 0.18356684 -0.02976085
v -0.09534238 0.19911774 -0.03952618
v -0.07837695 0.15435445 -0.04086040
v -0.08223235 0.18494199 -0.05065629
v -0.07750645 0.12976451 -0.03417592
v -0.08935263 0.21393302 -0.05751867
v -0.08180161 0.09444498 -0.02354527
v -0.09733929 0.21906053 -0.05206370
v -0.10394365 0.23893787 -0.05434247
v -0.07424759 -0.01210785 -0.03688628
v -0.07812339 -0.03664581 -0.03904456
v -0.08474049 -0.01541482 -0.02569472
v -0.09159474 -0.03727281 -0.02584584
v -0.06815163 -0.04142007 -0.04925701
v -0.05835941 0.01593316 -0.04609407
v -0.06991094 0.01310464 -0.03588426
v -0.08059063 0.01808323 -0.02403668
v -0.08897215 0.02750825 -0.01296917
v -0.07200832 0.04665370 -0.03124798
v -0.05560948 0.06309598 -0.04257022
v -0.09493292 -0.01389396 -0.01162048
v -0.08326568 0.07311374 -0.02050170
v -0.06730326 0.07468108 -0.03496144
v -0.06725162 0.09736904 -0.03637359
v -0.08758584 0.10615216 -0.01533304
v -0.07032336 0.12050230 -0.03722550
v -0.05037391 0.10606686 -0.04611956
v -0.05223311 0.14238049 -0.04980887
v -0.06478291 0.15469883 -0.04797887
v -0.10108552 -0.00735423 0.01411274
v -0.10047574 -0.03815892 -0.01072308
v -0.10587025 -0.03693639 0.01419769
v -0.09769807 0.02425116 0.01171592
v -0.09672556 0.05162390 0.01109353
v -0.08994067 0.06132839 -0.00788481
v -0.09579207 0.08094481 0.00256463
v -0.09522156 0.11479606 -0.00138515
v -0.09537149 0.13868259 -0.00623973
v -0.10144355 -0.04113536 0.00933415
v 0.11349192 -0.05642157 -0.01283793
v 0.11781763 -0.04306157 -0.01339040
v 0.10543641 -0.04732771 -0.01369604
v 0.10905236 -0.03652237 -0.01485020
v 0.09664626 -0.03967267 -0.01362153
v 0.11269318 -0.02683286 -0.01753866
v 0.10115231 -0.02069349 -0.01207163
v 0.10556916 -0.01272446 -0.01571484
v 0.11368006 -0.01057510 -0.01998753
v 0.10184535 -0.05924889 -0.01407619
v 0.12081280 -0.06695426 -0.01104720
v 0.12905338 -0.05926124 -0.00754276
v 0.12895770 -0.06868605 -0.00909410
v 0.13652499 -0.04921423 -0.00588227
v 0.12962645 -0.03091204 -0.00739157
v 0.12519358 -0.01056814 -0.01329564
v 0.13356736 -0.03611262 -0.00206215
v 0.14114910 -0.02808655 0.00088838
v 0.13693435 -0.01738776 0.00504523
v 0.13154650 -0.01293898 0.00433265
v 0.14463176 -0.01944127 0.00109453
v 0.14100310 -0.00739561 0.00438513
v 0.14656189 -0.02971146 -0.00300739
v 0.14717780 -0.02337401 -0.00277843
v 0.14905474 -0.05168892 -0.01693018
v 0.14544635 -0.07223076 -0.02456702
v 0.12660742 -0.08729973 -0.01808502
v 0.11012369 -0.09183919 -0.01900682
v 0.11035413 -0.07647639 -0.01241070
v 0.08843427 -0.10040048 -0.02655596
v 0.08779564 -0.08588967 -0.02269672
v 0.08755467 -0.06789782 -0.01518733
v 0.14139917 -0.08535561 -0.02929937
v 0.14966452 -0.03519207 -0.00977090
v 0.09343284 -0.46835020 0.06207819
v 0.09464540 -0.47061229 0.08740902
v 0.10533570 -0.46995497 0.08675656
v 0.09775376 -0.47238511 0.10402098
v 0.11092047 -0.47124106 0.10634986
v 0.11170371 -0.46904874 0.06180825
v 0.12099706 -0.47201279 0.08245685
v 0.11522317 -0.46798056 0.05234113
v 0.11972875 -0.47266790 0.10364345
v 0.08686049 -0.47290966 0.08259576
v 0.08500282 -0.46779004 0.05832506
v 0.12144425 -0.47759238 0.11032722
v 0.10970376 -0.47756687 0.11464609
v 0.07676644 -0.47168794 0.05173678
v 0.12931745 -0.47998515 0.10025491
v 0.13118716 -0.47949588 0.08303027
v 0.12352745 -0.47602457 0.04964682
v 0.11108528 -0.46075138 0.03220927
v 0.08236940 -0.47832268 0.08729751
v 0.09460534 -0.47737139 0.10907767
v 0.07908972 -0.47745323 0.07109865
v 0.01018484 0.45309150 0.06759702
v 0.00445839 0.45931765 0.06846955
v 0.00703557 0.45157126 0.06871956
v 0.00815578 0.46813551 0.06920620
v 0.01253385 0.44860727 0.06505439
v 0.00004018 0.44297147 0.06781874
v 0.01523679 0.44124541 0.06265270
v -0.00285316 0.45119950 0.07120524
v -0.01171706 0.44735700 0.07236131
v -0.00373260 0.45742458 0.07642684
v -0.01761037 0.45232481 0.07452564
v -0.01448155 0.44043979 0.06768913
v -0.02234403 0.43749651 0.06649686
v 0.00418685 0.45688283 0.07578865
v -0.01296902 0.45848563 0.08195736
v -0.01557153 0.46959668 0.08346912
v -0.00802643 0.47031763 0.07975262
v -0.00280834 0.47117633 0.08039863
v 0.01927524 0.44995409 0.06970312
v 0.02124343 0.44655618 0.06287376
v 0.02323878 0.43896767 0.05710016
v 0.02260036 0.45537633 0.07126389
v 0.01941806 0.45695111 0.07061382
v 0.01360950 0.45748043 0.07602783
v 0.01956223 0.47097206 0.07394955
v 0.01264886 0.47005141 0.07699281
v 0.01630276 0.47388744 0.07500146
v 0.02241640 0.46036434 0.07486341
v -0.09250069 -0.47089127 0.09088068
v -0.10830577 -0.46995193 0.08729955
v -0.10953742 -0.47143349 0.10590494
v -0.09604856 -0.47301891 0.10570507
v -0.10804987 -0.47103578 0.07554322
v -0.09401581 -0.47017908 0.07403743
v -0.10460182 -0.46917808 0.05920004
v -0.09372884 -0.46811143 0.06033900
v -0.11973024 -0.47208914 0.09069549
v -0.08370586 -0.47275481 0.07696470
v -0.07987853 -0.46968231 0.06008635
v -0.12200315 -0.47506794 0.10392571
v -0.11650537 -0.47328949 0.06035409
v -0.11380972 -0.46824652 0.03826322
v -0.12231217 -0.47650191 0.07452469
v -0.11801846 -0.47446299 0.03760258
v -0.12669800 -0.47705728 0.08898883
v -0.09225056 -0.46316072 0.05120911
v -0.10427864 -0.46545425 0.05413108
v -0.09317429 -0.45641613 0.03950104
v -0.10590295 -0.45417356 0.02649859
v -0.07810281 -0.45655137 0.04014082
v -0.08083383 -0.46349460 0.05328508
v -0.09634995 -0.45227852 0.03351395
v -0.10597569 -0.45042238 0.01949071
v -0.08899438 -0.44257042 0.02128630
v -0.07796773 -0.44301772 0.02271149
v -0.07738785 -0.45034570 0.03234280
v -0.10967502 -0.47670698 0.11226519
v -0.10013580 -0.44339657 0.01487284
v -0.12148184 -0.48223788 0.10979148
v -0.10484365 -0.44914153 0.00649614
v -0.08188623 -0.47724038 0.08652418
v -0.08801528 -0.47746497 0.09917048
v -0.10688187 -0.48165646 0.11462346
v -0.10786378 -0.48244271 0.11701459
v -0.11826933 -0.48287371 0.11449077
v -0.09596361 -0.48535123 0.11469086
v -0.08862482 -0.48631516 0.10480042
v -0.08342554 -0.48757240 0.10030821
v -0.07885783 -0.48890713 0.08690524
v -0.06857688 -0.45094940 0.02105085
v -0.13064305 -0.48614514 0.10248833
v 0.13116801 -0.00577623 0.02057933
v 0.13109380 -0.01232861 0.02018266
v 0.12728457 -0.01817875 0.02431026
v 0.13351688 -0.00535646 0.01171033
v 0.13464129 -0.01139812 0.01287769
v -0.09690092 -0.00829356 0.05242480
v -0.10232061 -0.03777486 0.04968419
v -0.09808061 -0.03856631 0.06099826
v -0.10108552 -0.00735423 0.01411274
v -0.10587025 -0.03693639 0.01419769
v -0.09364596 0.02772745 0.04677597
v -0.09575513 0.02545437 0.02500812
v -0.09769807 0.02425116 0.01171592
v -0.09005132 0.07359644 0.03491914
v -0.08886670 0.06955347 0.04362217
v -0.08548953 0.10164754 0.04262401
v -0.09672556 0.05162390 0.01109353
v -0.09579207 0.08094481 0.00256463
v -0.09306521 0.09119333 0.01542723
v -0.09407352 0.11070509 0.01018662
v -0.08840477 0.13005747 0.03532600
v -0.09522156 0.11479606 -0.00138515
v -0.09655859 0.14902072 0.00528494
v -0.09510151 0.16589278 0.02078522
v -0.09716946 0.17086612 0.01051463
v -0.09296480 0.18251777 0.03569387
v -0.09964959 0.19669013 0.01645034
v -0.08879172 0.14779747 0.03478911
v -0.09883068 0.20857637 0.02934601
v -0.10180812 0.21340141 0.01995268
v -0.09537149 0.13868259 -0.00623973
v -0.10725913 0.23340294 0.02390842
v -0.09682879 0.22987208 0.03626330
v -0.07713256 0.10565249 0.05390199
v -0.06896055 0.14496943 0.06854081
v -0.07225339 0.17245677 0.06565619
v -0.08659678 0.19468190 0.04768022
v -0.07361199 0.19004470 0.06373783
v -0.08427084 0.22442511 0.04889780
v -0.07740705 0.04440002 0.06014470
v -0.06939599 0.08953879 0.06457283
v -0.06473256 0.06715417 0.08404920
v -0.06479203 0.10092383 0.07788296
v -0.06963219 0.11306462 0.06246936
v -0.06508693 0.03722003 0.08757919
v -0.07039618 0.01938762 0.08040627
v -0.06621015 -0.01573965 0.09063879
v -0.08019552 -0.00352852 0.07082682
v -0.08687627 0.01506533 0.05502117
v -0.07907897 -0.03924675 0.08291622
v -0.11095884 0.24797942 0.02452271
v -0.06446531 -0.01781373 0.09242781
v -0.06718305 -0.04091351 0.09469121
v -0.09327999 0.25222644 0.03538943
v -0.11024587 0.25733513 0.02420133
v -0.12682122 0.25244281 0.01771798
v -0.12467617 0.23071231 0.01965307
v -0.13788645 0.22252499 0.01722125
v -0.12369271 0.19978616 0.01585720
v -0.13050503 0.20881106 0.01781526
v -0.10729345 0.18700123 0.01496782
v -0.13513653 0.19206490 0.01828237
v -0.14843218 0.18854830 0.01537828
v -0.13666755 0.16969621 0.02071985
v -0.14672580 0.14841671 0.02066747
v -0.15880884 0.15458322 0.01569860
v -0.13398983 0.14961146 0.02197448
v -0.13383520 0.14331676 0.02015884
v -0.12562224 0.17937231 0.01503070
v -0.11368359 0.16584490 0.01423488
v -0.01663854 -0.03944183 0.09382337
v 0.00388391 -0.03964388 0.09563076
v 0.00203219 -0.03934531 0.09927242
v 0.02982464 -0.04010088 0.09168542
v -0.02493892 -0.03902167 0.09613384
v -0.03728892 -0.03971648 0.08946235
v -0.04082773 -0.03902388 0.09214471
v -0.05135379 -0.03939784 0.08593623
v 0.01600811 -0.04376056 0.10770812
v 0.03570388 -0.04444975 0.10209067
v 0.04137755 -0.04040825 0.09071703
v -0.01579660 -0.04265978 0.10507240
v -0.00017123 -0.04290759 0.11164837
v -0.02805375 -0.04202043 0.10756422
v 0.04706773 -0.04070707 0.08932734
v 0.06598911 -0.04344266 0.09438308
v 0.06170963 -0.04061367 0.08840034
v 0.05436114 -0.04060204 0.08651249
v 0.06354824 -0.03940579 0.07731014
v 0.07126841 -0.03869398 0.07565483
v 0.07949739 -0.04371758 0.08224746
v -0.04662348 -0.04244872 0.09839659
v -0.06718305 -0.04091351 0.09469121
v -0.05900266 -0.03966420 0.08333152
v -0.06582674 -0.03899888 0.07876506
v -0.04257867 -0.04226281 0.10393363
v -0.07063909 -0.03713826 0.07464506
v -0.07907897 -0.03924675 0.08291622
v -0.09808061 -0.03856631 0.06099826
v -0.08977086 -0.03661823 0.05746356
v 0.08045737 -0.04094742 0.06740319
v 0.08871921 -0.04414814 0.07253584
v 0.08771157 -0.04436411 0.05757578
v 0.09736513 -0.04628054 0.05738640
v 0.07677796 -0.04218090 0.06513704
v -0.09221386 -0.03875519 0.05348569
v -0.09524954 -0.04024610 0.05005240
v -0.10232061 -0.03777486 0.04968419
v -0.09976952 -0.04108797 0.02944767
v 0.09101097 -0.04884360 0.04919107
v 0.02271956 -0.04268912 0.10851961
v 0.03741189 -0.04283968 0.10537946
v 0.06256583 -0.04265514 0.09708661
v -0.08252357 -0.03707375 0.06343674
v 0.09524708 -0.04480506 0.06326636
v -0.10587025 -0.03693639 0.01419769
v -0.10144355 -0.04113536 0.00933415
v -0.15759468 -0.11197101 0.04239043
v -0.16015175 -0.09717947 0.04349558
v -0.15921094 -0.11272982 0.04967620
v -0.15548056 -0.12053338 0.05144918
v -0.15191662 -0.12038596 0.04268066
v -0.16319072 -0.10186628 0.04875961
v -0.16404052 -0.09382297 0.04932947
v -0.16450012 -0.11304881 0.05180587
v -0.16077140 -0.08895798 0.04257129
v -0.14888084 -0.12555994 0.04932786
v -0.14354549 -0.13249618 0.04695784
v -0.14797442 -0.13269000 0.05211179
v -0.14696540 -0.12699211 0.05349192
v -0.14727736 -0.12926440 0.03750418
v -0.14769578 -0.12699957 0.06032415
v -0.14996204 -0.13445604 0.06079687
v -0.14533886 -0.13593839 0.04248279
v -0.15403551 -0.12758626 0.03630858
v 0.15513800 -0.09854338 0.03217036
v 0.14875197 -0.10939568 0.02615677
v 0.14904563 -0.11234254 0.03679895
v 0.15659906 -0.09994655 0.02454881
v 0.15869929 -0.09008683 0.02581133
v 0.15784883 -0.08887617 0.03381859
v 0.15888935 -0.08224929 0.01970287
v 0.15842463 -0.08840626 0.03649565
v 0.16199039 -0.10436275 0.03719085
v 0.13759382 -0.11725947 0.02976090
v 0.13378637 -0.12566705 0.03533509
v 0.13288529 -0.12613077 0.02583990
v 0.13774619 -0.11806720 0.02454445
v 0.13411336 -0.13009994 0.03396287
v 0.13425225 -0.13050173 0.04002740
v 0.13727647 -0.12473989 0.03966036
v 0.13965811 -0.12496170 0.03704835
v 0.16101724 -0.10221070 0.02105648
v 0.14533059 -0.11483319 0.02076864
v 0.14881524 -0.12053923 0.01385456
v 0.16177326 -0.10910439 0.01496279
v 0.14145914 -0.12220307 0.01555317
v 0.16989934 -0.09220348 0.01971714
v 0.16738099 -0.08738452 0.02348154
v 0.17368129 -0.07934517 0.01899911
v 0.17275326 -0.07645413 0.02512610
v 0.16735028 -0.10065427 0.01304656
v 0.13675436 -0.11697751 0.01627948
v -0.01497156 0.22706412 0.07516483
v -0.01137371 0.21838026 0.08073680
v -0.00833125 0.21140878 0.07231950
v -0.01502506 0.22475605 0.06671277
v -0.00308887 0.20374122 0.08731045
v -0.02108461 0.23637098 0.06893359
v -0.01993290 0.23464632 0.06239234
v -0.02474216 0.24438758 0.06334480
v -0.00443944 0.19857520 0.07632221
v -0.00080906 0.18811534 0.08140690
v 0.00022878 0.18779971 0.07781133
v 0.00122904 0.16945869 0.08180905
v 0.15730511 -0.10688815 0.03987666
v 0.16530892 -0.10190860 0.04140208
v 0.14015816 -0.12973359 0.04009857
v 0.15971537 -0.09441276 0.03877976
v 0.13727647 -0.12473989 0.03966036
v 0.15842463 -0.08840626 0.03649565
v 0.16629699 -0.08342970 0.03697825
v 0.15874192 -0.11769938 0.04536057
v 0.15009826 -0.10871290 0.04192955
v 0.15401913 -0.09646503 0.04198096
v 0.09949901 0.05822958 0.03797406
v 0.09148844 0.05318356 0.02812454
v 0.09651307 0.05707913 0.04855054
v 0.08797609 0.04966323 0.03261209
v 0.08749353 0.04445297 0.05020327
v 0.08877085 0.04575607 0.02246683
v 0.09643498 0.06135304 0.05550972
v 0.10220235 0.05853472 0.04408785
v 0.09897462 0.05153928 0.02105604
v 0.09425768 0.04469962 0.01865059
v 0.11085514 0.05367551 0.02773202
v 0.10957050 0.05611627 0.04351430
v 0.11739486 0.04451852 0.01767101
v 0.11066823 0.05161259 0.05289675
v 0.08392847 0.04485625 0.05460029
v 0.10592702 0.05382572 0.05737518
v 0.07934358 0.08572176 0.07004096
v 0.09011695 0.07426208 0.06499206
v 0.07908099 0.07916426 0.06764950
v 0.09160964 0.06878521 0.06074807
v 0.07588179 0.06393373 0.06407113
v 0.07950722 0.05419018 0.05990725
v 0.07140365 0.07292067 0.06704248
v 0.06822385 0.07978588 0.06886669
v 0.10094248 0.06165152 0.06076854
v 0.14054236 -0.00343541 -0.00255261
v 0.13985996 -0.00604730 0.00659643
v 0.14100310 -0.00739561 0.00438513
v 0.13351688 -0.00535646 0.01171033
v 0.13393450 0.00181062 0.00446083
v 0.13476250 0.01049936 -0.00474511
v 0.13872080 -0.00883372 0.00908708
v 0.13464129 -0.01139812 0.01287769
v 0.14161196 0.01063866 -0.00615866
v 0.14529054 0.00552291 -0.00728030
v 0.15061259 -0.00331678 -0.00526302
v 0.13693435 -0.01738776 0.00504523
v 0.14155748 0.01962207 -0.00381067
v 0.14940685 -0.01021946 -0.01608896
v 0.14732268 -0.00007938 -0.01046937
v 0.14982192 -0.00495902 -0.02212385
v 0.14443696 0.01660715 -0.01651890
v 0.14848962 -0.00201550 -0.02810305
v 0.15015298 -0.00818835 -0.00565521
v 0.14253026 0.02292280 -0.00648686
v 0.13994168 0.02983090 -0.01615808
v 0.15387866 -0.01170504 -0.02355094
v 0.14878781 -0.01428035 -0.00817028
v 0.15184183 -0.01730062 -0.01316241
v 0.14717780 -0.02337401 -0.00277843
v 0.14431766 0.00797965 -0.02587104
v 0.16332088 -0.01637521 -0.03202265
v 0.15863577 -0.02838348 -0.02344271
v 0.15418914 -0.02195095 -0.01910012
v 0.16234295 -0.02269602 -0.02957907
v 0.13752949 0.02956355 -0.01127796
v 0.14755501 -0.01821613 -0.01818456
v 0.15939265 -0.02936524 -0.03045722
v 0.15674718 -0.03429288 -0.02559753
v 0.13965821 0.01632589 -0.02393079
v -0.04438296 0.45726940 0.06929359
v -0.04133847 0.44916880 0.05991703
v -0.03525600 0.45025679 0.07523069
v -0.03508484 0.45694387 0.07980322
v -0.03402921 0.43989471 0.07227468
v -0.04022692 0.43337882 0.05924713
v -0.04053954 0.46218827 0.07312869
v -0.04622594 0.45989951 0.06802440
v -0.03374176 0.46581629 0.07903587
v -0.04291738 0.45450720 0.06355407
v -0.03179649 0.43272296 0.06191156
v -0.01396629 0.48010400 0.07867488
v -0.01003209 0.48617896 0.06858686
v -0.01414677 0.46824133 0.06736211
v -0.01501757 0.46870267 0.07569386
v -0.01635385 0.47558990 0.05607552
v 0.16528705 -0.06482365 0.00877940
v 0.17280269 -0.08437160 0.01283171
v 0.16672647 -0.09250962 0.00942032
v 0.16977416 -0.05347455 0.01189878
v 0.16136464 -0.04509765 0.00795538
v 0.16525194 -0.02623115 0.01248672
v 0.15873204 -0.03042428 0.00722486
v 0.16735028 -0.10065427 0.01304656
v 0.15540300 -0.11281083 0.00864770
v 0.16025969 -0.09445475 0.00932816
v 0.15086257 -0.10595444 0.00890317
v 0.16113771 -0.08140737 0.01057091
v 0.13785210 -0.11522578 0.00957758
v 0.14010441 -0.12059224 0.00986613
v 0.15803750 -0.06252510 0.00990991
v 0.15315653 -0.03360290 0.00880872
v 0.15365814 -0.03079407 0.00454795
v 0.10781788 -0.48164597 0.11716282
v 0.10179436 -0.49162504 0.11873773
v 0.12300728 -0.49207047 0.11596482
v 0.12056206 -0.48298037 0.11461500
v 0.12144425 -0.47759238 0.11032722
v 0.10970376 -0.47756687 0.11464609
v 0.09522172 -0.48311651 0.11290795
v 0.09460534 -0.47737139 0.10907767
v 0.09775376 -0.47238511 0.10402098
v 0.09046959 -0.49431950 0.11092983
v -0.04899543 0.43784317 0.05211558
v -0.05991798 0.44511464 0.05235422
v -0.05874215 0.42653283 0.05024746
v -0.04803252 0.44339424 0.05344579
v -0.05063874 0.42497054 0.05318661
v -0.05380262 0.41981155 0.04994680
v -0.06256213 0.45055538 0.05645230
v -0.04710133 0.42107716 0.04864492
v -0.04719258 0.41694191 0.04463048
v -0.04180777 0.42404935 0.05296206
v -0.05436482 0.45154130 0.06045157
v 0.00251062 0.48911470 -0.01631311
v 0.00449253 0.48370844 -0.02356040
v -0.00502675 0.47709048 -0.01815105
v -0.00711505 0.47950026 -0.01355237
v -0.00681934 0.48639810 -0.01021930
v -0.00491925 0.49025318 -0.01107566
v -0.00835990 0.47998017 -0.00778715
v 0.00204004 0.47412726 -0.02099465
v 0.00368735 0.46947917 -0.02319228
v 0.01137322 0.48268896 -0.02604727
v 0.01371206 0.47383171 -0.02843909
v 0.01112898 0.46800572 -0.02877424
v 0.01856195 0.47153193 -0.03432188
v 0.01444718 0.46772650 -0.03362719
v 0.01402076 0.46141642 -0.02934223
v 0.01107193 0.45989308 -0.02567849
v 0.01439377 0.45727009 -0.03041891
v -0.00419733 0.49147069 -0.00568933
v 0.15659906 -0.09994655 0.02454881
v 0.16176842 -0.10462192 0.02401913
v 0.14200845 -0.12401303 0.02318767
v 0.16203710 -0.09161455 0.02245739
v 0.16738099 -0.08738452 0.02348154
v 0.15908526 -0.11563161 0.02658087
v 0.14195237 -0.13032328 0.02648028
v 0.16579431 -0.10486734 0.02690908
v 0.13288529 -0.12613077 0.02583990
v 0.13774619 -0.11806720 0.02454445
v 0.14875197 -0.10939568 0.02615677
v 0.15869929 -0.09008683 0.02581133
v 0.15888935 -0.08224929 0.01970287
v 0.13411336 -0.13009994 0.03396287
v 0.03345190 0.47890738 0.02145926
v 0.03534985 0.48562017 0.02645715
v 0.02697288 0.47279629 0.02893023
v 0.03755154 0.48098248 0.01779977
v 0.03518147 0.47039023 0.02116931
v 0.03995923 0.47427115 0.01440667
v 0.03745442 0.46355984 0.01779969
v 0.02524383 0.48852146 0.02846731
v 0.02416890 0.48917803 0.03214628
v 0.02120489 0.47677466 0.04022153
v 0.02241125 0.48945743 0.04107391
v 0.02609721 0.47017887 0.03569853
v 0.02032938 0.49581248 0.03688239
v 0.03430567 0.48796728 0.02115832
v 0.02987074 0.48871174 0.02627437
v 0.03886419 0.46563560 0.02754962
v 0.03473397 0.46950284 0.03004476
v 0.02347845 0.49321184 0.02133979
v -0.16134988 -0.10440616 0.03379776
v -0.16583884 -0.10813285 0.03573379
v -0.15493278 -0.11550130 0.03255849
v -0.16227618 -0.08731323 0.03237954
v -0.17019695 -0.08983793 0.03631379
v -0.15680580 -0.12205870 0.03528229
v -0.14772984 -0.13259178 0.03393130
v -0.15439819 -0.13129695 0.03298550
v -0.17474364 -0.09874446 0.03363739
v -0.17629674 -0.08590014 0.03570080
v -0.17052434 -0.11006861 0.03344275
v -0.16411044 -0.12073531 0.03257124
v -0.14919627 -0.08169404 0.05414233
v -0.14554742 -0.09485947 0.05446818
v -0.14604722 -0.09582022 0.06070896
v -0.14943810 -0.07135808 0.06227989
v -0.15352026 -0.06957661 0.05636659
v -0.15099719 -0.07399202 0.04970799
v -0.15783684 -0.06022944 0.05902713
v -0.14676578 -0.07337391 0.04662625
v -0.13766003 -0.09967844 0.05575248
v -0.14027193 -0.09933957 0.06170075
v -0.13751550 -0.09156801 0.05129628
v -0.16404052 -0.09382297 0.04932947
v -0.17138924 -0.09132111 0.05035295
v -0.17338225 -0.09561460 0.04799853
v -0.16450012 -0.11304881 0.05180587
v -0.16906923 -0.11575423 0.04758494
v -0.16384219 -0.12476739 0.04780027
v -0.17940408 -0.07694385 0.04296563
v -0.17402133 -0.07966492 0.05450940
v -0.17540617 -0.04222723 0.04355847
v -0.17982005 -0.03319054 0.03603930
v -0.17499258 -0.01112729 0.03818704
v -0.18064146 0.01669575 0.02414827
v -0.17554121 0.02462693 0.02909776
v -0.17537062 0.06935194 0.01686869
v -0.18033329 0.04949317 0.01551210
v -0.18264182 -0.01104781 0.02546801
v -0.17775157 0.09187404 -0.00067515
v -0.18319763 -0.03384010 0.02452813
v -0.18450135 0.01893811 0.01033900
v -0.18370317 0.05719407 -0.00111668
v -0.18153672 -0.07559834 0.02914998
v -0.16299790 -0.12043058 0.05292984
v -0.18389641 -0.00528648 0.01416385
v -0.17343509 -0.10345298 0.04237545
v -0.17586085 -0.08989014 0.03778059
v -0.17056294 0.09425031 0.01029998
v -0.16991179 0.11114621 -0.00412940
v -0.17557780 0.09754153 -0.01729249
v -0.16578043 0.12689497 -0.01817108
v -0.17629674 -0.08590014 0.03570080
v -0.17474364 -0.09874446 0.03363739
v -0.17255092 -0.09191995 0.05605647
v -0.16908763 -0.10151234 0.06334928
v -0.16922504 -0.10879024 0.05882803
v -0.16448914 -0.11815183 0.06254008
v -0.16199698 0.12655953 -0.00401582
v -0.16039902 0.15534875 -0.01618442
v -0.15769160 0.15593506 -0.00608362
v -0.15549433 0.13647608 0.00281188
v -0.15485039 0.15652287 0.00059439
v -0.15039338 0.15299302 0.00781705
v -0.15706059 0.12239659 0.00212219
v -0.15969671 -0.12873685 0.05990537
v -0.10786378 -0.48244271 0.11701459
v -0.11708470 -0.49144039 0.11718462
v -0.09829648 -0.49250439 0.11711109
v -0.09596361 -0.48535123 0.11469086
v -0.11826933 -0.48287371 0.11449077
v -0.12825125 -0.49340424 0.10864721
v -0.13064305 -0.48614514 0.10248833
v 0.05189820 0.38388240 -0.00263819
v 0.04820640 0.37777486 0.00264953
v 0.04033580 0.38239351 -0.00152913
v 0.03841243 0.37439033 0.00238185
v 0.05274607 0.39834440 -0.00810074
v 0.04195239 0.39308995 -0.00590745
v 0.04424308 0.40438944 -0.00622830
v 0.05253164 0.41056487 -0.00020614
v 0.04525656 0.41810271 -0.00429341
v -0.02973803 0.39648801 -0.04184055
v -0.02800575 0.40663257 -0.04614565
v -0.02744646 0.39574826 -0.04729662
v -0.03063487 0.40522766 -0.04050838
v -0.01942349 0.40499893 -0.05346756
v -0.01805761 0.39572144 -0.05305112
v -0.03603272 0.39594814 -0.04244979
v -0.02618517 0.39287120 -0.04020543
v -0.03240845 0.38519913 -0.03114646
v -0.01332544 0.38939494 -0.04111038
v -0.03558505 0.40593043 -0.04518435
v -0.03636456 0.41039330 -0.05142013
v -0.04140995 0.40419573 -0.04357898
v -0.03408205 0.41437057 -0.05305596
v -0.03128850 0.45064268 -0.04923091
v -0.02443521 0.44302797 -0.03958870
v -0.03333587 0.44335964 -0.05064294
v -0.02941715 0.43078828 -0.04636116
v -0.03306985 0.43848890 -0.05208730
v -0.02261438 0.43572617 -0.04026223
v -0.02659521 0.45399344 -0.04894021
v -0.03926672 0.43181846 -0.04789088
v -0.03612884 0.42721057 -0.04452395
v -0.02304613 0.45412701 -0.05054730
v -0.01792851 0.45314771 -0.05032540
v -0.01250977 0.44397539 -0.04008755
v -0.01178284 0.44787559 -0.03956315
v -0.01709358 0.45939746 -0.04785168
v -0.03442621 0.47670612 0.04919411
v -0.03354491 0.47669652 0.04283974
v -0.03609733 0.47346812 0.04678845
v -0.03993870 0.47167560 0.05462994
v -0.02806162 0.47530603 0.05444403
v -0.02589888 0.48074162 0.05070745
v -0.02270036 0.48256424 0.04395738
v -0.03166129 0.48155072 0.03787387
v -0.02799325 0.48006341 0.03328295
v -0.01822773 0.48335955 0.03742066
v -0.01808738 0.48235950 0.04310444
v -0.04071176 0.47546759 0.04590803
v -0.01343811 0.49358979 0.04014226
v -0.04327466 0.46656406 0.04834241
v -0.04410990 0.46670166 0.06135533
v -0.03362471 0.47070566 0.06116808
v -0.04009891 0.47168168 0.06777623
v -0.03348639 0.47041172 0.05648832
v -0.02422537 0.48749408 0.05703929
v -0.02179408 0.49220943 0.05166702
v -0.01262510 0.49794215 0.04432884
v -0.03022363 0.47941050 0.06300155
v -0.03446011 0.47791049 0.06719779
v -0.01155779 0.48716521 0.03454324
v -0.01573437 0.48592570 0.03032425
v -0.01192351 0.49953738 0.03028288
v -0.01325147 0.49804792 0.02603417
v -0.01644329 0.49448553 0.02465471
v -0.01231657 0.49608746 0.02166052
v -0.02030591 0.48597211 0.01771618
v -0.01533948 0.49174970 0.01526438
v -0.01246549 0.49920192 0.01839887
v -0.02044515 0.48289740 0.02725223
v 0.13925768 -0.12976287 0.03634297
v 0.14015816 -0.12973359 0.04009857
v 0.13425225 -0.13050173 0.04002740
v 0.13411336 -0.13009994 0.03396287
v 0.14195237 -0.13032328 0.02648028
v 0.13625404 -0.13274857 0.05105679
v 0.14729796 -0.12870473 0.04549737
v 0.14876272 -0.12684335 0.05126166
v 0.15439577 -0.12233835 0.03258885
v 0.15908526 -0.11563161 0.02658087
v 0.15874192 -0.11769938 0.04536057
v 0.15913454 -0.11399670 0.03687011
v 0.16579431 -0.10486734 0.02690908
v 0.16215748 -0.10815658 0.05212494
v 0.16602881 -0.10272088 0.04606674
v 0.16530892 -0.10190860 0.04140208
v 0.16199039 -0.10436275 0.03719085
v 0.16671406 -0.10234682 0.03397015
v 0.17003000 -0.09162545 0.03227872
v 0.16840285 -0.09244821 0.04628216
v 0.16738099 -0.08738452 0.02348154
v 0.17275326 -0.07645413 0.02512610
v 0.16629699 -0.08342970 0.03697825
v 0.16920505 -0.07810117 0.04313737
v 0.17070027 -0.07829414 0.03467631
v 0.17230275 -0.05699851 0.02754529
v 0.17334472 -0.06808495 0.01548114
v 0.17368129 -0.07934517 0.01899911
v 0.17280269 -0.08437160 0.01283171
v 0.16989934 -0.09220348 0.01971714
v 0.16735028 -0.10065427 0.01304656
v 0.16941060 -0.05662783 0.03892424
v 0.16924874 -0.02680103 0.02721659
v 0.16509511 -0.02218209 0.03994387
v 0.17305914 -0.00661489 0.02559544
v 0.16900459 -0.00368987 0.03354890
v 0.16462563 -0.07086629 0.05184849
v 0.16374701 -0.00370003 0.04288146
v 0.16276231 -0.06580376 0.05431386
v 0.16181760 -0.07808626 0.06048929
v 0.16239753 -0.09316035 0.06087050
v 0.17052348 -0.01380100 0.02083093
v 0.16198507 -0.08363310 0.05188671
v 0.16729926 -0.02406715 0.01797401
v 0.16816664 -0.01826576 0.01527401
v 0.16525194 -0.02623115 0.01248672
v 0.16977416 -0.05347455 0.01189878
v 0.15880437 -0.09529551 0.05372584
v 0.15723927 -0.10584109 0.05744670
v 0.15709487 -0.10773070 0.06529958
v 0.15195505 -0.11662504 0.06309105
v 0.14305013 -0.12320776 0.06591589
v 0.16872855 -0.00165418 0.02472790
v 0.17803831 -0.00382310 0.01703343
v 0.17755969 -0.01114825 0.01845384
v 0.17822117 -0.01417278 0.00775526
v 0.13890822 -0.00858503 -0.02436531
v 0.14034186 -0.00131154 -0.02499780
v 0.14309476 -0.00792678 -0.02836962
v 0.14103176 -0.01464992 -0.02719289
v 0.13499296 -0.00030947 -0.02039867
v 0.13965821 0.01632589 -0.02393079
v 0.13304289 0.01953188 -0.01972101
v 0.12972252 0.01081791 -0.01671943
v 0.14431766 0.00797965 -0.02587104
v 0.14848962 -0.00201550 -0.02810305
v 0.15578651 -0.01136886 -0.03520167
v 0.14869143 -0.01416681 -0.03323894
v 0.16167980 -0.02175150 -0.03997215
v 0.15671878 -0.02672899 -0.03705237
v 0.13233316 0.02791825 -0.01475333
v 0.13994168 0.02983090 -0.01615808
v 0.14572102 -0.01808546 -0.02499756
v -0.14295757 0.14915401 0.01191414
v -0.13557452 0.14667358 0.01392851
v -0.14672580 0.14841671 0.02066747
v -0.15880884 0.15458322 0.01569860
v -0.15039338 0.15299302 0.00781705
v -0.13383520 0.14331676 0.02015884
v -0.16480716 0.15754221 0.00333153
v -0.15485039 0.15652287 0.00059439
v -0.12872568 0.14114529 0.01433074
v -0.12407309 0.13901988 0.01881819
v -0.12287632 0.13711990 0.01247032
v -0.15769160 0.15593506 -0.00608362
v -0.16734412 0.15885827 -0.01449640
v -0.16039902 0.15534875 -0.01618442
v -0.15750386 0.15437962 -0.02900641
v -0.15861169 0.15593202 -0.03700307
v -0.10857303 0.13507108 0.01174417
v -0.11274244 0.13502510 0.00767544
v -0.15469871 0.15061636 -0.03617774
v -0.10345674 0.13734505 0.00831822
v -0.10385738 0.13285430 -0.00589520
v -0.09862750 0.13533007 -0.00636387
v -0.10701803 0.13297349 -0.01977987
v -0.09927533 0.13597450 -0.02004621
v -0.10511060 0.13692270 -0.03424613
v -0.09537149 0.13868259 -0.00623973
v -0.09655859 0.14902072 0.00528494
v -0.06404789 0.45465270 0.02392500
v -0.07302386 0.44226313 0.02365866
v -0.06409969 0.43796423 0.02702853
v -0.07123411 0.45317245 0.02237425
v -0.06743455 0.43303007 0.02664638
v -0.07112261 0.43439671 0.02389560
v -0.06949680 0.42520192 0.02166245
v -0.06312573 0.42314050 0.02663417
v -0.06285367 0.41686597 0.02252656
v -0.05708878 0.41617274 0.02337467
v -0.05693598 0.41016790 0.02046137
v -0.06753197 0.41428125 0.01548800
v -0.06237507 0.45385596 0.02710598
v -0.06411562 0.46222204 0.02381052
v 0.09664626 -0.03967267 -0.01362153
v 0.10013188 -0.04554039 -0.00752619
v 0.10184535 -0.05924889 -0.01407619
v 0.10294947 -0.06487598 -0.01078902
v 0.10115231 -0.02069349 -0.01207163
v 0.10070372 -0.01943302 -0.00489810
v 0.10577903 -0.00897164 -0.01028285
v 0.10556916 -0.01272446 -0.01571484
v 0.11519201 0.00138339 -0.01562188
v 0.11368006 -0.01057510 -0.01998753
v 0.10176764 -0.00520927 -0.00590187
v 0.10307415 0.00480550 -0.01209867
v 0.11103468 0.00669160 -0.01637088
v 0.12271345 0.00892278 -0.01710603
v 0.12130422 -0.00252641 -0.01613826
v 0.08998170 -0.01493258 -0.00709114
v 0.09263819 -0.02405619 -0.00465229
v 0.09370718 -0.04251819 -0.00492890
v 0.09719813 -0.04854167 -0.00725710
v 0.12255415 -0.01067459 -0.01855226
v -0.01613942 0.48191294 0.04909236
v -0.02422537 0.48749408 0.05703929
v -0.01635385 0.47558990 0.05607552
v -0.02179408 0.49220943 0.05166702
v -0.01262510 0.49794215 0.04432884
v -0.01274928 0.48066786 0.04587767
v -0.01967936 0.46947318 0.05701101
v -0.02495774 0.46995336 0.06225239
v -0.03022363 0.47941050 0.06300155
v -0.02797324 0.46536398 0.06405215
v -0.03446011 0.47791049 0.06719779
v -0.03444575 0.47226688 0.07452419
v -0.00882786 0.48853183 0.04477431
v -0.00704245 0.48139158 0.04802985
v -0.01478385 0.43966267 -0.04351809
v -0.02436789 0.43287557 -0.04413608
v -0.02261438 0.43572617 -0.04026223
v -0.01250977 0.44397539 -0.04008755
v -0.02941715 0.43078828 -0.04636116
v -0.02710783 0.42998460 -0.05018710
v -0.01914370 0.43924570 -0.05226999
v -0.03169222 0.42477736 -0.04708308
v -0.03290910 0.42496130 -0.05415545
v -0.03661682 0.42272702 -0.04623954
v -0.03408205 0.41437057 -0.05305596
v -0.02603843 0.42497984 -0.05526312
v 0.00053999 0.43999764 -0.04621377
v -0.00761144 0.43475717 -0.05322401
v -0.00193911 0.43529689 -0.05738144
v 0.00314729 0.43959928 -0.05604966
v -0.03612884 0.42721057 -0.04452395
v -0.04043423 0.42263058 -0.04348082
v -0.01891387 0.42922869 -0.04904823
v 0.00373657 0.44289085 -0.05053666
v -0.01310079 0.43493590 -0.05598868
v -0.00832852 0.42914912 -0.05369109
v -0.02443521 0.44302797 -0.03958870
v -0.01933632 0.42413467 -0.05039877
v -0.02023456 0.42300019 -0.05499767
v 0.00721346 0.43962175 -0.04899774
v 0.10347992 -0.44745174 0.02321492
v 0.09208202 -0.44333977 0.02268985
v 0.09666639 -0.45112360 0.03400908
v 0.10716050 -0.45516637 0.03597762
v 0.10551646 -0.44418049 0.01426573
v 0.09335794 -0.45292816 0.03585187
v 0.10923509 -0.45883214 0.04150266
v 0.09576674 -0.46257076 0.05351639
v 0.10660398 -0.46514755 0.05566980
v 0.09343284 -0.46835020 0.06207819
v 0.11170371 -0.46904874 0.06180825
v 0.08242051 -0.44786465 0.02919579
v 0.08257306 -0.45832118 0.04424601
v 0.08128622 -0.44346786 0.02176518
v 0.08485334 -0.46251774 0.05531195
v 0.11168933 -0.46269324 0.05303101
v 0.08500282 -0.46779004 0.05832506
v 0.02515710 0.48546889 -0.01129031
v 0.02326839 0.47946715 -0.00755908
v 0.02359423 0.47341079 -0.00512043
v 0.03101864 0.47424030 -0.01530267
v 0.02523843 0.48630980 -0.00639968
v 0.01947414 0.47668901 -0.00194708
v 0.01892449 0.47499597 -0.00566829
v 0.14875643 -0.07740382 0.06021481
v 0.14803845 -0.09819013 0.06616642
v 0.15401544 -0.08441812 0.06460372
v 0.15019700 -0.06508459 0.05901453
v 0.15500835 -0.10102771 0.06789789
v 0.14081313 -0.10791226 0.06597853
v 0.14307539 -0.11635958 0.06964090
v 0.13407399 -0.11848261 0.06543072
v 0.13724118 -0.12360338 0.06563891
v 0.16181760 -0.07808626 0.06048929
v 0.16276231 -0.06580376 0.05431386
v 0.15545955 -0.03979848 0.05133767
v 0.14561807 -0.05625433 0.05838601
v 0.13885657 -0.05111603 0.06076863
v 0.14199443 -0.03659581 0.05475345
v 0.12854843 -0.05469045 0.06369420
v 0.12737979 -0.06905462 0.06857674
v 0.15541767 -0.02079402 0.04706806
v 0.14653161 -0.01997887 0.04826663
v 0.14759482 -0.00287603 0.04650661
v 0.16008610 -0.00321152 0.04405329
v 0.16374701 -0.00370003 0.04288146
v 0.13492548 -0.06489027 0.06491350
v 0.13008432 -0.08692980 0.06671456
v 0.12198819 -0.08593392 0.06871518
v 0.15709487 -0.10773070 0.06529958
v 0.16509511 -0.02218209 0.03994387
v 0.16369657 -0.03998047 0.04391116
v 0.16239753 -0.09316035 0.06087050
v 0.16941060 -0.05662783 0.03892424
v 0.14305013 -0.12320776 0.06591589
v 0.14169855 -0.06574232 0.05438101
v 0.13559639 -0.03446564 0.05043290
v 0.13760895 -0.02241776 0.04330260
v 0.12941614 -0.04574686 0.05741031
v 0.12076273 -0.06032891 0.05952239
v 0.12151773 -0.06884141 0.06648064
v 0.13968822 -0.00521196 0.04174786
v 0.11723741 -0.08099603 0.06294757
v 0.13171275 -0.03688044 0.04486763
v 0.14917417 -0.00075290 0.04222772
v 0.13792138 -0.00194426 0.03372920
v 0.16148959 -0.00177304 0.03778836
v 0.00222650 0.50005209 0.03665778
v 0.00222010 0.49878398 0.04427898
v 0.00229685 0.48501313 0.03981218
v 0.00643305 0.49059430 0.02971294
v 0.00039345 0.49914286 0.03104609
v -0.00188115 0.49997237 0.02730175
v 0.00136685 0.49587873 0.02203271
v 0.00199904 0.48563781 0.02710790
v -0.00041308 0.49958256 0.01532989
v 0.00252106 0.48577324 0.01810498
v 0.00636360 0.49187848 0.04505540
v 0.00212954 0.49546981 0.04999417
v 0.00639439 0.48253381 0.04600363
v 0.00248176 0.48748979 0.05647678
v 0.00659278 0.48049650 0.04902447
v 0.01062315 0.47445190 0.04578755
v 0.00191742 0.48116007 0.05823973
v 0.00611717 0.47600546 0.05609813
v -0.00009471 0.48820314 0.06190005
v 0.00313519 0.48534995 0.06352478
v 0.00195146 0.47175041 0.05871878
v -0.00090721 0.46890253 -0.04192141
v -0.00185817 0.46174917 -0.04391927
v -0.00280516 0.45461908 -0.03674446
v -0.00113100 0.46676686 -0.03553033
v -0.00368619 0.45514756 -0.04277970
v -0.04133847 0.44916880 0.05991703
v -0.04638967 0.45048097 0.06284886
v -0.04765176 0.43910685 0.06555153
v -0.04022692 0.43337882 0.05924713
v -0.05136778 0.44939652 0.06407746
v -0.04291738 0.45450720 0.06355407
v -0.05021163 0.43426204 0.06345582
v -0.05094066 0.45484969 0.06775946
v -0.04180777 0.42404935 0.05296206
v -0.04438296 0.45726940 0.06929359
v -0.05309181 0.44237658 0.06422609
v -0.05063874 0.42497054 0.05318661
v 0.02236033 0.44779202 -0.03118607
v 0.02325790 0.43698981 -0.02805888
v 0.01893042 0.43782705 -0.04105946
v 0.01874835 0.44454432 -0.04047483
v 0.01780467 0.42873055 -0.03734586
v 0.01733699 0.43249193 -0.04647305
v 0.02294417 0.45013213 -0.04204261
v 0.02266868 0.44974548 -0.03501561
v 0.02246274 0.42389721 -0.04353014
v 0.01808164 0.42381537 -0.05195016
v -0.00118718 0.41633654 -0.04748776
v -0.00013785 0.41017276 -0.05685705
v -0.00077117 0.39912468 -0.05036179
v 0.00293383 0.42205256 -0.05653383
v 0.00189315 0.40362477 -0.05503918
v 0.16629699 -0.08342970 0.03697825
v 0.15842463 -0.08840626 0.03649565
v 0.16199039 -0.10436275 0.03719085
v -0.02567954 0.49424681 0.01784094
v -0.03188805 0.48599163 0.01687446
v -0.02859090 0.49054247 0.02539867
v -0.03055119 0.48679832 0.01331084
v -0.03555062 0.47465205 0.01401897
v -0.03194927 0.48203439 0.00987967
v -0.02624550 0.49890631 0.02695762
v -0.03028055 0.48722991 0.02974409
v -0.03392611 0.48700902 0.02159419
v -0.03554650 0.47759408 0.02652707
v -0.02700774 0.49693894 0.01439013
v -0.03460974 0.49155149 0.03452831
v -0.03788954 0.47794542 0.02820125
v -0.03603765 0.47803050 0.03449417
v -0.03973550 0.48742494 0.03998121
v -0.04012506 0.47651517 0.03846446
v -0.04529488 0.47404489 0.04135499
v -0.04821025 0.47718069 0.04854096
v -0.04757984 0.46552446 0.04356965
v -0.04925105 0.47150639 0.04732729
v -0.03988656 0.47217509 0.03817850
v -0.05558879 0.47064066 0.04895920
v -0.03674144 0.48866051 0.04052271
v -0.04421618 0.47657210 0.03227434
v -0.04432045 0.47333255 0.02641415
v -0.04707779 0.47265714 0.03643528
v -0.04947262 0.47565070 0.02809966
v 0.14904563 -0.11234254 0.03679895
v 0.13965811 -0.12496170 0.03704835
v 0.15913454 -0.11399670 0.03687011
v 0.16199039 -0.10436275 0.03719085
v 0.13925768 -0.12976287 0.03634297
v 0.13378637 -0.12566705 0.03533509
v 0.15513800 -0.09854338 0.03217036
v 0.15784883 -0.08887617 0.03381859
v 0.01517217 0.48134223 0.06522436
v 0.01504495 0.48275849 0.06009975
v 0.01191663 0.47091326 0.06209000
v 0.01653655 0.47625563 0.06675827
v 0.01630276 0.47388744 0.07500146
v 0.01264886 0.47005141 0.07699281
v 0.00611717 0.47600546 0.05609813
v 0.01128089 0.48098370 0.04887618
v 0.01752179 0.49129352 0.04865339
v 0.01315118 0.48756012 0.04596406
v 0.00815578 0.46813551 0.06920620
v 0.01062315 0.47445190 0.04578755
v 0.01018484 0.45309150 0.06759702
v 0.01360950 0.45748043 0.07602783
v 0.00195146 0.47175041 0.05871878
v 0.03193098 0.46992746 0.00410560
v 0.03847847 0.46737829 0.01089277
v 0.03841417 0.46337560 0.00695311
v 0.02936172 0.47216886 0.00712135
v 0.03995923 0.47427115 0.01440667
v 0.02612350 0.47596502 0.01572997
v 0.02549075 0.47429004 0.00733064
v 0.03755154 0.48098248 0.01779977
v 0.02699669 0.48380381 0.01672271
v 0.03430567 0.48796728 0.02115832
v 0.04557529 0.47869861 0.01375551
v 0.04824424 0.47073853 0.01188624
v 0.03961876 0.46413511 0.00296713
v 0.02817555 0.48492885 0.02015541
v 0.02284870 0.48568469 0.01594544
v 0.02347845 0.49321184 0.02133979
v 0.02987074 0.48871174 0.02627437
v 0.04854720 0.46963850 0.00492799
v 0.04630007 0.46186224 0.00075156
v 0.03871960 0.45786318 -0.00184532
v 0.04889836 0.45408380 -0.00886782
v 0.03903129 0.44996563 -0.01312486
v 0.04785915 0.44986802 -0.01689036
v 0.04254237 0.44967297 -0.01700480
v 0.03727626 0.45221713 -0.01842430
v 0.04179283 0.45109150 -0.02464320
v 0.03299384 0.45183796 -0.02562998
v 0.03371753 0.44974333 -0.03087478
v -0.03444575 0.47226688 0.07452419
v -0.02704301 0.46801242 0.07932699
v -0.02797324 0.46536398 0.06405215
v 0.15728469 0.00158097 -0.00218582
v 0.15367261 -0.00174052 0.00448257
v 0.16253707 -0.00200678 0.00964129
v 0.15061259 -0.00331678 -0.00526302
v 0.14693925 -0.00309405 0.00308327
v 0.14100310 -0.00739561 0.00438513
v 0.14054236 -0.00343541 -0.00255261
v 0.13985996 -0.00604730 0.00659643
v -0.05158295 0.38255605 -0.00299568
v -0.04897660 0.37252679 0.00508738
v -0.05984474 0.37576938 0.00167700
v -0.05525771 0.36881498 0.00849245
v -0.04642833 0.36496106 0.01391702
v -0.06305569 0.38717732 -0.00404932
v -0.05608754 0.39592302 -0.00481982
v -0.05917056 0.40427247 -0.00336302
v 0.04254237 0.44967297 -0.01700480
v 0.04785915 0.44986802 -0.01689036
v 0.03756713 0.43903524 -0.01398022
v 0.03631083 0.44538429 -0.01440639
v 0.04972386 0.43956164 -0.01798578
v -0.06041148 0.44986305 0.04958210
v -0.05687931 0.44040400 0.04620878
v -0.05874215 0.42653283 0.05024746
v -0.05860764 0.45414388 0.04779301
v -0.05486782 0.42226878 0.04301138
v -0.06256213 0.45055538 0.05645230
v -0.05991798 0.44511464 0.05235422
v -0.05855692 0.45708439 0.05379957
v -0.05380262 0.41981155 0.04994680
v -0.05970304 0.44783905 0.04028881
v -0.04719258 0.41694191 0.04463048
v 0.03371753 0.44974333 -0.03087478
v 0.04179283 0.45109150 -0.02464320
v 0.03631083 0.44538429 -0.01440639
v 0.04254237 0.44967297 -0.01700480
v 0.02994219 0.44359004 -0.02197273
v -0.00003588 -0.10407229 0.03536230
v -0.00200053 -0.10201698 0.01237211
v 0.00237286 -0.10413950 0.00493296
v -0.00158260 -0.09620301 -0.00408081
v 0.00455078 -0.09428708 -0.01947041
v -0.00119191 -0.08579092 -0.02165168
v 0.00920455 -0.07902636 -0.03459295
v 0.02152053 -0.09028886 -0.03565596
v -0.00201678 -0.07041090 -0.03687733
v 0.02357455 -0.10803203 -0.02984978
v 0.00983970 -0.11680382 -0.01681559
v 0.01496741 -0.14952801 -0.01463361
v 0.02495978 -0.15643731 -0.02172871
v 0.01951290 -0.18329498 -0.01185002
v 0.03165677 -0.18807440 -0.02323253
v 0.02750758 -0.22691342 -0.01770392
v 0.03425959 -0.20495215 -0.02548932
v 0.03642697 -0.27836806 -0.03148335
v 0.03952523 -0.24532005 -0.03259214
v 0.05107245 -0.30060866 -0.04433569
v 0.03775282 -0.29696319 -0.03259117
v 0.04433452 -0.33237746 -0.03839156
v 0.15015298 -0.00818835 -0.00565521
v 0.15815885 -0.01053543 -0.00650447
v 0.15064251 -0.01511256 -0.00521318
v 0.15061259 -0.00331678 -0.00526302
v 0.14717780 -0.02337401 -0.00277843
v 0.15728469 0.00158097 -0.00218582
v 0.15706101 -0.01751794 -0.00977258
v -0.00743500 0.41037896 -0.05666944
v -0.00580448 0.39718202 -0.05011650
v -0.01015922 0.40573943 -0.05567712
v -0.01264908 0.40996397 -0.05926537
v -0.00898234 0.39796156 -0.05522836
v -0.00467225 0.41359657 -0.04882361
v 0.03127836 0.42376071 -0.03683648
v 0.03711792 0.41167009 -0.03725484
v 0.02461721 0.41773653 -0.03248704
v 0.02509414 0.40694973 -0.03696562
v 0.03679503 0.42183155 -0.03617645
v 0.01748679 0.41619444 -0.03755244
v 0.01843197 0.40942439 -0.03800531
v 0.02383386 0.40193298 -0.04027503
v 0.01719564 0.40325904 -0.04406755
v -0.05770797 0.46291441 0.02740350
v -0.06042461 0.45786291 0.02305539
v -0.06237507 0.45385596 0.02710598
v -0.05738741 0.46303645 0.02083453
v -0.05851513 0.46326488 0.01714859
v -0.06056348 0.45482931 0.01838508
v -0.06548881 0.46346906 0.03308898
v -0.06874520 0.45368817 0.03366727
v -0.06857513 0.44434401 0.03334340
v -0.06409969 0.43796423 0.02702853
v -0.06081874 0.46688142 0.02996766
v -0.07144798 0.44054025 0.03266944
v -0.06743455 0.43303007 0.02664638
v -0.12683402 -0.48680317 0.07559861
v -0.13423173 -0.48743463 0.08446728
v -0.12967780 -0.48576555 0.09611926
v -0.12870984 -0.49041235 0.05348672
v -0.13064305 -0.48614514 0.10248833
v -0.12148184 -0.48223788 0.10979148
v -0.12608288 -0.48817304 0.05331812
v -0.11838606 -0.48870412 0.02479219
v 0.14972143 -0.03006378 -0.01805213
v 0.15674718 -0.03429288 -0.02559753
v 0.15156899 -0.03455688 -0.01544425
v 0.15725499 -0.03948814 -0.02346855
v 0.15494949 -0.04198821 -0.01387792
v 0.15203257 -0.02992042 -0.02819770
v 0.15267898 -0.03029444 -0.00453076
v 0.15365814 -0.03079407 0.00454795
v 0.15078743 -0.02069234 -0.01712713
v 0.14572102 -0.01808546 -0.02499756
v 0.14869143 -0.01416681 -0.03323894
v 0.14309476 -0.00792678 -0.02836962
v 0.15671878 -0.02672899 -0.03705237
v 0.14755501 -0.01821613 -0.01818456
v 0.15676497 -0.03577619 0.00106840
v 0.16110633 -0.03661385 0.00037464
v 0.16606200 -0.03488299 -0.00974968
v 0.16927887 -0.02695439 -0.00052954
v 0.16370949 -0.04209821 -0.01688071
v 0.16880794 -0.02338368 0.00631710
v 0.16227129 -0.04218661 -0.01252884
v 0.15873204 -0.03042428 0.00722486
v 0.16525194 -0.02623115 0.01248672
v 0.16816664 -0.01826576 0.01527401
v 0.15676497 -0.03577619 0.00106840
v 0.15365814 -0.03079407 0.00454795
v 0.15494949 -0.04198821 -0.01387792
v 0.15725499 -0.03948814 -0.02346855
v 0.15027755 0.15799922 -0.02543297
v 0.15367801 0.15996946 -0.03019264
v 0.15373857 0.15833201 -0.01446616
v 0.15776674 0.16013120 -0.01463088
v 0.14798513 0.15547776 -0.03283116
v 0.15395273 0.16175286 0.00008528
v 0.15023838 0.15789706 -0.00100844
v 0.15020712 0.16104941 0.00860686
v 0.14583856 0.15501195 0.00684534
v 0.14565036 0.15817308 -0.04085873
v 0.13535482 0.14970016 0.01299158
v 0.14370094 0.15277334 -0.03857247
v 0.01315118 0.48756012 0.04596406
v 0.02020682 0.47809908 0.04406351
v 0.01387296 0.48329264 0.04126171
v 0.02120489 0.47677466 0.04022153
v 0.01432400 0.48263690 0.03759576
v 0.01170955 0.49427888 0.04402531
v 0.00843341 0.48380384 0.03429481
v 0.01130029 0.47672391 0.03344915
v 0.02231488 0.48516202 0.04751184
v 0.01752179 0.49129352 0.04865339
v 0.02249631 0.48589471 0.05423056
v 0.02157940 0.47525725 0.05194231
v 0.02484680 0.48003462 0.05784502
v 0.02490417 0.47342545 0.05654372
v 0.02412366 0.47337988 0.04555531
v -0.04333946 0.45148391 -0.03386096
v -0.03316010 0.44765800 -0.03426590
v -0.04111298 0.44030622 -0.03204009
v -0.04506130 0.44077885 -0.03074883
v -0.04990063 0.44964632 -0.03545943
v -0.04374224 0.43485928 -0.03450988
v -0.04320495 0.45400599 -0.04012145
v -0.03036241 0.45287618 -0.04279952
v 0.17266181 -0.01928166 -0.00940468
v 0.16710357 -0.02384472 -0.02459885
v 0.17019956 -0.02727915 -0.01038909
v 0.16611865 -0.02721191 -0.03064093
v 0.16932876 -0.02208804 -0.00304413
v 0.16927887 -0.02695439 -0.00052954
v 0.17356502 -0.01624295 0.00240330
v 0.17135732 -0.01992732 -0.02518637
v 0.16234295 -0.02269602 -0.02957907
v 0.16332088 -0.01637521 -0.03202265
v 0.03409632 0.44104299 -0.03549143
v 0.03219746 0.42755011 -0.03368971
v 0.02629823 0.43346843 -0.02870850
v 0.03659469 0.43298057 -0.03652084
v 0.02325790 0.43698981 -0.02805888
v 0.03226899 0.45002568 -0.03571026
v 0.02236033 0.44779202 -0.03118607
v -0.15216513 -0.12726615 0.02215523
v -0.14667428 -0.13235274 0.02614810
v -0.15874471 -0.12811971 0.02682097
v -0.15439819 -0.13129695 0.03298550
v -0.14772984 -0.13259178 0.03393130
v -0.16356906 -0.11619528 0.02211049
v -0.16557026 -0.11846649 0.02607594
v -0.17316526 -0.10086654 0.02516051
v -0.17052434 -0.11006861 0.03344275
v -0.16411044 -0.12073531 0.03257124
v -0.17474364 -0.09874446 0.03363739
v -0.17780429 -0.09145480 0.02769663
v -0.18153672 -0.07559834 0.02914998
v -0.17217617 -0.08968840 0.02119501
v -0.17681545 -0.08583042 0.01656215
v -0.16434649 -0.10583479 0.02196088
v -0.16818193 -0.09381825 0.02192456
v -0.15120719 -0.12123673 0.02121969
v 0.04753693 0.46920970 0.02519753
v 0.04329942 0.46668196 0.02706868
v 0.04924051 0.46272421 0.03339360
v 0.04838427 0.45844737 0.03536524
v 0.04085878 0.45826176 0.02998539
v 0.04205361 0.45498714 0.03813282
v 0.03886419 0.46563560 0.02754962
v 0.04777126 0.47074223 0.01663881
v 0.04270227 0.45417678 0.04680545
v 0.04960750 0.45547685 0.04140234
v 0.03745442 0.46355984 0.01779969
v 0.03995923 0.47427115 0.01440667
v 0.04557529 0.47869861 0.01375551
v -0.01472147 0.46524706 -0.04506930
v 0.00215434 0.46857917 -0.04501057
v -0.00796217 0.46138668 -0.04361001
v -0.00185817 0.46174917 -0.04391927
v -0.00368619 0.45514756 -0.04277970
v -0.01709358 0.45939746 -0.04785168
v -0.01048871 0.45421031 -0.04286248
v -0.00889193 0.44912902 -0.04338363
v 0.00302530 0.45638061 -0.04936422
v 0.00721346 0.43962175 -0.04899774
v 0.00734291 0.43718988 -0.04109124
v 0.00605225 0.43322757 -0.04295357
v 0.00074314 0.43088418 -0.04568325
v 0.00314729 0.43959928 -0.05604966
v -0.00193911 0.43529689 -0.05738144
v -0.00337984 0.42845520 -0.05354831
v -0.00832852 0.42914912 -0.05369109
v -0.05229332 0.48158848 0.02506818
v -0.05482116 0.47020411 0.01523494
v -0.05579303 0.47085083 0.02235034
v -0.05577792 0.47618240 0.02831812
v -0.05237137 0.48054761 0.01432624
v -0.05130263 0.46292388 0.01827170
v -0.03050181 0.48349825 -0.01435154
v -0.03141534 0.48754367 0.00044576
v -0.02715485 0.48138225 0.00134794
v -0.03666052 0.48678792 -0.01054806
v -0.03379303 0.49047446 -0.00209018
v -0.02616137 0.48261046 -0.00799122
v -0.01865013 0.48246217 -0.01233720
v -0.02078181 0.48174948 -0.00399050
v -0.02393620 0.48195124 0.00703572
v -0.02707426 0.49647942 0.00505719
v 0.02913565 0.46059671 -0.01500865
v 0.03407562 0.47035187 -0.01697169
v 0.03771447 0.46092489 -0.01021308
v 0.04533534 0.46695328 -0.01081671
v 0.03551702 0.45547783 -0.01218532
v 0.12641090 -0.06194202 0.04086738
v 0.12433375 -0.07267569 0.04505682
v 0.11855262 -0.07558425 0.05538644
v 0.12580161 -0.05258898 0.04338601
v 0.12441981 -0.05084928 0.05230099
v 0.12076273 -0.06032891 0.05952239
v 0.13171275 -0.03688044 0.04486763
v 0.13153215 -0.04380772 0.03561833
v 0.13456585 -0.02606495 0.03664635
v 0.13552809 -0.02745807 0.02815812
v 0.13673273 -0.01079155 0.03683341
v 0.11723741 -0.08099603 0.06294757
v 0.13792138 -0.00194426 0.03372920
v 0.13634005 -0.02462522 0.02408742
v 0.13480635 -0.00361243 0.02140729
v 0.12175361 -0.08461307 0.05404943
v 0.13451205 -0.00725457 0.01860533
v 0.13760895 -0.02241776 0.04330260
v 0.13968822 -0.00521196 0.04174786
v 0.13532600 0.01658788 0.02673574
v 0.13205041 0.00893150 0.01586572
v 0.12151773 -0.06884141 0.06648064
v 0.12941614 -0.04574686 0.05741031
v 0.12443599 -0.05120150 0.04182057
v 0.12874684 -0.08001234 0.04544492
v 0.12276185 -0.08893717 0.06136728
v 0.12198819 -0.08593392 0.06871518
v 0.13074176 -0.07521913 0.04185570
v 0.12779246 -0.05864162 0.03813200
v 0.01262146 0.49898967 0.02895884
v 0.00706201 0.49292085 0.02111421
v 0.00740119 0.49412632 0.02358607
v 0.01327484 0.49924108 0.01692515
v 0.00643305 0.49059430 0.02971294
v 0.00199904 0.48563781 0.02710790
v 0.00648630 0.49542531 0.01527225
v 0.00252106 0.48577324 0.01810498
v -0.03525600 0.45025679 0.07523069
v -0.02694380 0.44789675 0.06805611
v -0.03089520 0.45924455 0.07673661
v -0.03009551 0.44277307 0.06718989
v -0.03508484 0.45694387 0.07980322
v -0.03374176 0.46581629 0.07903587
v -0.03402921 0.43989471 0.07227468
v -0.03179649 0.43272296 0.06191156
v -0.02973634 0.43934223 0.06241884
v -0.02704301 0.46801242 0.07932699
v -0.02386014 0.43971398 0.06665351
v 0.01170955 0.49427888 0.04402531
v 0.00843341 0.48380384 0.03429481
v 0.00229685 0.48501313 0.03981218
v 0.00636360 0.49187848 0.04505540
v -0.16943216 -0.10089323 0.05272143
v -0.16404052 -0.09382297 0.04932947
v -0.16450012 -0.11304881 0.05180587
v -0.17138924 -0.09132111 0.05035295
v -0.16299790 -0.12043058 0.05292984
v -0.16922504 -0.10879024 0.05882803
v -0.17255092 -0.09191995 0.05605647
v -0.15969671 -0.12873685 0.05990537
v -0.15294909 -0.13346846 0.05289526
v -0.14996204 -0.13445604 0.06079687
v -0.03331765 0.46274558 0.06417882
v -0.04167139 0.45965517 0.06560474
v -0.04053954 0.46218827 0.07312869
v -0.03374176 0.46581629 0.07903587
v -0.04622594 0.45989951 0.06802440
v -0.03909795 0.48190945 -0.00930786
v -0.04385670 0.47451794 -0.00020153
v -0.04742144 0.48078376 0.00235095
v -0.04512775 0.47174764 0.00292124
v -0.05213678 0.48051250 0.00522760
v -0.04176817 0.47128630 -0.01019569
v -0.04236558 0.48582503 -0.00130754
v -0.04488382 0.46634522 -0.00808135
v -0.03546648 0.47099474 -0.01903915
v -0.03969597 0.46740338 -0.02612077
v -0.03731463 0.46744335 -0.01206031
v -0.03194817 0.47280750 -0.01439158
v -0.03218262 0.47582442 -0.00804659
v -0.04692601 0.46678272 -0.02221080
v -0.04585398 0.46621174 -0.01817797
v -0.04391155 0.46569520 -0.03164307
v -0.03736209 0.46832880 -0.03077573
v -0.03434637 0.47375789 -0.02812796
v -0.03081335 0.46837032 -0.02488044
v -0.02576258 0.47934780 -0.02174437
v -0.03386201 0.48186466 -0.01146047
v -0.03050181 0.48349825 -0.01435154
v -0.01917663 0.48651892 -0.02315804
v -0.02468823 0.47897425 -0.02401206
v -0.03081335 0.46837032 -0.02488044
v -0.02605706 0.47019091 -0.02797571
v -0.03194817 0.47280750 -0.01439158
v -0.02698185 0.47100687 -0.01894700
v -0.03666052 0.48678792 -0.01054806
v -0.03909795 0.48190945 -0.00930786
v -0.01709749 0.48901716 -0.01699507
v -0.03788926 0.48239940 -0.00183175
v -0.03379303 0.49047446 -0.00209018
v -0.03218262 0.47582442 -0.00804659
v -0.03135915 0.46882874 -0.02938754
v -0.04510739 0.42406523 -0.04557041
v -0.04043423 0.42263058 -0.04348082
v -0.04279098 0.41702858 -0.03594158
v -0.03612884 0.42721057 -0.04452395
v -0.00607440 0.46551391 -0.03981078
v -0.00586178 0.46655005 -0.03370021
v -0.00731470 0.46018460 -0.03773564
v -0.00796217 0.46138668 -0.04361001
v -0.01048871 0.45421031 -0.04286248
v -0.00708513 0.47160971 -0.03427615
v -0.00090721 0.46890253 -0.04192141
v -0.04541593 0.47354507 0.01880403
v -0.05229332 0.48158848 0.02506818
v -0.04809112 0.47860229 0.02279541
v -0.05237137 0.48054761 0.01432624
v -0.04181400 0.40883917 -0.03470028
v -0.04140995 0.40419573 -0.04357898
v -0.03753684 0.39642671 -0.03657399
v -0.04594731 0.41193342 -0.03947158
v -0.03603272 0.39594814 -0.04244979
v -0.03240845 0.38519913 -0.03114646
v -0.04142330 0.36113322 -0.00176533
v -0.03566248 0.35870123 -0.01237581
v -0.03731008 0.34091818 -0.00164844
v -0.03964594 0.37706703 -0.01707664
v -0.03393089 0.34207618 -0.01414837
v -0.04152190 0.35418129 0.01101382
v -0.04642833 0.36496106 0.01391702
v -0.03688606 0.33578199 0.00860948
v -0.04897660 0.37252679 0.00508738
v -0.05158295 0.38255605 -0.00299568
v -0.05270463 0.40613139 -0.02308409
v -0.05608754 0.39592302 -0.00481982
v -0.05491673 0.40752143 -0.01894352
v -0.05937825 0.41115212 -0.01197197
v -0.05964115 0.41774637 -0.01771251
v -0.05917056 0.40427247 -0.00336302
v -0.03588893 0.34400755 0.02168995
v -0.04763249 0.35887721 0.03169581
v -0.04880413 0.36786351 0.02201541
v -0.04099603 0.34814388 0.03260439
v -0.02800579 0.33436367 0.02762260
v -0.05627541 0.40991187 -0.02580888
v -0.03062183 0.32343757 0.02015330
v -0.03616123 0.32681897 -0.01781050
v -0.04029906 0.32373559 -0.00623403
v -0.03749276 0.32046768 0.00847457
v -0.03216569 0.31572306 0.01803665
v -0.05990003 0.41130546 -0.02297604
v -0.05447074 0.41592371 -0.03212288
v -0.05558567 0.41142952 -0.03349125
v -0.04438438 0.40496477 -0.03154562
v -0.02529250 0.37596488 -0.02942181
v -0.02657260 0.35852513 -0.02248889
v -0.05186976 0.41090330 -0.03892159
v -0.05561271 0.42210200 -0.03339963
v -0.05209810 0.42068925 -0.03724601
v -0.02618517 0.39287120 -0.04020543
v -0.02690343 0.32843405 -0.02672797
v -0.05525771 0.36881498 0.00849245
v -0.04949273 0.41649050 -0.02632673
v -0.06000823 0.42070460 -0.02402199
v -0.01660227 0.32499647 0.03209985
v -0.03973550 0.48742494 0.03998121
v -0.04071176 0.47546759 0.04590803
v -0.03354491 0.47669652 0.04283974
v -0.04821025 0.47718069 0.04854096
v -0.04327466 0.46656406 0.04834241
v -0.03609733 0.47346812 0.04678845
v -0.04898746 0.47066674 0.05345900
v -0.03674144 0.48866051 0.04052271
v -0.03166129 0.48155072 0.03787387
v -0.03460974 0.49155149 0.03452831
v -0.03028055 0.48722991 0.02974409
v -0.02799325 0.48006341 0.03328295
v -0.04410990 0.46670166 0.06135533
v 0.03050647 0.47896555 0.00064345
v 0.02953975 0.48158133 0.00499020
v 0.02936172 0.47216886 0.00712135
v 0.03193098 0.46992746 0.00410560
v 0.04125688 0.47501892 -0.00183943
v 0.03961876 0.46413511 0.00296713
v 0.04559384 0.47007269 -0.00574997
v 0.02549075 0.47429004 0.00733064
v 0.03841417 0.46337560 0.00695311
v 0.02596976 0.48661464 0.01466262
v 0.02553257 0.49412233 0.01099180
v 0.02284870 0.48568469 0.01594544
v 0.02699669 0.48380381 0.01672271
v 0.02612350 0.47596502 0.01572997
v 0.03371668 0.48151985 0.00307920
v -0.04692601 0.46678272 -0.02221080
v -0.04077010 0.45671910 -0.02540520
v -0.04736423 0.45843190 -0.01959600
v -0.04391155 0.46569520 -0.03164307
v -0.04171270 0.45958334 -0.03518976
v -0.04585398 0.46621174 -0.01817797
v 0.00011807 0.48214847 -0.02614838
v -0.00331233 0.47420278 -0.02217263
v 0.00204004 0.47412726 -0.02099465
v -0.01126753 0.48247817 -0.02795750
v -0.00217341 0.49625823 0.01422911
v -0.00041308 0.49958256 0.01532989
v -0.00381867 0.49194774 0.01199378
v 0.00008926 0.49907333 0.00346209
v -0.00425215 0.48989642 0.00601856
v -0.00334115 0.49132597 0.02073658
v -0.00188115 0.49997237 0.02730175
v -0.00445913 0.48059034 0.00095082
v -0.00124568 0.48808575 -0.00313765
v 0.00815578 0.46813551 0.06920620
v 0.00681662 0.47049245 0.07690650
v 0.00445839 0.45931765 0.06846955
v 0.00799789 0.47070655 0.07468417
v 0.00855803 0.47810429 0.07590491
v 0.00418685 0.45688283 0.07578865
v 0.00703557 0.45157126 0.06871956
v 0.16735028 -0.10065427 0.01304656
v 0.16177326 -0.10910439 0.01496279
v 0.15540300 -0.11281083 0.00864770
v 0.14881524 -0.12053923 0.01385456
v 0.14010441 -0.12059224 0.00986613
v 0.14145914 -0.12220307 0.01555317
v -0.04656519 0.47779411 0.01156252
v -0.04784686 0.47011089 0.01469580
v -0.04541593 0.47354507 0.01880403
v -0.04184428 0.48655671 0.01924250
v -0.04291179 0.48815760 0.01354345
v -0.05068894 0.47115985 0.01098429
v -0.05213678 0.48051250 0.00522760
v -0.01580946 0.48064035 -0.03002739
v -0.01966624 0.46790847 -0.02881183
v -0.01652719 0.47724873 -0.02191619
v -0.01843916 0.47627500 -0.03532682
v -0.01968854 0.46934339 -0.02368791
v -0.01126753 0.48247817 -0.02795750
v -0.01447428 0.47838271 -0.01925625
v -0.02139112 0.47277778 -0.03391108
v 0.03404187 0.46350956 0.04743112
v 0.03668101 0.45949379 0.04471868
v 0.03496376 0.46300197 0.03345026
v 0.04205361 0.45498714 0.03813282
v 0.04270227 0.45417678 0.04680545
v 0.04085878 0.45826176 0.02998539
v 0.03995463 0.45974237 0.05325199
v 0.04357420 0.45314786 0.05472438
v 0.04576722 0.45053700 0.04613135
v 0.03653374 0.45745194 0.05830916
v 0.03886419 0.46563560 0.02754962
v 0.03758500 0.45359313 0.05981582
v 0.03574187 0.45953059 0.06486306
v 0.03458907 0.46758872 0.06412126
v 0.03510477 0.46700430 0.05462448
v 0.02659919 0.47046199 0.05895419
v 0.03447240 0.47038138 0.04875061
v 0.03110127 0.47500712 0.04873307
v 0.02490417 0.47342545 0.05654372
v 0.03126787 0.46915838 0.06727228
v 0.04960750 0.45547685 0.04140234
v 0.04099425 0.46196297 0.05016708
v 0.03617566 0.46790066 0.03654715
v 0.04265116 0.46989319 0.05001062
v 0.03896752 0.47076583 0.04737236
v 0.04143216 0.47431338 0.04458887
v 0.04194738 0.47346845 0.03565603
v 0.04004248 0.47784442 0.04081193
v 0.04119942 0.47952455 0.03623572
v 0.14240126 -0.10970911 0.05659420
v 0.14997895 -0.10445920 0.05496826
v 0.14733043 -0.11639915 0.05673961
v 0.13669814 -0.11475220 0.05768896
v 0.13699943 -0.12259205 0.05646187
v 0.15723927 -0.10584109 0.05744670
v 0.15572087 -0.09596138 0.05263050
v 0.14858025 -0.09452410 0.05502621
v 0.15483150 -0.08740371 0.05035446
v 0.14844009 -0.07867454 0.05000141
v 0.15880437 -0.09529551 0.05372584
v 0.14139515 -0.12396292 0.05894134
v 0.14528276 -0.10132502 0.05775876
v -0.00603415 0.49045554 0.05467508
v -0.00709748 0.47992986 0.05405025
v -0.01118384 0.47904283 0.06133388
v -0.00698026 0.48934582 0.06357826
v -0.01003209 0.48617896 0.06858686
v -0.01635385 0.47558990 0.05607552
v 0.00614382 0.42255935 -0.05119621
v 0.00588563 0.41100103 -0.04432588
v 0.00355935 0.40926009 -0.05169705
v 0.00293383 0.42205256 -0.05653383
v 0.00189315 0.40362477 -0.05503918
v 0.00981686 0.40759987 -0.04507578
v -0.00013785 0.41017276 -0.05685705
v 0.00498218 0.42257649 -0.04588464
v 0.02032938 0.49581248 0.03688239
v 0.01432400 0.48263690 0.03759576
v 0.02241125 0.48945743 0.04107391
v 0.02120489 0.47677466 0.04022153
v 0.01486779 0.49141273 0.00072163
v 0.02523843 0.48630980 -0.00639968
v 0.01921588 0.48560831 -0.00922272
v 0.02515710 0.48546889 -0.01129031
v 0.00851880 0.40474877 -0.04183132
v 0.00981686 0.40759987 -0.04507578
v 0.01719564 0.40325904 -0.04406755
v 0.01876543 0.41001567 -0.04600893
v 0.00675498 0.39387023 -0.04019441
v 0.01922959 0.39581856 -0.04080316
v 0.02383386 0.40193298 -0.04027503
v 0.01265345 0.39142588 -0.03338668
v 0.01699522 0.41116723 -0.05128573
v 0.02206618 0.39857009 -0.03350686
v 0.00425738 0.39576384 -0.05063469
v 0.00189315 0.40362477 -0.05503918
v 0.00270781 0.38936701 -0.03919638
v 0.00427598 0.37809002 -0.03290625
v 0.02339764 0.38573837 -0.02453302
v 0.03592712 0.40598717 -0.02303749
v 0.02821293 0.37665260 -0.01665970
v 0.02850816 0.40452081 -0.02918421
v 0.02509414 0.40694973 -0.03696562
v 0.01830593 0.36517036 -0.02431443
v 0.00940063 0.36576739 -0.02884083
v 0.02922365 0.35835522 -0.01413065
v -0.00167868 0.36401075 -0.03116234
v 0.01240558 0.33103085 -0.03230713
v 0.02172074 0.33058089 -0.02844733
v 0.02947704 0.33007008 -0.02217381
v -0.01290066 0.37849569 -0.03521881
v -0.01332544 0.38939494 -0.04111038
v -0.00028289 0.33104831 -0.03410565
v -0.00071594 0.31748033 -0.03910182
v -0.01635938 0.36643076 -0.03013609
v -0.02618517 0.39287120 -0.04020543
v -0.02529250 0.37596488 -0.02942181
v -0.00580448 0.39718202 -0.05011650
v -0.00077117 0.39912468 -0.05036179
v -0.00467225 0.41359657 -0.04882361
v -0.00118718 0.41633654 -0.04748776
v -0.01441743 0.41548723 -0.05086391
v -0.00235943 0.42258278 -0.05626208
v 0.03711792 0.41167009 -0.03725484
v -0.00898234 0.39796156 -0.05522836
v 0.14803845 -0.09819013 0.06616642
v 0.14528276 -0.10132502 0.05775876
v 0.14081313 -0.10791226 0.06597853
v 0.14736450 -0.08826764 0.05986766
v 0.14875643 -0.07740382 0.06021481
v 0.14544730 -0.07235728 0.05292952
v 0.15019700 -0.06508459 0.05901453
v 0.14169855 -0.06574232 0.05438101
v 0.03127836 0.42376071 -0.03683648
v 0.01780467 0.42873055 -0.03734586
v 0.02428840 0.42704919 -0.03291074
v 0.02246274 0.42389721 -0.04353014
v 0.03219746 0.42755011 -0.03368971
v 0.03679503 0.42183155 -0.03617645
v 0.02325790 0.43698981 -0.02805888
v 0.02629823 0.43346843 -0.02870850
v -0.03304077 0.46488693 -0.03152740
v -0.02756743 0.45874447 -0.03342003
v -0.03346083 0.45812595 -0.03245548
v -0.02945616 0.45325550 -0.03574240
v -0.03428439 0.46688771 -0.02972542
v -0.03135915 0.46882874 -0.02938754
v -0.02810691 0.46867952 -0.03624824
v -0.03647831 0.45491534 -0.02781948
v -0.02431044 0.46656236 -0.04124858
v -0.02053389 0.47149703 -0.04161837
v -0.02353832 0.45664725 -0.04326102
v -0.02746877 0.47286043 -0.03150267
v -0.02139112 0.47277778 -0.03391108
v -0.01843916 0.47627500 -0.03532682
v -0.03128850 0.45064268 -0.04923091
v -0.03333587 0.44335964 -0.05064294
v -0.03100615 0.44221041 -0.03945787
v -0.03036241 0.45287618 -0.04279952
v -0.03823137 0.43621740 -0.04773526
v -0.03786103 0.43654743 -0.04044871
v -0.02659521 0.45399344 -0.04894021
v -0.03316010 0.44765800 -0.03426590
v -0.04372554 0.43429399 -0.04482864
v -0.04374224 0.43485928 -0.03450988
v -0.04111298 0.44030622 -0.03204009
v -0.02945616 0.45325550 -0.03574240
v -0.02353832 0.45664725 -0.04326102
v -0.03306985 0.43848890 -0.05208730
v -0.03926672 0.43181846 -0.04789088
v -0.02304613 0.45412701 -0.05054730
v -0.01709358 0.45939746 -0.04785168
v 0.14081313 -0.10791226 0.06597853
v 0.13669814 -0.11475220 0.05768896
v 0.13407399 -0.11848261 0.06543072
v 0.14240126 -0.10970911 0.05659420
v 0.14528276 -0.10132502 0.05775876
v 0.13699943 -0.12259205 0.05646187
v 0.13724118 -0.12360338 0.06563891
v 0.04536866 0.42539880 -0.02303897
v 0.03277383 0.42733407 -0.02776975
v 0.03740928 0.42758420 -0.01833937
v 0.03392088 0.42277560 -0.03019413
v -0.01709749 0.48901716 -0.01699507
v -0.03050181 0.48349825 -0.01435154
v -0.01865013 0.48246217 -0.01233720
v -0.05016329 0.46294156 0.00454196
v -0.05442373 0.45949030 0.00484809
v -0.06019031 0.46420982 0.00623026
v -0.05544002 0.47325853 0.00580748
v 0.01156589 0.43427914 -0.04147900
v 0.01733699 0.43249193 -0.04647305
v 0.01041943 0.42231730 -0.04620015
v 0.01808164 0.42381537 -0.05195016
v 0.01747988 0.44515762 -0.04360012
v 0.01221555 0.44146794 -0.03843399
v 0.01396423 0.44998321 -0.04083214
v 0.01088613 0.41545317 -0.04505797
v 0.01552358 0.45348555 -0.04387603
v 0.01731080 0.41794649 -0.04900857
v 0.01699522 0.41116723 -0.05128573
v 0.00981686 0.40759987 -0.04507578
v 0.00588563 0.41100103 -0.04432588
v 0.00498218 0.42257649 -0.04588464
v 0.02294417 0.45013213 -0.04204261
v 0.00734291 0.43718988 -0.04109124
v 0.00605225 0.43322757 -0.04295357
v 0.00208230 0.44753414 -0.04156750
v 0.00074314 0.43088418 -0.04568325
v 0.00552775 0.45443708 -0.04917392
v 0.02553257 0.49412233 0.01099180
v 0.02322537 0.48398152 0.00215784
v 0.02037570 0.48320711 0.00960170
v 0.01918265 0.48042974 0.00320541
v 0.02284870 0.48568469 0.01594544
v -0.01761037 0.45232481 0.07452564
v -0.02439984 0.45917618 0.08118102
v -0.01981563 0.44828022 0.07812379
v -0.01959652 0.46150932 0.07550751
v -0.01816174 0.47166979 0.08040947
v -0.02234403 0.43749651 0.06649686
v -0.02345230 0.44420183 0.07451788
v -0.03909795 0.48190945 -0.00930786
v -0.03218262 0.47582442 -0.00804659
v -0.04176817 0.47128630 -0.01019569
v -0.03731463 0.46744335 -0.01206031
v -0.03386201 0.48186466 -0.01146047
v 0.04092097 0.43628111 -0.02183776
v 0.03260188 0.43806583 -0.02323549
v 0.03756713 0.43903524 -0.01398022
v 0.03728712 0.43592772 -0.02982337
v 0.04972386 0.43956164 -0.01798578
v -0.01609185 0.40240636 0.07863243
v -0.01860477 0.39335802 0.07972036
v -0.00951128 0.39529398 0.07435834
v -0.01031541 0.39040381 0.07829888
v -0.01656466 0.38504195 0.07777297
v 0.01099316 0.36366215 0.07641539
v 0.00003937 0.36155292 0.08006752
v 0.00065638 0.35458839 0.08147537
v 0.01251258 0.35374445 0.07775622
v 0.00583315 0.34755027 0.07768053
v 0.02276932 0.35247001 0.06571428
v 0.01046838 0.33287528 0.07213975
v 0.02978257 0.36733943 0.06693917
v 0.00145769 0.33360487 0.07586949
v 0.00199250 0.31992689 0.07218690
v 0.01040057 0.32006061 0.06824402
v 0.01736789 0.37077639 0.07624215
v 0.02051726 0.38242555 0.07538469
v 0.00165254 0.31139076 0.06604060
v 0.01156823 0.37010649 0.08148466
v 0.00149652 0.36666518 0.08776739
v 0.00020593 0.37465823 0.08865312
v 0.01443870 0.37655720 0.07667062
v 0.01162793 0.38942215 0.07766335
v 0.01711542 0.38278651 0.07596700
v 0.01209224 0.39122450 0.07770354
v 0.00297888 0.39587033 0.08001577
v -0.00008294 0.38872552 0.08176000
v 0.01819973 0.39171648 0.07738876
v 0.01745043 0.40376326 0.07738467
v -0.00789925 0.34779683 0.07541040
v 0.01140848 0.31342643 0.05931161
v -0.00435264 0.36997485 0.08689175
v 0.00957881 0.39737135 0.07492418
v 0.01415639 0.40821439 0.07905178
v 0.00124564 0.40569404 0.08186113
v -0.00040640 0.42434698 0.07698214
v 0.01150401 0.43660659 0.06797645
v 0.02191050 0.42322585 0.06820526
v -0.00862521 0.40789717 0.08119203
v -0.00418400 0.39563704 0.07917126
v -0.00144828 0.43785790 0.07088167
v -0.01306477 0.43351081 0.07211906
v -0.02238655 0.41257510 0.07626443
v -0.00828974 0.36476311 0.07682475
v -0.01006731 0.35380214 0.07836012
v -0.01448155 0.44043979 0.06768913
v 0.00004018 0.44297147 0.06781874
v 0.01523679 0.44124541 0.06265270
v 0.02323878 0.43896767 0.05710016
v -0.02234403 0.43749651 0.06649686
v -0.03444575 0.47226688 0.07452419
v -0.03478969 0.46982029 0.06974643
v -0.03374176 0.46581629 0.07903587
v -0.03446011 0.47791049 0.06719779
v -0.03331765 0.46274558 0.06417882
v -0.06136710 0.46447977 0.01313518
v -0.06741874 0.45600417 0.01218566
v -0.06056348 0.45482931 0.01838508
v -0.05851513 0.46326488 0.01714859
v -0.06992028 0.45330834 0.01408765
v -0.06635341 0.46235919 0.01289209
v -0.06179251 0.46651566 0.01077853
v -0.05746296 0.47832984 0.00753100
v -0.06029619 0.46971196 0.01227820
v -0.05068894 0.47115985 0.01098429
v -0.05213678 0.48051250 0.00522760
v -0.15575911 -0.11359202 0.01970893
v -0.16364890 -0.10410234 0.02110199
v -0.16396376 -0.11287855 0.01617635
v -0.15582225 -0.11918586 0.01710916
v -0.17039366 -0.10125072 0.01794994
v -0.16818193 -0.09381825 0.02192456
v -0.17217617 -0.08968840 0.02119501
v -0.17681545 -0.08583042 0.01656215
v -0.14756510 -0.11826666 0.01505897
v -0.16180861 -0.09623632 0.01877350
v 0.00643305 0.49059430 0.02971294
v 0.00843341 0.48380384 0.03429481
v 0.01327635 0.48596859 0.03123184
v 0.00229685 0.48501313 0.03981218
v 0.01130029 0.47672391 0.03344915
v 0.01262146 0.49898967 0.02895884
v 0.01572490 0.48568368 0.01981155
v 0.01427604 0.48155525 0.02741085
v 0.01327484 0.49924108 0.01692515
v 0.01259175 0.48387253 0.01239664
v 0.01918204 0.47875097 0.02693210
v -0.06329907 0.44720206 0.01389578
v -0.06636627 0.43765995 0.01556506
v -0.07207289 0.44088402 0.01939914
v -0.06958087 0.44799250 0.01641736
v -0.06992028 0.45330834 0.01408765
v -0.07112261 0.43439671 0.02389560
v -0.06410249 0.43307772 0.02049193
v -0.06451127 0.42377600 0.01852072
v -0.06949680 0.42520192 0.02166245
v -0.07123411 0.45317245 0.02237425
v -0.07302386 0.44226313 0.02365866
v -0.06077949 0.44765973 0.00768281
v -0.06413872 0.45286366 0.00349408
v -0.06544994 0.43889663 0.01104087
v -0.06741874 0.45600417 0.01218566
v -0.06396209 0.43353757 0.01479540
v -0.01775236 0.49796587 0.03341294
v -0.01573437 0.48592570 0.03032425
v -0.02352846 0.49049991 0.03141642
v -0.02044515 0.48289740 0.02725223
v -0.02704301 0.46801242 0.07932699
v -0.02371384 0.47035009 0.06919900
v -0.02797324 0.46536398 0.06405215
v -0.02126727 0.47286737 0.07800821
v -0.02495774 0.46995336 0.06225239
v -0.01924792 0.47354469 0.06523330
v -0.01396629 0.48010400 0.07867488
v -0.01557153 0.46959668 0.08346912
v -0.01959652 0.46150932 0.07550751
v -0.01761037 0.45232481 0.07452564
v -0.01296902 0.45848563 0.08195736
v -0.01816174 0.47166979 0.08040947
v 0.00648630 0.49542531 0.01527225
v -0.00041308 0.49958256 0.01532989
v 0.00252106 0.48577324 0.01810498
v -0.05447074 0.41592371 -0.03212288
v -0.05990003 0.41130546 -0.02297604
v -0.04949273 0.41649050 -0.02632673
v -0.04990063 0.44964632 -0.03545943
v -0.04506130 0.44077885 -0.03074883
v -0.05129444 0.43976870 -0.03700286
v -0.04374224 0.43485928 -0.03450988
v -0.05741276 0.42697605 -0.02967049
v -0.06248521 0.42488673 -0.01912264
v -0.05301010 0.42760095 -0.02273002
v -0.06014860 0.42498380 -0.02866956
v -0.05838451 0.43004581 -0.01411037
v -0.06387775 0.45505446 0.03689121
v -0.05676015 0.45924488 0.03766435
v -0.05915244 0.44647864 0.03422585
v -0.04488382 0.46634522 -0.00808135
v -0.05332040 0.46835980 -0.01261560
v -0.05307299 0.46630415 -0.00283794
v -0.05948176 0.46634051 -0.00799947
v -0.06187532 0.46767128 -0.00223889
v -0.05747162 0.46688771 -0.01729326
v -0.04999482 0.47198689 -0.01932030
v -0.04493171 0.47326806 -0.01322969
v -0.04176817 0.47128630 -0.01019569
v -0.05168559 0.46930471 0.00195350
v -0.04512775 0.47174764 0.00292124
v -0.03878589 0.48663077 0.01661683
v -0.03188805 0.48599163 0.01687446
v -0.03555062 0.47465205 0.01401897
v -0.03570288 0.49398145 0.01804019
v -0.04291179 0.48815760 0.01354345
v 0.02926314 0.46500677 -0.02916622
v 0.02826622 0.45482722 -0.02152210
v 0.03126015 0.45832518 -0.03173029
v 0.02948304 0.46708989 -0.02462461
v 0.02913565 0.46059671 -0.01500865
v 0.03407562 0.47035187 -0.01697169
v 0.02994219 0.44359004 -0.02197273
v 0.03260188 0.43806583 -0.02323549
v 0.03409632 0.44104299 -0.03549143
v 0.03728712 0.43592772 -0.02982337
v 0.03659469 0.43298057 -0.03652084
v 0.03882549 0.43360409 -0.02642920
v 0.03371753 0.44974333 -0.03087478
v 0.03226899 0.45002568 -0.03571026
v 0.03299384 0.45183796 -0.02562998
v 0.04092097 0.43628111 -0.02183776
v 0.03631083 0.44538429 -0.01440639
v 0.03756713 0.43903524 -0.01398022
v 0.03727626 0.45221713 -0.01842430
v 0.03551702 0.45547783 -0.01218532
v 0.03903129 0.44996563 -0.01312486
v 0.03585399 0.45832688 -0.00676062
v 0.03871960 0.45786318 -0.00184532
v 0.03810015 0.46378615 -0.00478288
v 0.03961876 0.46413511 0.00296713
v 0.03771447 0.46092489 -0.01021308
v 0.04559384 0.47007269 -0.00574997
v 0.04533534 0.46695328 -0.01081671
v -0.00743500 0.41037896 -0.05666944
v -0.01264908 0.40996397 -0.05926537
v -0.01441743 0.41548723 -0.05086391
v -0.00467225 0.41359657 -0.04882361
v -0.03379303 0.49047446 -0.00209018
v -0.03406545 0.47406960 -0.00012417
v -0.03141534 0.48754367 0.00044576
v -0.03788926 0.48239940 -0.00183175
v -0.03138086 0.48224252 0.00606241
v -0.02707426 0.49647942 0.00505719
v -0.02393620 0.48195124 0.00703572
v -0.03551377 0.48606282 0.00906033
v -0.03939422 0.48076975 0.00629386
v -0.03942953 0.48231763 0.01102997
v -0.04431705 0.47294813 0.00661978
v -0.04656519 0.47779411 0.01156252
v -0.03138086 0.48224252 0.00606241
v -0.03406545 0.47406960 -0.00012417
v -0.04291179 0.48815760 0.01354345
v -0.01303657 0.40467376 -0.05148334
v -0.01246486 0.39743662 -0.04834025
v -0.01805761 0.39572144 -0.05305112
v -0.01332544 0.38939494 -0.04111038
v -0.01942349 0.40499893 -0.05346756
v -0.02058264 0.46706560 0.07110126
v -0.02126727 0.47286737 0.07800821
v -0.01501757 0.46870267 0.07569386
v -0.02371384 0.47035009 0.06919900
v -0.01414677 0.46824133 0.06736211
v -0.01396629 0.48010400 0.07867488
v 0.00212954 0.49546981 0.04999417
v -0.00156676 0.49366754 0.05060888
v -0.00177363 0.48664618 0.05682399
v 0.00248176 0.48748979 0.05647678
v -0.00709748 0.47992986 0.05405025
v -0.00704245 0.48139158 0.04802985
v -0.00281163 0.48119193 0.04415584
v -0.00171303 0.49098822 0.04015868
v -0.00511024 0.48784658 0.03637931
v -0.00770921 0.48659182 0.04191790
v -0.00316717 0.48708862 0.03009769
v 0.00222650 0.50005209 0.03665778
v 0.00222010 0.49878398 0.04427898
v -0.00188115 0.49997237 0.02730175
v -0.01155779 0.48716521 0.03454324
v 0.01651379 0.48575854 0.03252294
v 0.02416890 0.48917803 0.03214628
v 0.01918204 0.47875097 0.02693210
v 0.02032938 0.49581248 0.03688239
v 0.01427604 0.48155525 0.02741085
v 0.01327635 0.48596859 0.03123184
v 0.02524383 0.48852146 0.02846731
v 0.01432400 0.48263690 0.03759576
v 0.02942252 0.47725025 0.06255841
v 0.03458907 0.46758872 0.06412126
v 0.02659919 0.47046199 0.05895419
v -0.06267248 0.46008730 -0.00386869
v -0.05299973 0.45616654 -0.00884122
v -0.05895642 0.45249638 -0.01095749
v -0.06375331 0.45500880 -0.01034437
v -0.05196201 0.45605609 -0.01849666
v -0.06799025 0.45444295 -0.00043051
v -0.06293917 0.45078704 -0.01710877
v -0.05598472 0.45065972 -0.02135864
v -0.06400001 0.43947679 -0.02067469
v -0.05720196 0.43888441 -0.02243000
v -0.05118272 0.46269882 -0.01751709
v -0.04585398 0.46621174 -0.01817797
v -0.04736423 0.45843190 -0.01959600
v -0.05303912 0.46074277 -0.00940230
v -0.06480255 0.45083398 -0.00599512
v -0.06845123 0.44731697 0.00172141
v -0.06928226 0.44181144 -0.00059037
v -0.06210752 0.44303539 -0.00800871
v -0.06906947 0.44464108 0.01090835
v -0.07021412 0.44034413 0.00611138
v -0.05948176 0.46634051 -0.00799947
v -0.06187532 0.46767128 -0.00223889
v -0.05747162 0.46688771 -0.01729326
v -0.05908987 0.43690893 -0.01260688
v -0.05838451 0.43004581 -0.01411037
v -0.05866482 0.42227778 -0.01208658
v -0.06003793 0.43609688 0.00167172
v -0.05999237 0.42039612 -0.00097443
v -0.05899834 0.43967929 -0.00242246
v -0.05964115 0.41774637 -0.01771251
v -0.05937825 0.41115212 -0.01197197
v -0.05917056 0.40427247 -0.00336302
v -0.05963641 0.41614383 0.00329093
v -0.06131612 0.40944657 0.00335668
v -0.06189652 0.41642585 0.00754617
v -0.06290343 0.41056892 0.01150839
v -0.06092174 0.41582549 0.01114547
v -0.05681514 0.43683943 -0.01564867
v -0.05301010 0.42760095 -0.02273002
v -0.06248521 0.42488673 -0.01912264
v -0.06000823 0.42070460 -0.02402199
v -0.05990003 0.41130546 -0.02297604
v -0.06014860 0.42498380 -0.02866956
v -0.06620355 0.40379456 0.00329067
v -0.05561271 0.42210200 -0.03339963
v -0.06612983 0.39350513 -0.00105626
v -0.06447583 0.42831430 0.00401821
v -0.06545309 0.44241226 -0.01734382
v -0.06754839 0.42393982 0.00302816
v -0.07175576 0.42462787 0.01296649
v -0.06943763 0.43245387 0.01208526
v -0.06957200 0.42216018 0.01369107
v -0.06753197 0.41428125 0.01548800
v -0.06949680 0.42520192 0.02166245
v -0.05238539 0.43226215 -0.02402882
v -0.05634295 0.43747249 -0.02679584
v -0.06305569 0.38717732 -0.00404932
v -0.05741276 0.42697605 -0.02967049
v -0.05770904 0.43352643 -0.03399751
v -0.05544002 0.47325853 0.00580748
v -0.05213678 0.48051250 0.00522760
v -0.05168559 0.46930471 0.00195350
v -0.05746296 0.47832984 0.00753100
v -0.05142502 0.46325222 0.00154252
v -0.04512775 0.47174764 0.00292124
v -0.06030340 0.47014990 0.00222524
v 0.05207020 0.45514122 -0.00177506
v 0.04570002 0.45515522 0.00233869
v 0.04905525 0.45127490 0.00787060
v 0.05591872 0.44868553 0.00572323
v 0.04468636 0.45465618 0.00756906
v 0.04630007 0.46186224 0.00075156
v 0.04889836 0.45408380 -0.00886782
v 0.04887739 0.44738767 0.02855329
v 0.05408669 0.44193417 0.03083841
v 0.04807106 0.44298264 0.02329785
v 0.04248691 0.45277584 0.02750385
v 0.05299658 0.43981469 0.02877403
v 0.05318897 0.44011003 0.01734400
v 0.05048365 0.44413066 0.03692495
v 0.04543179 0.45096564 0.01911290
v 0.04461835 0.44878462 0.02940562
v 0.04838427 0.45844737 0.03536524
v 0.04960750 0.45547685 0.04140234
v 0.05081318 0.45536050 0.03482582
v 0.04924051 0.46272421 0.03339360
v 0.04905299 0.45076734 0.03310420
v 0.04527685 0.46048042 0.01808202
v 0.04781011 0.46494547 0.02114530
v 0.04753693 0.46920970 0.02519753
v 0.05094691 0.46644896 0.01381570
v 0.04592232 0.45915890 0.01419108
v 0.04432854 0.45896733 0.00537310
v 0.04854720 0.46963850 0.00492799
v 0.04824424 0.47073853 0.01188624
v 0.04777126 0.47074223 0.01663881
v 0.04557529 0.47869861 0.01375551
v 0.00802833 0.48584157 -0.02108824
v 0.01173925 0.47269833 -0.02072091
v 0.01137322 0.48268896 -0.02604727
v 0.01371206 0.47383171 -0.02843909
v 0.01057800 0.47970966 -0.01474858
v 0.00251062 0.48911470 -0.01631311
v 0.00447614 0.48374349 -0.01230426
v 0.00269311 0.49254310 -0.00838554
v 0.00765467 0.48209456 -0.00338967
v 0.01557043 0.47124997 -0.02169322
v 0.02087245 0.46465799 -0.02379830
v 0.01856195 0.47153193 -0.03432188
v 0.02100597 0.46630698 -0.02848333
v 0.01892075 0.47277480 -0.01051738
v 0.02328299 0.46693313 -0.01841050
v 0.01744108 0.48267725 -0.00771905
v 0.01892449 0.47499597 -0.00566829
v 0.01947414 0.47668901 -0.00194708
v 0.02577207 0.46441847 -0.02345387
v 0.02926314 0.46500677 -0.02916622
v 0.00449253 0.48370844 -0.02356040
v -0.00491925 0.49025318 -0.01107566
v 0.02866495 0.47062120 -0.01471576
v -0.00419733 0.49147069 -0.00568933
v 0.02359423 0.47341079 -0.00512043
v -0.04720967 0.46346089 0.04706918
v -0.04898746 0.47066674 0.05345900
v -0.05558879 0.47064066 0.04895920
v -0.04572252 0.46473357 0.06239363
v -0.04757984 0.46552446 0.04356965
v -0.05824233 0.47367144 0.01789604
v -0.05851513 0.46326488 0.01714859
v -0.05130263 0.46292388 0.01827170
v 0.00636360 0.49187848 0.04505540
v 0.00639439 0.48253381 0.04600363
v 0.01315118 0.48756012 0.04596406
v 0.01062315 0.47445190 0.04578755
v 0.01170955 0.49427888 0.04402531
v 0.00342307 0.47436321 0.06613627
v 0.00815578 0.46813551 0.06920620
v 0.01191663 0.47091326 0.06209000
v 0.00219863 0.47087368 0.07131935
v 0.00195146 0.47175041 0.05871878
v -0.01189833 0.49813804 0.00630457
v -0.01920086 0.49189875 0.00821653
v -0.01262357 0.48966017 0.01249711
v -0.00751969 0.49495715 0.01159877
v -0.01857561 0.49367785 0.00271874
v -0.02393620 0.48195124 0.00703572
v -0.01295776 0.49641418 0.00044418
v -0.02078181 0.48174948 -0.00399050
v -0.03788926 0.48239940 -0.00183175
v -0.03939422 0.48076975 0.00629386
v -0.03406545 0.47406960 -0.00012417
v -0.06396209 0.43353757 0.01479540
v -0.06943763 0.43245387 0.01208526
v -0.06451127 0.42377600 0.01852072
v -0.07175576 0.42462787 0.01296649
v -0.06957200 0.42216018 0.01369107
v -0.06636627 0.43765995 0.01556506
v -0.06544994 0.43889663 0.01104087
v -0.07021412 0.44034413 0.00611138
v -0.06906947 0.44464108 0.01090835
v -0.04338852 0.49060929 0.02247917
v -0.04184428 0.48655671 0.01924250
v -0.04809112 0.47860229 0.02279541
v -0.04541593 0.47354507 0.01880403
v 0.04694951 0.43183446 0.02610902
v 0.05223229 0.43237141 0.03067520
v 0.04322858 0.42265972 0.02992723
v 0.04948765 0.42498109 0.03454268
v 0.05299658 0.43981469 0.02877403
v -0.00645849 0.49695477 0.02762139
v -0.00968724 0.49098596 0.03361095
v -0.00316717 0.48708862 0.03009769
v -0.01192351 0.49953738 0.03028288
v -0.00188115 0.49997237 0.02730175
v -0.01155779 0.48716521 0.03454324
v -0.00511024 0.48784658 0.03637931
v -0.01709749 0.48901716 -0.01699507
v -0.01134847 0.48078632 -0.01346844
v -0.01447428 0.47838271 -0.01925625
v -0.01917663 0.48651892 -0.02315804
v -0.01652719 0.47724873 -0.02191619
v -0.01026787 0.48639506 -0.01073839
v -0.01249635 0.49366230 -0.01165897
v -0.00835990 0.47998017 -0.00778715
v -0.02468823 0.47897425 -0.02401206
v -0.01968854 0.46934339 -0.02368791
v -0.02605706 0.47019091 -0.02797571
v -0.00491925 0.49025318 -0.01107566
v -0.00681934 0.48639810 -0.01021930
v -0.01966624 0.46790847 -0.02881183
v -0.05560059 0.46025595 -0.02609644
v -0.04736423 0.45843190 -0.01959600
v -0.04954842 0.45329237 -0.02555422
v -0.05401624 0.45411170 -0.02822580
v -0.04489010 0.45168698 -0.02656668
v 0.00136474 0.46725845 0.07809794
v -0.00220174 0.46497399 0.07370026
v -0.00285316 0.45119950 0.07120524
v 0.00418685 0.45688283 0.07578865
v -0.00280834 0.47117633 0.08039863
v 0.00681662 0.47049245 0.07690650
v -0.05237137 0.48054761 0.01432624
v -0.04784686 0.47011089 0.01469580
v -0.05482116 0.47020411 0.01523494
v -0.04541593 0.47354507 0.01880403
v -0.00904798 0.45418629 -0.04806092
v -0.01048871 0.45421031 -0.04286248
v -0.00368619 0.45514756 -0.04277970
v 0.00302530 0.45638061 -0.04936422
v -0.00280516 0.45461908 -0.03674446
v -0.06928226 0.44181144 -0.00059037
v -0.06210752 0.44303539 -0.00800871
v -0.05899834 0.43967929 -0.00242246
v -0.07021412 0.44034413 0.00611138
v -0.06003793 0.43609688 0.00167172
v -0.05820981 0.43478817 0.03430233
v -0.06426793 0.44139025 0.03745264
v -0.06626026 0.43267885 0.03405331
v -0.07144798 0.44054025 0.03266944
v -0.05915244 0.44647864 0.03422585
v -0.05946236 0.44942740 0.03335308
v -0.06857513 0.44434401 0.03334340
v -0.06451835 0.45116213 0.03536040
v -0.06874520 0.45368817 0.03366727
v -0.06387775 0.45505446 0.03689121
v -0.06548881 0.46346906 0.03308898
v -0.06266212 0.46424627 0.03543447
v -0.05307299 0.46630415 -0.00283794
v -0.06187532 0.46767128 -0.00223889
v -0.05518373 0.45875764 -0.00171775
v -0.06267248 0.46008730 -0.00386869
v -0.02040361 0.49860594 0.01180284
v -0.02350122 0.49702066 0.01450389
v -0.02030591 0.48597211 0.01771618
v -0.01533948 0.49174970 0.01526438
v -0.02700774 0.49693894 0.01439013
v -0.02567954 0.49424681 0.01784094
v -0.02229766 0.49490792 0.02115674
v -0.05676015 0.45924488 0.03766435
v -0.05770477 0.46053481 0.03271577
v -0.05915244 0.44647864 0.03422585
v -0.04421618 0.47657210 0.03227434
v -0.04947262 0.47565070 0.02809966
v -0.04707779 0.47265714 0.03643528
v -0.05143145 0.46894246 0.02988557
v -0.04225603 0.48637134 0.03770752
v -0.04012506 0.47651517 0.03846446
v -0.03988656 0.47217509 0.03817850
v -0.00220174 0.46497399 0.07370026
v -0.00280834 0.47117633 0.08039863
v -0.00373260 0.45742458 0.07642684
v -0.00285316 0.45119950 0.07120524
v 0.05390169 0.43473640 -0.00142532
v 0.04586782 0.43216422 0.00187641
v 0.05234038 0.42661917 0.00257590
v -0.06179251 0.46651566 0.01077853
v -0.05903760 0.45502490 0.01078072
v -0.06635341 0.46235919 0.01289209
v -0.06741874 0.45600417 0.01218566
v 0.00740119 0.49412632 0.02358607
v 0.00136685 0.49587873 0.02203271
v 0.00199904 0.48563781 0.02710790
v -0.02190388 0.49516511 0.02538209
v -0.02474289 0.49778321 0.02938657
v -0.02044515 0.48289740 0.02725223
v -0.02352846 0.49049991 0.03141642
v -0.01644329 0.49448553 0.02465471
v -0.06992028 0.45330834 0.01408765
v -0.07123411 0.45317245 0.02237425
v -0.06404789 0.45465270 0.02392500
v -0.06056348 0.45482931 0.01838508
v 0.16498455 -0.01747635 -0.03755853
v 0.15578651 -0.01136886 -0.03520167
v 0.14848962 -0.00201550 -0.02810305
v 0.16167980 -0.02175150 -0.03997215
v 0.17146695 -0.02604547 -0.03456518
v 0.17538656 -0.02113373 -0.02863336
v 0.17872806 -0.02606109 -0.01485865
v 0.17266181 -0.01928166 -0.00940468
v 0.17890374 -0.01828534 0.00739400
v 0.17135732 -0.01992732 -0.02518637
v 0.16332088 -0.01637521 -0.03202265
v 0.17356502 -0.01624295 0.00240330
v 0.14982192 -0.00495902 -0.02212385
v 0.17822117 -0.01417278 0.00775526
v 0.17755969 -0.01114825 0.01845384
v 0.02295710 0.48165479 0.04378911
v 0.03047494 0.47890633 0.04434142
v 0.02613749 0.47219774 0.04124529
v 0.03726749 0.47886491 0.04473330
v 0.02120489 0.47677466 0.04022153
v 0.02609721 0.47017887 0.03569853
v 0.03886419 0.46563560 0.02754962
v 0.03473397 0.46950284 0.03004476
v 0.04194738 0.47346845 0.03565603
v 0.04119942 0.47952455 0.03623572
v 0.03284267 0.47433120 0.03498898
v 0.02697288 0.47279629 0.02893023
v 0.04004248 0.47784442 0.04081193
v 0.03518147 0.47039023 0.02116931
v 0.02020682 0.47809908 0.04406351
v 0.02926314 0.46500677 -0.02916622
v 0.03126015 0.45832518 -0.03173029
v 0.02564854 0.45562956 -0.02806925
v 0.02299827 0.45988116 -0.02483392
v 0.03226899 0.45002568 -0.03571026
v 0.02062820 0.45258054 -0.03014216
v 0.02266868 0.44974548 -0.03501561
v 0.01552358 0.45348555 -0.04387603
v 0.01063966 0.45891315 -0.03500694
v 0.01439377 0.45727009 -0.03041891
v 0.01107193 0.45989308 -0.02567849
v 0.00547185 0.46286029 -0.03434993
v 0.02294417 0.45013213 -0.04204261
v 0.00202952 0.45728973 -0.03951612
v 0.00513329 0.45452735 -0.04068916
v 0.00302530 0.45638061 -0.04936422
v 0.00552775 0.45443708 -0.04917392
v 0.00215434 0.46857917 -0.04501057
v 0.00255793 0.47209996 -0.03390775
v 0.01112898 0.46800572 -0.02877424
v 0.13234206 -0.01347913 0.02373977
v 0.13297530 -0.02578375 0.02244384
v 0.12728457 -0.01817875 0.02431026
v 0.12969825 -0.03595362 0.02510915
v 0.12486384 -0.02985953 0.03021879
v 0.12107236 -0.04083071 0.03057586
v 0.11905025 -0.02587350 0.03344101
v 0.11914335 0.02611212 0.03315475
v 0.12406078 0.02138598 0.03026041
v 0.12276012 0.02902716 0.03180091
v 0.12659523 0.01842831 0.02353960
v 0.13008057 0.00022689 0.02022703
v 0.13116801 -0.00577623 0.02057933
v -0.02624550 0.49890631 0.02695762
v -0.02190388 0.49516511 0.02538209
v -0.02229766 0.49490792 0.02115674
v -0.02474289 0.49778321 0.02938657
v -0.02567954 0.49424681 0.01784094
v -0.01644329 0.49448553 0.02465471
v -0.02030591 0.48597211 0.01771618
v -0.02350122 0.49702066 0.01450389
v -0.04372554 0.43429399 -0.04482864
v -0.03926672 0.43181846 -0.04789088
v -0.03965644 0.42976394 -0.03699479
v -0.03612884 0.42721057 -0.04452395
v -0.04374224 0.43485928 -0.03450988
v -0.01343811 0.49358979 0.04014226
v -0.00770921 0.48659182 0.04191790
v -0.01155779 0.48716521 0.03454324
v -0.01262510 0.49794215 0.04432884
v -0.00882786 0.48853183 0.04477431
v -0.00281163 0.48119193 0.04415584
v -0.00704245 0.48139158 0.04802985
v -0.14727736 -0.12926440 0.03750418
v -0.14533886 -0.13593839 0.04248279
v -0.15058829 -0.13698970 0.04159373
v -0.15403551 -0.12758626 0.03630858
v -0.14959027 -0.13796143 0.04856333
v -0.15632617 -0.13527296 0.04612257
v -0.17019695 -0.08983793 0.03631379
v -0.16468745 -0.09203318 0.03702139
v -0.17586085 -0.08989014 0.03778059
v -0.16227618 -0.08731323 0.03237954
v -0.17629674 -0.08590014 0.03570080
v -0.16340166 -0.11688756 0.03712294
v -0.15905216 -0.11253206 0.03954104
v -0.17343509 -0.10345298 0.04237545
v -0.16705514 -0.11975054 0.04088574
v -0.16906923 -0.11575423 0.04758494
v -0.16384219 -0.12476739 0.04780027
v -0.00502675 0.47709048 -0.01815105
v 0.00204004 0.47412726 -0.02099465
v -0.00331233 0.47420278 -0.02217263
v -0.01126753 0.48247817 -0.02795750
v -0.01447428 0.47838271 -0.01925625
v -0.00711505 0.47950026 -0.01355237
v -0.01134847 0.48078632 -0.01346844
v -0.00835990 0.47998017 -0.00778715
v 0.04164542 0.42757463 0.03763905
v 0.04322858 0.42265972 0.02992723
v 0.04948765 0.42498109 0.03454268
v 0.04217108 0.43811092 0.04158117
v 0.04061852 0.43305466 0.03761721
v 0.04646050 0.43392581 0.03890073
v 0.04609830 0.43635258 0.04140616
v 0.05250636 0.43722317 0.03458656
v 0.05223229 0.43237141 0.03067520
v 0.05299658 0.43981469 0.02877403
v -0.03587465 0.46015441 -0.04094470
v -0.03346083 0.45812595 -0.03245548
v -0.02945616 0.45325550 -0.03574240
v -0.03036241 0.45287618 -0.04279952
v -0.03557179 0.46597505 -0.03680540
v 0.04398390 0.44563431 0.05067067
v 0.04340530 0.43794671 0.04991795
v 0.04217108 0.43811092 0.04158117
v 0.04109148 0.44343016 0.04324560
v 0.04576722 0.45053700 0.04613135
v 0.04357420 0.45314786 0.05472438
v 0.04587782 0.43966767 0.03340001
v 0.03767334 0.43458557 0.04520657
v 0.05048365 0.44413066 0.03692495
v 0.05408669 0.44193417 0.03083841
v 0.05299658 0.43981469 0.02877403
v 0.04960750 0.45547685 0.04140234
v -0.04742144 0.48078376 0.00235095
v -0.04656519 0.47779411 0.01156252
v -0.04431705 0.47294813 0.00661978
v -0.04512775 0.47174764 0.00292124
v -0.04181400 0.40883917 -0.03470028
v -0.04438438 0.40496477 -0.03154562
v -0.04594731 0.41193342 -0.03947158
v -0.05186976 0.41090330 -0.03892159
v 0.01444718 0.46772650 -0.03362719
v 0.02100597 0.46630698 -0.02848333
v 0.01402076 0.46141642 -0.02934223
v 0.01856195 0.47153193 -0.03432188
v 0.02299827 0.45988116 -0.02483392
v 0.02926314 0.46500677 -0.02916622
v 0.01439377 0.45727009 -0.03041891
v -0.01015922 0.40573943 -0.05567712
v -0.00898234 0.39796156 -0.05522836
v -0.01303657 0.40467376 -0.05148334
v -0.01246486 0.39743662 -0.04834025
v -0.01332544 0.38939494 -0.04111038
v -0.01264908 0.40996397 -0.05926537
v -0.01521676 0.40863654 -0.05018595
v -0.01441743 0.41548723 -0.05086391
v -0.02182322 0.40870577 -0.04559637
v -0.04821025 0.47718069 0.04854096
v -0.05558879 0.47064066 0.04895920
v -0.04898746 0.47066674 0.05345900
v -0.03551377 0.48606282 0.00906033
v -0.03942953 0.48231763 0.01102997
v -0.03194927 0.48203439 0.00987967
v -0.03555062 0.47465205 0.01401897
v -0.04291179 0.48815760 0.01354345
v -0.01325147 0.49804792 0.02603417
v -0.00645849 0.49695477 0.02762139
v -0.00846233 0.48913583 0.02350706
v -0.01192351 0.49953738 0.03028288
v -0.00334115 0.49132597 0.02073658
v -0.00188115 0.49997237 0.02730175
v 0.00239372 0.19564064 0.08853593
v 0.00273029 0.19342971 0.09126690
v 0.00728879 0.18600459 0.08852968
v -0.00308887 0.20374122 0.08731045
v 0.01292548 0.18540306 0.09291767
v 0.02094272 0.18119065 0.09142417
v 0.02539939 0.14388430 0.08376024
v 0.03853253 0.14678374 0.08730189
v 0.04070600 0.13981159 0.08439468
v 0.02859988 0.16444159 0.08746874
v 0.01466361 0.15257627 0.08368263
v 0.01756262 0.16851172 0.08645901
v 0.00981561 0.16156495 0.08318965
v 0.00583732 0.17165937 0.08359405
v 0.00122904 0.16945869 0.08180905
v -0.00080906 0.18811534 0.08140690
v 0.04946911 0.12421045 0.08257842
v 0.03582342 0.13412562 0.08002064
v 0.03199794 0.13987041 0.07977130
v 0.04103386 0.12690261 0.07950242
v 0.04814541 0.11968928 0.07974056
v 0.05681060 0.11599603 0.07947677
v 0.05160011 0.11229244 0.07621305
v 0.06383876 0.10752013 0.07648343
v 0.05589380 0.10573706 0.07342701
v 0.06079149 0.09570422 0.07148889
v 0.06456248 0.08812504 0.07114130
v 0.07159828 0.09657355 0.07343800
v 0.07925793 0.08617036 0.06860885
v 0.06822385 0.07978588 0.06886669
v 0.07908099 0.07916426 0.06764950
v 0.13154650 -0.01293898 0.00433265
v 0.13693435 -0.01738776 0.00504523
v 0.13464129 -0.01139812 0.01287769
v 0.13351688 -0.00535646 0.01171033
v 0.12727390 0.00059254 -0.00761438
v 0.12519358 -0.01056814 -0.01329564
v 0.12271345 0.00892278 -0.01710603
v 0.13393450 0.00181062 0.00446083
v 0.13476250 0.01049936 -0.00474511
v 0.13114420 0.01044006 -0.00977633
v 0.13587980 0.02066078 -0.00588470
v 0.13233316 0.02791825 -0.01475333
v 0.12972252 0.01081791 -0.01671943
v 0.13752949 0.02956355 -0.01127796
v 0.12130422 -0.00252641 -0.01613826
v 0.14155748 0.01962207 -0.00381067
v 0.12587371 0.01123535 -0.01872478
v 0.11343375 0.01037869 -0.02338691
v 0.11103468 0.00669160 -0.01637088
v 0.14253026 0.02292280 -0.00648686
v 0.10307415 0.00480550 -0.01209867
v 0.13994168 0.02983090 -0.01615808
v 0.12255415 -0.01067459 -0.01855226
v -0.06077949 0.44765973 0.00768281
v -0.06906947 0.44464108 0.01090835
v -0.06544994 0.43889663 0.01104087
v 0.12276185 -0.08893717 0.06136728
v 0.13008432 -0.08692980 0.06671456
v 0.12198819 -0.08593392 0.06871518
v 0.12979341 -0.08751280 0.05414132
v 0.12175361 -0.08461307 0.05404943
v 0.12874684 -0.08001234 0.04544492
v 0.13246521 -0.08155141 0.05039733
v 0.13524729 -0.07815143 0.04519543
v 0.13074176 -0.07521913 0.04185570
v 0.13430710 -0.06042415 0.04089200
v 0.12779246 -0.05864162 0.03813200
v -0.00586178 0.46655005 -0.03370021
v -0.00113100 0.46676686 -0.03553033
v -0.00280516 0.45461908 -0.03674446
v 0.00255793 0.47209996 -0.03390775
v -0.00731470 0.46018460 -0.03773564
v -0.01048871 0.45421031 -0.04286248
v 0.05390169 0.43473640 -0.00142532
v 0.05312136 0.43321180 0.00623880
v 0.04586782 0.43216422 0.00187641
v 0.01486779 0.49141273 0.00072163
v 0.01918265 0.48042974 0.00320541
v 0.02322537 0.48398152 0.00215784
v 0.07317801 -0.49033776 0.05712992
v 0.07504915 -0.48998061 0.07160777
v 0.08110492 -0.48780456 0.08886904
v 0.08234905 -0.48815575 0.09706280
v 0.04905525 0.45127490 0.00787060
v 0.04238245 0.44754520 0.00667922
v 0.04400432 0.44513726 0.00592498
v 0.05591872 0.44868553 0.00572323
v 0.00342307 0.47436321 0.06613627
v 0.00086717 0.47018686 0.06704710
v -0.00206283 0.47461605 0.07145059
v 0.00123941 0.48109582 0.07456544
v 0.00195146 0.47175041 0.05871878
v -0.00106407 0.47082776 0.07719993
v -0.00472573 0.47036305 0.06224773
v -0.00587743 0.47508597 0.07102838
v -0.01857561 0.49367785 0.00271874
v -0.01645741 0.48288664 -0.00112949
v -0.02078181 0.48174948 -0.00399050
v -0.01295776 0.49641418 0.00044418
v -0.00970668 0.49573994 0.01699094
v -0.01231657 0.49608746 0.02166052
v -0.00334115 0.49132597 0.02073658
v -0.00217341 0.49625823 0.01422911
v -0.00846233 0.48913583 0.02350706
v -0.01246549 0.49920192 0.01839887
v -0.01325147 0.49804792 0.02603417
v 0.04587782 0.43966767 0.03340001
v 0.04609830 0.43635258 0.04140616
v 0.05250636 0.43722317 0.03458656
v 0.05299658 0.43981469 0.02877403
v 0.04217108 0.43811092 0.04158117
v -0.02800575 0.40663257 -0.04614565
v -0.02182322 0.40870577 -0.04559637
v -0.01942349 0.40499893 -0.05346756
v -0.01521676 0.40863654 -0.05018595
v -0.01303657 0.40467376 -0.05148334
v -0.02040361 0.49860594 0.01180284
v -0.01533948 0.49174970 0.01526438
v -0.01920086 0.49189875 0.00821653
v -0.01262357 0.48966017 0.01249711
v -0.00618130 0.49282968 -0.00375222
v -0.00124568 0.48808575 -0.00313765
v -0.00419733 0.49147069 -0.00568933
v 0.00269311 0.49254310 -0.00838554
v 0.00765467 0.48209456 -0.00338967
v 0.00342873 0.48115116 -0.00062905
v -0.00445913 0.48059034 0.00095082
v 0.04468636 0.45465618 0.00756906
v 0.05265356 0.45649830 0.01308607
v 0.04905525 0.45127490 0.00787060
v 0.04592232 0.45915890 0.01419108
v 0.05171599 0.44515330 0.01010789
v 0.05417910 0.44823134 0.01330250
v 0.05402216 0.44045448 0.01259778
v 0.04238245 0.44754520 0.00667922
v 0.04400432 0.44513726 0.00592498
v 0.04477308 0.44045836 0.00162783
v 0.05632075 0.43947628 0.00532287
v 0.04483265 0.43598855 -0.00461971
v 0.05390169 0.43473640 -0.00142532
v 0.04519164 0.42653069 -0.00870214
v 0.05412841 0.42443341 -0.00169948
v 0.04903063 0.42168066 -0.00540826
v 0.04744615 0.42209098 -0.01154291
v 0.04205937 0.44154370 -0.00818299
v 0.04437412 0.43595096 -0.01086382
v 0.04329507 0.44670394 -0.00388393
v 0.00136685 0.49587873 0.02203271
v 0.00706201 0.49292085 0.02111421
v 0.00252106 0.48577324 0.01810498
v 0.00740119 0.49412632 0.02358607
v 0.04586782 0.43216422 0.00187641
v 0.05312136 0.43321180 0.00623880
v 0.05234038 0.42661917 0.00257590
v 0.00669479 0.47679546 0.07323761
v 0.00799789 0.47070655 0.07468417
v 0.00219863 0.47087368 0.07131935
v 0.00855803 0.47810429 0.07590491
v 0.00123941 0.48109582 0.07456544
v 0.00342307 0.47436321 0.06613627
v 0.00815578 0.46813551 0.06920620
v -0.02474289 0.49778321 0.02938657
v -0.03028055 0.48722991 0.02974409
v -0.02352846 0.49049991 0.03141642
v -0.02799325 0.48006341 0.03328295
v -0.01822773 0.48335955 0.03742066
v -0.02624550 0.49890631 0.02695762
v -0.01775236 0.49796587 0.03341294
v -0.05946236 0.44942740 0.03335308
v -0.05970304 0.44783905 0.04028881
v -0.06623192 0.45237720 0.04171454
v -0.06451835 0.45116213 0.03536040
v -0.05860764 0.45414388 0.04779301
v 0.12305972 -0.06132226 0.03994104
v 0.11696571 -0.06837557 0.04482260
v 0.11118620 -0.07486651 0.04331361
v 0.11322916 -0.07022248 0.03921443
v 0.12296311 -0.05820315 0.03526702
v 0.10331892 -0.07618453 0.03558459
v 0.09646085 -0.08442000 0.04776787
v 0.10110099 -0.07766721 0.03200618
v 0.12779246 -0.05864162 0.03813200
v 0.12825711 -0.04798167 0.02999594
v 0.12641090 -0.06194202 0.04086738
v 0.10334665 -0.05517260 0.03036235
v 0.11327831 -0.01039276 0.03200167
v 0.11905025 -0.02587350 0.03344101
v 0.10057461 -0.02909605 0.02994390
v 0.11914335 0.02611212 0.03315475
v 0.10381325 -0.04256354 0.02931589
v 0.12107236 -0.04083071 0.03057586
v 0.12071714 -0.04991721 0.03153897
v 0.11163735 0.02558109 0.02939380
v 0.09892683 -0.00537948 0.02408611
v 0.10261722 0.00775351 0.02300048
v 0.09422527 0.01620959 0.02047721
v 0.09226310 0.00943473 0.02022120
v 0.09008023 0.03327474 0.01926958
v 0.11418116 0.03085523 0.02885892
v 0.09767008 -0.00996883 0.02276772
v 0.09425768 0.04469962 0.01865059
v 0.10219779 -0.04848455 0.02570654
v 0.09717637 0.02270450 0.01743055
v 0.10256182 0.01967469 0.01823391
v 0.10369496 0.03237854 0.01447561
v 0.10681635 0.02815194 0.01771097
v 0.11386754 0.03298309 0.01553322
v 0.11162368 0.04110308 0.01420641
v 0.12361808 0.03680186 0.01632931
v 0.12969825 -0.03595362 0.02510915
v 0.12276012 0.02902716 0.03180091
v 0.11739486 0.04451852 0.01767101
v 0.09897462 0.05153928 0.02105604
v 0.12418914 0.03297229 0.02057209
v 0.08877085 0.04575607 0.02246683
v 0.01327635 0.48596859 0.03123184
v 0.01130029 0.47672391 0.03344915
v 0.01432400 0.48263690 0.03759576
v 0.03110127 0.47500712 0.04873307
v 0.02412366 0.47337988 0.04555531
v 0.02157940 0.47525725 0.05194231
v 0.02490417 0.47342545 0.05654372
v 0.03047494 0.47890633 0.04434142
v 0.03726749 0.47886491 0.04473330
v 0.02020682 0.47809908 0.04406351
v 0.02295710 0.48165479 0.04378911
v 0.04143216 0.47431338 0.04458887
v 0.03447240 0.47038138 0.04875061
v 0.03896752 0.47076583 0.04737236
v 0.04265116 0.46989319 0.05001062
v 0.03510477 0.46700430 0.05462448
v 0.03995463 0.45974237 0.05325199
v 0.04004248 0.47784442 0.04081193
v -0.06136710 0.46447977 0.01313518
v -0.05851513 0.46326488 0.01714859
v -0.06081874 0.46688142 0.02996766
v -0.05738741 0.46303645 0.02083453
v -0.05770797 0.46291441 0.02740350
v -0.06029619 0.46971196 0.01227820
v -0.06028917 0.47269478 0.02562125
v -0.06179251 0.46651566 0.01077853
v -0.06030340 0.47014990 0.00222524
v -0.05746296 0.47832984 0.00753100
v -0.05824233 0.47367144 0.01789604
v -0.06019031 0.46420982 0.00623026
v -0.05945190 0.45482388 0.00578253
v -0.06005903 0.45853359 0.00074590
v -0.05903760 0.45502490 0.01078072
v -0.03444575 0.47226688 0.07452419
v -0.03374176 0.46581629 0.07903587
v -0.02704301 0.46801242 0.07932699
v 0.13699943 -0.12259205 0.05646187
v 0.14139515 -0.12396292 0.05894134
v 0.13724118 -0.12360338 0.06563891
v 0.14305013 -0.12320776 0.06591589
v 0.15195505 -0.11662504 0.06309105
v 0.14733043 -0.11639915 0.05673961
v 0.15723927 -0.10584109 0.05744670
v -0.00603415 0.49045554 0.05467508
v -0.00177363 0.48664618 0.05682399
v -0.00709748 0.47992986 0.05405025
v 0.02942252 0.47725025 0.06255841
v 0.02755216 0.47078231 0.06484988
v 0.03458907 0.46758872 0.06412126
v 0.01517217 0.48134223 0.06522436
v 0.01653655 0.47625563 0.06675827
v 0.01932747 0.47815260 0.05738173
v 0.01504495 0.48275849 0.06009975
v 0.01871823 0.47113091 0.05693800
v 0.01956223 0.47097206 0.07394955
v 0.01630276 0.47388744 0.07500146
v 0.02490417 0.47342545 0.05654372
v 0.02484680 0.48003462 0.05784502
v 0.02659919 0.47046199 0.05895419
v 0.02249631 0.48589471 0.05423056
v 0.01752179 0.49129352 0.04865339
v 0.03126787 0.46915838 0.06727228
v 0.03709022 0.43272310 -0.01824164
v 0.03740928 0.42758420 -0.01833937
v 0.03277383 0.42733407 -0.02776975
v -0.04999482 0.47198689 -0.01932030
v -0.04493171 0.47326806 -0.01322969
v -0.04585398 0.46621174 -0.01817797
v -0.04176817 0.47128630 -0.01019569
v -0.03731463 0.46744335 -0.01206031
v -0.05118272 0.46269882 -0.01751709
v -0.05747162 0.46688771 -0.01729326
v -0.05945190 0.45482388 0.00578253
v -0.06413872 0.45286366 0.00349408
v -0.06741874 0.45600417 0.01218566
v -0.05903760 0.45502490 0.01078072
v -0.05579303 0.47085083 0.02235034
v -0.05130263 0.46292388 0.01827170
v -0.05738741 0.46303645 0.02083453
v 0.16738099 -0.08738452 0.02348154
v 0.16203710 -0.09161455 0.02245739
v 0.16101724 -0.10221070 0.02105648
v 0.15753905 -0.09390455 0.01552456
v 0.15888935 -0.08224929 0.01970287
v 0.14848012 -0.10549257 0.01543446
v 0.14533059 -0.11483319 0.02076864
v 0.14075930 -0.11021770 0.01503909
v 0.13675436 -0.11697751 0.01627948
v 0.13785210 -0.11522578 0.00957758
v 0.02246274 0.42389721 -0.04353014
v 0.03127836 0.42376071 -0.03683648
v 0.02832228 0.42179236 -0.03362495
v 0.02461721 0.41773653 -0.03248704
v 0.01748679 0.41619444 -0.03755244
v 0.01731080 0.41794649 -0.04900857
v 0.01808164 0.42381537 -0.05195016
v 0.01876543 0.41001567 -0.04600893
v 0.01699522 0.41116723 -0.05128573
v 0.01843197 0.40942439 -0.03800531
v 0.01719564 0.40325904 -0.04406755
v 0.01093222 0.32253247 0.03159856
v 0.01658982 0.32891965 0.03071753
v 0.00869150 0.32223225 0.03586701
v 0.02400969 0.33644894 0.02779721
v 0.02297509 0.32600474 0.02151139
v 0.01352078 0.30797562 0.02744243
v 0.02642772 0.31201398 0.01687980
v -0.00044140 0.31597507 0.03393147
v -0.00057731 0.30005965 0.03268796
v -0.00207453 0.31866869 0.03721517
v 0.00022878 0.18779971 0.07781133
v 0.00122904 0.16945869 0.08180905
v 0.01188664 0.16794790 0.08004746
v 0.00981561 0.16156495 0.08318965
v 0.01493521 0.18865801 0.07735117
v 0.00269602 0.20168526 0.07433596
v 0.03472644 0.21255235 0.07290664
v 0.03420627 0.19376980 0.07691346
v -0.00443944 0.19857520 0.07632221
v 0.00250434 0.22498877 0.06560799
v -0.00833125 0.21140878 0.07231950
v 0.03396630 0.23285510 0.06401699
v -0.01502506 0.22475605 0.06671277
v -0.01993290 0.23464632 0.06239234
v 0.00364933 0.25464520 0.05010128
v -0.01807940 0.27079183 0.04166873
v -0.01765365 0.28407905 0.03483694
v 0.00386993 0.27334887 0.04119940
v 0.03154710 0.25685391 0.04897557
v -0.04027412 0.28013971 0.03393038
v -0.00049881 0.29088193 0.03548176
v -0.02339097 0.24782114 0.05545442
v -0.02940936 0.26330021 0.04638400
v 0.01217046 0.27843547 0.03753272
v 0.01496659 0.30130461 0.03225247
v -0.01311535 0.30585846 0.03003846
v -0.02225663 0.30477253 0.03067803
v 0.06230319 0.21481709 0.06614279
v 0.05439263 0.19415563 0.07228535
v 0.05225550 0.24179819 0.05456323
v 0.07389578 0.26943111 0.03174559
v 0.07446659 0.24291116 0.04639734
v 0.02006248 0.28108105 0.03388340
v -0.03276792 0.29055852 0.02738219
v 0.08590356 0.25355160 0.03595078
v 0.10716888 0.26733777 0.02157337
v 0.03803457 0.29344156 0.01843108
v -0.04044863 0.27028435 0.04299929
v -0.05347143 0.28826728 0.02489272
v -0.08586483 0.28396931 0.02000161
v -0.06122233 0.25844419 0.04562519
v -0.02899389 0.25283808 0.05713479
v -0.02474216 0.24438758 0.06334480
v -0.04774240 0.23867190 0.05920137
v -0.02108461 0.23637098 0.06893359
v -0.02559971 0.22025914 0.07365897
v -0.04338026 0.29678854 0.01713098
v 0.07809544 0.28197429 0.01829671
v 0.11076447 0.27944729 0.00862987
v 0.02803365 0.30795532 0.02091764
v -0.02305558 0.30975181 0.02527105
v 0.03327515 0.17102525 0.07515161
v 0.02566985 0.14863586 0.08024653
v 0.01466361 0.15257627 0.08368263
v 0.10368542 0.25421965 0.02723252
v 0.08582637 0.23455706 0.04117740
v 0.02539939 0.14388430 0.08376024
v 0.07956561 0.29182637 0.00674436
v 0.04580221 0.30339783 0.00469787
v 0.05011852 0.14073637 0.07106075
v 0.03199794 0.13987041 0.07977130
v 0.03582342 0.13412562 0.08002064
v 0.04103386 0.12690261 0.07950242
v 0.05433431 0.16860585 0.06741473
v -0.06826490 0.22918355 0.05513053
v -0.09327999 0.25222644 0.03538943
v -0.05919448 0.20873751 0.06526345
v -0.03790373 0.21903892 0.06871726
v -0.05127018 0.19280069 0.07153863
v -0.01806553 0.18761963 0.08012082
v -0.03130794 0.16982372 0.07847124
v -0.01497156 0.22706412 0.07516483
v -0.11049387 0.27083632 0.01795890
v -0.00309885 0.16267270 0.08727425
v -0.00269397 0.10958710 0.09530040
v 0.01770096 0.13470809 0.08892456
v 0.02342689 0.12487922 0.08946153
v 0.01913438 0.08172276 0.09532239
v -0.00044778 0.04064899 0.10285475
v 0.01600952 0.02995787 0.10094374
v -0.00042918 -0.01491681 0.10838127
v 0.02271956 -0.04268912 0.10851961
v -0.00017123 -0.04290759 0.11164837
v 0.05697405 -0.00559539 0.09384483
v 0.03741189 -0.04283968 0.10537946
v 0.02733530 0.03741086 0.09607017
v 0.05175248 0.09145895 0.08184037
v 0.05237366 0.02967740 0.09059865
v 0.05029042 0.04243403 0.08737928
v 0.06256583 -0.04265514 0.09708661
v -0.02805375 -0.04202043 0.10756422
v -0.02240508 0.02813591 0.09998249
v -0.02246785 0.09685282 0.09288488
v 0.03595744 0.11907288 0.08697388
v 0.01791500 0.14394812 0.09036095
v 0.05681060 0.11599603 0.07947677
v 0.06703890 0.08390325 0.07596581
v 0.04946911 0.12421045 0.08257842
v -0.04438861 -0.00782479 0.09769107
v -0.04257867 -0.04226281 0.10393363
v -0.06508693 0.03722003 0.08757919
v -0.06473256 0.06715417 0.08404920
v -0.03701915 0.07220080 0.09020314
v -0.06479203 0.10092383 0.07788296
v -0.04875667 0.12271371 0.07737505
v -0.06896055 0.14496943 0.06854081
v -0.06446531 -0.01781373 0.09242781
v -0.02820664 0.13924585 0.08429509
v -0.07225339 0.17245677 0.06565619
v -0.07361199 0.19004470 0.06373783
v -0.06718305 -0.04091351 0.09469121
v -0.01660227 0.32499647 0.03209985
v 0.06383876 0.10752013 0.07648343
v 0.07159828 0.09657355 0.07343800
v 0.07934358 0.08572176 0.07004096
v 0.10159309 0.04955157 0.06094625
v 0.08379884 0.05316596 0.06731633
v 0.09303337 0.03641573 0.06383500
v 0.06800447 0.06624393 0.07242407
v 0.07396811 0.05141084 0.06815069
v 0.09011695 0.07426208 0.06499206
v 0.10094248 0.06165152 0.06076854
v 0.06606726 0.19354717 0.06541035
v 0.00781043 0.16150202 0.09005710
v -0.01137371 0.21838026 0.08073680
v -0.08427084 0.22442511 0.04889780
v 0.12363771 0.24643408 0.01530860
v 0.11027831 0.23110753 0.02638196
v 0.10087915 0.23598683 0.02702737
v 0.09718217 0.22352989 0.02490757
v 0.11610384 0.19481051 0.02330536
v 0.10789639 0.16275869 0.02012020
v 0.12518822 0.15596440 0.02098034
v 0.14058788 0.15858011 0.01474169
v 0.12810275 0.19741915 0.01764080
v 0.12706925 0.23080513 0.01628576
v 0.11796261 0.14512661 0.01889497
v 0.13618919 0.20305350 0.01173551
v 0.15020712 0.16104941 0.00860686
v 0.10592702 0.05382572 0.05737518
v 0.10274550 0.03597848 0.06482036
v 0.08082271 0.03786847 0.06307339
v 0.09468486 0.23076822 0.03439020
v 0.08495427 0.21794684 0.04496732
v 0.06550050 0.02879155 0.07911151
v 0.07949739 -0.04371758 0.08224746
v 0.06598911 -0.04344266 0.09438308
v 0.07185295 -0.00824164 0.08041658
v 0.08355071 0.00394519 0.06520925
v 0.09665529 0.18566543 0.01952168
v 0.06389953 0.14931643 0.05774423
v 0.07389740 0.16970274 0.04854635
v 0.06101359 0.12619151 0.06195758
v 0.10265627 0.14300853 0.01388542
v 0.03548168 0.31823039 0.00419636
v 0.07892373 0.19373590 0.05138195
v 0.13535482 0.14970016 0.01299158
v 0.12981172 0.13076827 0.01185060
v 0.14140452 0.12988441 0.00776454
v 0.13710332 0.11698729 0.01073390
v 0.15520768 0.12082567 0.00387043
v 0.15146518 0.13076174 0.00247130
v 0.14515373 0.09359211 0.02103336
v 0.15961769 0.09724020 0.01460971
v 0.16381617 0.06394941 0.02291427
v 0.14835541 0.05885949 0.03045966
v 0.16222581 0.03081682 0.03137807
v 0.14917417 -0.00075290 0.04222772
v 0.16148959 -0.00177304 0.03778836
v 0.14732312 0.14610824 0.00467086
v 0.14583856 0.15501195 0.00684534
v 0.08643118 0.02247879 0.05862847
v 0.07221692 0.14142212 0.04780571
v 0.07287996 0.11385547 0.04877692
v 0.08767682 -0.02058534 0.06610069
v 0.08871921 -0.04414814 0.07253584
v 0.02655102 0.32395908 0.01466054
v 0.07565660 0.08761802 0.05155788
v 0.09524708 -0.04480506 0.06326636
v 0.08888049 -0.00183799 0.05812657
v -0.00110424 0.17225100 0.09124191
v 0.12358410 0.25777432 0.00579254
v 0.04947329 0.31219968 -0.01185409
v 0.09739953 0.17063779 0.01634772
v 0.13141844 0.24232906 0.00190198
v 0.09213824 -0.02274595 0.05799473
v 0.14072432 0.20338930 0.00175638
v 0.15395273 0.16175286 0.00008528
v -0.01392153 0.20097658 0.08246940
v -0.00308887 0.20374122 0.08731045
v 0.00273029 0.19342971 0.09126690
v 0.09331626 0.20985343 0.02083545
v 0.11215010 0.28469616 -0.00306074
v 0.08047345 0.29914710 -0.00902363
v 0.11605458 0.13933916 0.01497185
v 0.04014458 0.32248369 -0.01456466
v 0.03612916 0.32474956 -0.01083256
v 0.12431996 0.26467624 -0.00680440
v 0.13181765 0.24889088 -0.00967018
v 0.15266547 0.17997648 -0.01239409
v 0.09736513 -0.04628054 0.05738640
v 0.14209636 0.21028545 -0.01273645
v 0.15776674 0.16013120 -0.01463088
v -0.03062183 0.32343757 0.02015330
v -0.03216569 0.31572306 0.01803665
v -0.04333946 0.45148391 -0.03386096
v -0.04990063 0.44964632 -0.03545943
v -0.04489010 0.45168698 -0.02656668
v -0.04077010 0.45671910 -0.02540520
v -0.04652410 0.44763565 -0.02372852
v -0.04983223 0.44085073 -0.02792931
v -0.05440495 0.44036001 -0.03505861
v -0.04171270 0.45958334 -0.03518976
v -0.04320495 0.45400599 -0.04012145
v -0.05634295 0.43747249 -0.02679584
v -0.05770904 0.43352643 -0.03399751
v -0.05741276 0.42697605 -0.02967049
v -0.04736423 0.45843190 -0.01959600
v -0.05252764 0.44800803 -0.02310141
v -0.04391155 0.46569520 -0.03164307
v -0.03809559 0.46052161 -0.03339813
v -0.04171270 0.45958334 -0.03518976
v -0.03736209 0.46832880 -0.03077573
v -0.03428439 0.46688771 -0.02972542
v -0.03135915 0.46882874 -0.02938754
v -0.03647831 0.45491534 -0.02781948
v -0.03434637 0.47375789 -0.02812796
v -0.00177363 0.48664618 0.05682399
v -0.00698026 0.48934582 0.06357826
v -0.00009471 0.48820314 0.06190005
v 0.00248176 0.48748979 0.05647678
v -0.00603415 0.49045554 0.05467508
v -0.03798754 0.48729402 0.02245868
v -0.04338852 0.49060929 0.02247917
v -0.03554650 0.47759408 0.02652707
v -0.03392611 0.48700902 0.02159419
v -0.03570288 0.49398145 0.01804019
v -0.03788954 0.47794542 0.02820125
v -0.03188805 0.48599163 0.01687446
v -0.04809112 0.47860229 0.02279541
v -0.04432045 0.47333255 0.02641415
v -0.05252764 0.44800803 -0.02310141
v -0.04954842 0.45329237 -0.02555422
v -0.04652410 0.44763565 -0.02372852
v -0.04489010 0.45168698 -0.02656668
v -0.05401624 0.45411170 -0.02822580
v -0.05143145 0.46894246 0.02988557
v -0.05628455 0.46954483 0.03288599
v -0.04707779 0.47265714 0.03643528
v -0.06000402 0.46544296 0.04262182
v -0.06081874 0.46688142 0.02996766
v -0.06266212 0.46424627 0.03543447
v -0.06548881 0.46346906 0.03308898
v -0.05577792 0.47618240 0.02831812
v -0.06028917 0.47269478 0.02562125
v -0.04757984 0.46552446 0.04356965
v -0.04529488 0.47404489 0.04135499
v -0.05049215 0.45820659 0.04608288
v -0.04720967 0.46346089 0.04706918
v -0.04842861 0.45476636 0.05437477
v -0.05872440 0.45650122 0.04583217
v -0.05860764 0.45414388 0.04779301
v -0.06612933 0.45478272 0.04139042
v -0.05676015 0.45924488 0.03766435
v -0.06623192 0.45237720 0.04171454
v -0.05855692 0.45708439 0.05379957
v -0.05436482 0.45154130 0.06045157
v -0.06256213 0.45055538 0.05645230
v -0.05094066 0.45484969 0.06775946
v -0.06387775 0.45505446 0.03689121
v -0.04572252 0.46473357 0.06239363
v -0.04578099 0.46702269 0.06694103
v -0.04410990 0.46670166 0.06135533
v -0.04898746 0.47066674 0.05345900
v -0.04009891 0.47168168 0.06777623
v -0.06451835 0.45116213 0.03536040
v -0.06426793 0.44139025 0.03745264
v -0.05820981 0.43478817 0.03430233
v -0.06044965 0.43440348 0.03919788
v -0.06856485 0.44090524 0.04180022
v -0.06411562 0.46222204 0.02381052
v -0.06056348 0.45482931 0.01838508
v -0.06404789 0.45465270 0.02392500
v 0.15184183 -0.01730062 -0.01316241
v 0.14878781 -0.01428035 -0.00817028
v 0.15706101 -0.01751794 -0.00977258
v 0.15418914 -0.02195095 -0.01910012
v 0.15078743 -0.02069234 -0.01712713
v 0.14755501 -0.01821613 -0.01818456
v 0.15064251 -0.01511256 -0.00521318
v 0.16932876 -0.02208804 -0.00304413
v 0.16927887 -0.02695439 -0.00052954
v 0.16719735 -0.02774906 -0.00440497
v 0.16606200 -0.03488299 -0.00974968
v 0.16224822 -0.03403190 -0.01669807
v 0.16370949 -0.04209821 -0.01688071
v 0.15725499 -0.03948814 -0.02346855
v 0.15674718 -0.03429288 -0.02559753
v 0.15863577 -0.02838348 -0.02344271
v 0.16091390 -0.01958622 -0.00131257
v 0.16472103 -0.02204867 -0.00035927
v 0.16437551 -0.01750701 0.00579135
v 0.15815885 -0.01053543 -0.00650447
v 0.16348384 -0.00204901 0.00079456
v 0.15728469 0.00158097 -0.00218582
v 0.16622733 -0.00432627 0.00634314
v 0.17021450 -0.01114856 0.00850879
v 0.17232080 -0.00288831 0.01185261
v 0.16253707 -0.00200678 0.00964129
v 0.17356502 -0.01624295 0.00240330
v 0.17822117 -0.01417278 0.00775526
v 0.17803831 -0.00382310 0.01703343
v 0.16872855 -0.00165418 0.02472790
v -0.14797442 -0.13269000 0.05211179
v -0.15294909 -0.13346846 0.05289526
v -0.14959027 -0.13796143 0.04856333
v -0.14354549 -0.13249618 0.04695784
v -0.14533886 -0.13593839 0.04248279
v -0.14996204 -0.13445604 0.06079687
v -0.15632617 -0.13527296 0.04612257
v -0.16299790 -0.12043058 0.05292984
v -0.16384219 -0.12476739 0.04780027
v -0.05544002 0.47325853 0.00580748
v -0.06019031 0.46420982 0.00623026
v -0.06030340 0.47014990 0.00222524
v -0.04742144 0.48078376 0.00235095
v -0.05213678 0.48051250 0.00522760
v -0.04656519 0.47779411 0.01156252
v 0.03734870 0.44655675 0.05171337
v 0.03624249 0.44795930 0.05824240
v 0.03056857 0.44392189 0.05435593
v -0.03939422 0.48076975 0.00629386
v -0.04262953 0.48119086 0.00210493
v -0.04431705 0.47294813 0.00661978
v -0.04512775 0.47174764 0.00292124
v -0.03788926 0.48239940 -0.00183175
v 0.03709022 0.43272310 -0.01824164
v 0.04335888 0.43083608 -0.01911632
v 0.03740928 0.42758420 -0.01833937
v 0.04536866 0.42539880 -0.02303897
v 0.04092097 0.43628111 -0.02183776
v 0.04846723 0.43575889 -0.02025163
v 0.04972386 0.43956164 -0.01798578
v 0.04757808 0.42814294 -0.01567112
v -0.01003209 0.48617896 0.06858686
v -0.01118384 0.47904283 0.06133388
v -0.01635385 0.47558990 0.05607552
v -0.03446011 0.47791049 0.06719779
v -0.04009891 0.47168168 0.06777623
v -0.03478969 0.46982029 0.06974643
v -0.04317081 0.46677727 0.06940864
v -0.04578099 0.46702269 0.06694103
v -0.04622594 0.45989951 0.06802440
v -0.05094066 0.45484969 0.06775946
v -0.04438296 0.45726940 0.06929359
v -0.04062653 0.46443516 0.06480127
v -0.04167139 0.45965517 0.06560474
v -0.03331765 0.46274558 0.06417882
v 0.01921588 0.48560831 -0.00922272
v 0.02326839 0.47946715 -0.00755908
v 0.01744108 0.48267725 -0.00771905
v 0.01947414 0.47668901 -0.00194708
v 0.01486779 0.49141273 0.00072163
v 0.02217802 0.47912800 -0.00993905
v 0.02515710 0.48546889 -0.01129031
v 0.01892075 0.47277480 -0.01051738
v 0.03101864 0.47424030 -0.01530267
v 0.02866495 0.47062120 -0.01471576
v 0.00765467 0.48209456 -0.00338967
v 0.14010441 -0.12059224 0.00986613
v 0.14145914 -0.12220307 0.01555317
v 0.13675436 -0.11697751 0.01627948
v 0.13785210 -0.11522578 0.00957758
v -0.05970304 0.44783905 0.04028881
v -0.05915244 0.44647864 0.03422585
v -0.06426793 0.44139025 0.03745264
v -0.06222915 0.44034737 0.04299774
v -0.05946236 0.44942740 0.03335308
v 0.15203257 -0.02992042 -0.02819770
v 0.15939265 -0.02936524 -0.03045722
v 0.15674718 -0.03429288 -0.02559753
v 0.15671878 -0.02672899 -0.03705237
v 0.17146695 -0.02604547 -0.03456518
v 0.16167980 -0.02175150 -0.03997215
v 0.16611865 -0.02721191 -0.03064093
v 0.17351092 -0.02842123 -0.02185097
v 0.17872806 -0.02606109 -0.01485865
v 0.17653440 -0.02691161 0.00001833
v 0.17019956 -0.02727915 -0.01038909
v 0.16927887 -0.02695439 -0.00052954
v 0.16880794 -0.02338368 0.00631710
v 0.16816664 -0.01826576 0.01527401
v 0.17890374 -0.01828534 0.00739400
v 0.17052348 -0.01380100 0.02083093
v 0.17755969 -0.01114825 0.01845384
v 0.17305914 -0.00661489 0.02559544
v -0.03557179 0.46597505 -0.03680540
v -0.03587465 0.46015441 -0.04094470
v -0.03809559 0.46052161 -0.03339813
v -0.04171270 0.45958334 -0.03518976
v -0.04320495 0.45400599 -0.04012145
v -0.03036241 0.45287618 -0.04279952
v -0.05824233 0.47367144 0.01789604
v -0.05579303 0.47085083 0.02235034
v -0.05738741 0.46303645 0.02083453
v -0.05851513 0.46326488 0.01714859
v -0.03570288 0.49398145 0.01804019
v -0.03878589 0.48663077 0.01661683
v -0.03798754 0.48729402 0.02245868
v -0.00090721 0.46890253 -0.04192141
v -0.00796217 0.46138668 -0.04361001
v -0.00185817 0.46174917 -0.04391927
v 0.02523843 0.48630980 -0.00639968
v 0.02534170 0.48323989 -0.00178656
v 0.01947414 0.47668901 -0.00194708
v -0.04947262 0.47565070 0.02809966
v -0.05577792 0.47618240 0.02831812
v -0.05143145 0.46894246 0.02988557
v -0.05229332 0.48158848 0.02506818
v -0.05628455 0.46954483 0.03288599
v -0.04809112 0.47860229 0.02279541
v -0.04432045 0.47333255 0.02641415
v 0.15880437 -0.09529551 0.05372584
v 0.15572087 -0.09596138 0.05263050
v 0.16215748 -0.10815658 0.05212494
v 0.14596862 -0.11387655 0.05292140
v 0.15450501 -0.11295197 0.05450447
v 0.13789988 -0.12876739 0.05523222
v 0.13339849 -0.12406582 0.05045009
v 0.14876272 -0.12684335 0.05126166
v 0.13625404 -0.13274857 0.05105679
v -0.04236558 0.48582503 -0.00130754
v -0.04742144 0.48078376 0.00235095
v -0.04262953 0.48119086 0.00210493
v -0.03788926 0.48239940 -0.00183175
v -0.04512775 0.47174764 0.00292124
v -0.15323697 -0.07372479 0.04114436
v -0.15099719 -0.07399202 0.04970799
v -0.15400533 -0.07328349 0.05033419
v -0.14676578 -0.07337391 0.04662625
v -0.14209861 -0.07179181 0.04543622
v -0.15352026 -0.06957661 0.05636659
v -0.15797262 -0.07023320 0.05619913
v -0.13743334 -0.07379582 0.04864408
v -0.15059054 -0.11919590 0.01064108
v -0.14756510 -0.11826666 0.01505897
v -0.15582225 -0.11918586 0.01710916
v -0.15527624 -0.11873231 0.00972154
v -0.16396376 -0.11287855 0.01617635
v -0.03909795 0.48190945 -0.00930786
v -0.04236558 0.48582503 -0.00130754
v -0.03788926 0.48239940 -0.00183175
v 0.12519358 -0.01056814 -0.01329564
v 0.12255415 -0.01067459 -0.01855226
v 0.11368006 -0.01057510 -0.01998753
v -0.06957200 0.42216018 0.01369107
v -0.06949680 0.42520192 0.02166245
v -0.06451127 0.42377600 0.01852072
v -0.00326052 0.47627428 -0.02890841
v -0.00276582 0.47007355 -0.02997172
v -0.00705282 0.46844769 -0.02505585
v -0.00782911 0.48048860 -0.03061669
v 0.00011807 0.48214847 -0.02614838
v 0.00204004 0.47412726 -0.02099465
v 0.00368735 0.46947917 -0.02319228
v -0.01843916 0.47627500 -0.03532682
v -0.01379154 0.47059584 -0.03077147
v -0.01433321 0.46462888 -0.03377746
v -0.01580946 0.48064035 -0.03002739
v -0.01691240 0.46805459 -0.04111585
v -0.02053389 0.47149703 -0.04161837
v -0.02006121 0.46313936 -0.03809294
v -0.01657918 0.46065673 -0.03704429
v -0.01917073 0.45403382 -0.04120918
v -0.02353832 0.45664725 -0.04326102
v -0.02431044 0.46656236 -0.04124858
v -0.01126753 0.48247817 -0.02795750
v -0.00708513 0.47160971 -0.03427615
v -0.01048916 0.46637699 -0.04051191
v -0.00586178 0.46655005 -0.03370021
v 0.14725909 -0.02325705 0.00688681
v 0.14686099 -0.02794024 0.00356508
v 0.15365814 -0.03079407 0.00454795
v 0.14966452 -0.03519207 -0.00977090
v 0.15156899 -0.03455688 -0.01544425
v 0.15267898 -0.03029444 -0.00453076
v 0.14711784 -0.03488526 -0.01729512
v 0.14656189 -0.02971146 -0.00300739
v -0.00970668 0.49573994 0.01699094
v -0.00751969 0.49495715 0.01159877
v -0.01262357 0.48966017 0.01249711
v -0.01533948 0.49174970 0.01526438
v -0.00217341 0.49625823 0.01422911
v -0.01246549 0.49920192 0.01839887
v -0.00381867 0.49194774 0.01199378
v -0.02387350 0.48705596 -0.00732943
v -0.01776687 0.48568743 -0.00835957
v -0.01865013 0.48246217 -0.01233720
v -0.02616137 0.48261046 -0.00799122
v -0.01709749 0.48901716 -0.01699507
v -0.01281560 0.49201059 -0.00956660
v -0.01330136 0.49570885 -0.00410625
v -0.01249635 0.49366230 -0.01165897
v 0.02942252 0.47725025 0.06255841
v 0.02659919 0.47046199 0.05895419
v 0.02755216 0.47078231 0.06484988
v -0.05820981 0.43478817 0.03430233
v -0.06626026 0.43267885 0.03405331
v -0.06044965 0.43440348 0.03919788
v -0.06413872 0.45286366 0.00349408
v -0.06845123 0.44731697 0.00172141
v -0.06479630 0.44499141 0.00454054
v -0.06077949 0.44765973 0.00768281
v -0.06799025 0.45444295 -0.00043051
v -0.06267248 0.46008730 -0.00386869
v -0.05945190 0.45482388 0.00578253
v -0.06005903 0.45853359 0.00074590
v -0.06906947 0.44464108 0.01090835
v 0.02266868 0.44974548 -0.03501561
v 0.03226899 0.45002568 -0.03571026
v 0.02236033 0.44779202 -0.03118607
v 0.12081280 -0.06695426 -0.01104720
v 0.10294947 -0.06487598 -0.01078902
v 0.12895770 -0.06868605 -0.00909410
v 0.10184535 -0.05924889 -0.01407619
v 0.11035413 -0.07647639 -0.01241070
v 0.08755467 -0.06789782 -0.01518733
v 0.08991848 -0.05787231 -0.01101550
v 0.09719813 -0.04854167 -0.00725710
v 0.09370718 -0.04251819 -0.00492890
v 0.00659278 0.48049650 0.04902447
v 0.00611717 0.47600546 0.05609813
v 0.01128089 0.48098370 0.04887618
v 0.16234295 -0.02269602 -0.02957907
v 0.15939265 -0.02936524 -0.03045722
v 0.16611865 -0.02721191 -0.03064093
v 0.01941111 0.48324564 0.01790014
v 0.01259175 0.48387253 0.01239664
v 0.01572490 0.48568368 0.01981155
v 0.02088819 0.48576885 0.02228321
v 0.01631244 0.48595682 0.00918891
v 0.01242649 0.49667656 0.00341847
v 0.00689839 0.48855212 0.00920821
v 0.00545252 0.49611914 0.00327468
v 0.00649473 0.48722181 0.01244956
v 0.02284870 0.48568469 0.01594544
v 0.00221475 0.49765417 0.00792756
v 0.00008926 0.49907333 0.00346209
v -0.00041308 0.49958256 0.01532989
v 0.00648630 0.49542531 0.01527225
v 0.01486779 0.49141273 0.00072163
v 0.01918265 0.48042974 0.00320541
v 0.02037570 0.48320711 0.00960170
v -0.01401949 0.42770401 -0.05657014
v -0.02023456 0.42300019 -0.05499767
v -0.01933632 0.42413467 -0.05039877
v -0.01891387 0.42922869 -0.04904823
v -0.01310079 0.43493590 -0.05598868
v -0.01914370 0.43924570 -0.05226999
v -0.02436789 0.43287557 -0.04413608
v -0.01209863 0.42192712 -0.05711102
v -0.01918519 0.41670614 -0.05132717
v -0.02679047 0.42030460 -0.04468301
v -0.02182322 0.40870577 -0.04559637
v -0.02816157 0.41363364 -0.04439189
v -0.00347934 0.42729983 -0.05678121
v -0.02800575 0.40663257 -0.04614565
v -0.00235943 0.42258278 -0.05626208
v 0.00293383 0.42205256 -0.05653383
v -0.01441743 0.41548723 -0.05086391
v -0.02710783 0.42998460 -0.05018710
v -0.00118718 0.41633654 -0.04748776
v -0.00832852 0.42914912 -0.05369109
v -0.00761144 0.43475717 -0.05322401
v -0.01776687 0.48568743 -0.00835957
v -0.02387350 0.48705596 -0.00732943
v -0.02078181 0.48174948 -0.00399050
v -0.01645741 0.48288664 -0.00112949
v -0.02616137 0.48261046 -0.00799122
v -0.01330136 0.49570885 -0.00410625
v -0.01295776 0.49641418 0.00044418
v -0.05482116 0.47020411 0.01523494
v -0.05824233 0.47367144 0.01789604
v -0.05130263 0.46292388 0.01827170
v 0.13020359 0.06664647 0.01761205
v 0.13109003 0.05493861 0.01755369
v 0.12865931 0.04450042 0.01720422
v -0.05544002 0.47325853 0.00580748
v -0.05142502 0.46325222 0.00154252
v -0.05016329 0.46294156 0.00454196
v -0.05577792 0.47618240 0.02831812
v -0.05579303 0.47085083 0.02235034
v -0.06028917 0.47269478 0.02562125
v -0.03346083 0.45812595 -0.03245548
v -0.03809559 0.46052161 -0.03339813
v -0.03647831 0.45491534 -0.02781948
v -0.03557179 0.46597505 -0.03680540
v -0.05401624 0.45411170 -0.02822580
v -0.05252764 0.44800803 -0.02310141
v -0.05598472 0.45065972 -0.02135864
v -0.05560059 0.46025595 -0.02609644
v -0.05634295 0.43747249 -0.02679584
v -0.04736423 0.45843190 -0.01959600
v -0.05196201 0.45605609 -0.01849666
v -0.06090388 0.46017429 0.03202145
v -0.05946236 0.44942740 0.03335308
v -0.05770477 0.46053481 0.03271577
v -0.05915244 0.44647864 0.03422585
v -0.06266212 0.46424627 0.03543447
v -0.06387775 0.45505446 0.03689121
v -0.05337696 0.45350254 0.06364608
v -0.05436482 0.45154130 0.06045157
v -0.05136778 0.44939652 0.06407746
v -0.05094066 0.45484969 0.06775946
v -0.05309181 0.44237658 0.06422609
v -0.04803252 0.44339424 0.05344579
v -0.04964313 0.43198708 0.05684356
v -0.05021163 0.43426204 0.06345582
v -0.05063874 0.42497054 0.05318661
v -0.04899543 0.43784317 0.05211558
v 0.05189820 0.38388240 -0.00263819
v 0.04745017 0.37826937 0.00747688
v 0.04820640 0.37777486 0.00264953
v 0.04046524 0.37236482 0.01684627
v 0.05170841 0.39360401 -0.00063747
v 0.05253164 0.41056487 -0.00020614
v 0.04855541 0.41139844 0.00787934
v 0.05274607 0.39834440 -0.00810074
v 0.04305587 0.38776124 0.00902639
v 0.04509085 0.39551103 0.00457821
v 0.04525656 0.41810271 -0.00429341
v 0.04437805 0.41549301 0.02375808
v 0.03920116 0.40235683 0.03784487
v 0.04120691 0.39941880 0.02658400
v 0.04573935 0.41120538 0.01256604
v 0.04322858 0.42265972 0.02992723
v 0.03832822 0.38018599 0.04959540
v 0.04067269 0.36640343 0.03060221
v 0.03771441 0.35970634 0.04415616
v 0.03554391 0.42117196 0.04575560
v 0.03348180 0.38119286 0.06441451
v 0.03235772 0.40078780 0.06103076
v 0.02978257 0.36733943 0.06693917
v 0.03374555 0.34298483 0.04059988
v 0.03104606 0.34698081 0.05322721
v 0.03731481 0.35384813 0.02885738
v 0.03111905 0.43170339 0.05111727
v 0.02471342 0.40901646 0.07267764
v 0.04164542 0.42757463 0.03763905
v 0.03767334 0.43458557 0.04520657
v 0.04061852 0.43305466 0.03761721
v 0.05037042 0.42010745 0.00822427
v 0.01646384 0.31868634 0.05676542
v 0.01040057 0.32006061 0.06824402
v 0.02790115 0.39372331 0.06888098
v 0.02276932 0.35247001 0.06571428
v 0.02589708 0.40176633 0.06902096
v 0.02416788 0.32841167 0.04591312
v 0.01046838 0.33287528 0.07213975
v 0.01140848 0.31342643 0.05931161
v 0.03491972 0.43708122 0.05019625
v 0.04217108 0.43811092 0.04158117
v 0.01745043 0.40376326 0.07738467
v 0.02191050 0.42322585 0.06820526
v 0.02323878 0.43896767 0.05710016
v 0.02051726 0.38242555 0.07538469
v 0.01819973 0.39171648 0.07738876
v 0.02711864 0.39886233 0.07212148
v 0.05051643 0.41840819 0.01965723
v 0.04880249 0.43072444 0.02427095
v 0.05030469 0.42578322 0.01787245
v 0.04694951 0.43183446 0.02610902
v 0.01415639 0.40821439 0.07905178
v 0.05553288 0.42603716 0.01155002
v 0.05299658 0.43981469 0.02877403
v 0.04853350 0.43226662 0.01386709
v 0.05318897 0.44011003 0.01734400
v 0.05560967 0.43783689 0.01086480
v 0.05402216 0.44045448 0.01259778
v 0.05417910 0.44823134 0.01330250
v 0.05265356 0.45649830 0.01308607
v 0.05632075 0.43947628 0.00532287
v 0.05312136 0.43321180 0.00623880
v 0.05390169 0.43473640 -0.00142532
v 0.05370116 0.42829931 0.01017237
v 0.05234038 0.42661917 0.00257590
v 0.05412841 0.42443341 -0.00169948
v 0.04543179 0.45096564 0.01911290
v 0.05298727 0.42806447 0.02264907
v 0.04592232 0.45915890 0.01419108
v 0.13153215 -0.04380772 0.03561833
v 0.12814415 -0.04813741 0.03637673
v 0.12580161 -0.05258898 0.04338601
v 0.12443599 -0.05120150 0.04182057
v -0.05518373 0.45875764 -0.00171775
v -0.06005903 0.45853359 0.00074590
v -0.05442373 0.45949030 0.00484809
v -0.06267248 0.46008730 -0.00386869
v -0.06019031 0.46420982 0.00623026
v 0.12599482 0.06179022 -0.00480119
v 0.12579438 0.05213244 -0.00416694
v 0.12836641 0.05128954 -0.00158739
v 0.12783568 0.04463378 -0.00562060
v 0.12075346 0.06483181 -0.00805655
v 0.12926371 0.05391871 0.00633252
v 0.12906539 0.07100273 0.00348370
v 0.12777463 0.04450005 0.00289323
v 0.13095114 0.04625336 0.01262064
v 0.13109003 0.05493861 0.01755369
v 0.12882160 0.06558158 0.01256791
v 0.13020359 0.06664647 0.01761205
v 0.12444753 0.08181966 0.00700878
v 0.12586945 0.03603351 0.01245649
v 0.12865931 0.04450042 0.01720422
v 0.12582323 0.07874806 0.00271765
v 0.12334380 0.07381281 -0.00257952
v -0.06266212 0.46424627 0.03543447
v -0.05770477 0.46053481 0.03271577
v -0.05676015 0.45924488 0.03766435
v -0.06000402 0.46544296 0.04262182
v -0.05872440 0.45650122 0.04583217
v -0.00491925 0.49025318 -0.01107566
v -0.01281560 0.49201059 -0.00956660
v -0.00681934 0.48639810 -0.01021930
v -0.01026787 0.48639506 -0.01073839
v -0.01249635 0.49366230 -0.01165897
v -0.01924792 0.47354469 0.06523330
v -0.01671801 0.46986946 0.06394212
v -0.02495774 0.46995336 0.06225239
v 0.11108781 0.14293523 -0.03984006
v 0.10510436 0.14232661 -0.03497154
v 0.10300262 0.14347100 -0.03876105
v 0.11639801 0.14748736 -0.04904294
v 0.12413110 0.14448662 -0.04545637
v 0.10473163 0.13913868 -0.02740058
v 0.09633934 0.14360289 -0.02674437
v 0.09864757 0.13688365 -0.00975309
v 0.10876414 0.10298014 -0.01097259
v 0.11622360 0.07883869 -0.01609390
v 0.12075346 0.06483181 -0.00805655
v 0.12376370 0.06190903 -0.01702606
v 0.12783568 0.04463378 -0.00562060
v 0.11695010 0.09080355 -0.02533306
v 0.11302563 0.11996641 -0.03038383
v 0.12451526 0.07580552 -0.02792389
v 0.10607810 0.12598416 -0.00842363
v 0.11015467 0.13412587 -0.03369368
v 0.13396253 0.03808153 -0.00974782
v 0.13333710 0.02502009 0.00122478
v 0.12586945 0.03603351 0.01245649
v 0.13559330 0.00728123 0.00794387
v 0.13205041 0.00893150 0.01586572
v 0.13451205 -0.00725457 0.01860533
v 0.13985996 -0.00604730 0.00659643
v 0.09322913 0.14173180 -0.00484030
v 0.12227323 0.09197147 -0.03289608
v 0.09090156 0.14851509 -0.01574855
v 0.09254292 0.16315398 -0.03425042
v 0.08708187 0.16750820 -0.01598954
v 0.08834887 0.17863061 -0.02584446
v 0.08949387 0.18947783 -0.03503643
v 0.08712021 0.16117409 -0.00672034
v 0.09141795 0.19613925 -0.04055826
v 0.08741195 0.15820017 0.00244484
v 0.09197310 0.14381227 0.00393519
v 0.09723320 0.17846636 -0.04414447
v 0.10396770 0.16232276 -0.04717662
v 0.12938362 0.06640826 -0.02592611
v 0.11832131 0.12399794 -0.03754939
v 0.14055409 0.01583737 -0.00004076
v 0.14119264 0.03153551 -0.00932062
v 0.14155748 0.01962207 -0.00381067
v 0.14693925 -0.00309405 0.00308327
v 0.14253026 0.02292280 -0.00648686
v 0.09645576 0.21140297 -0.04612346
v 0.10352550 0.13832870 0.00814534
v -0.05824233 0.47367144 0.01789604
v -0.06028917 0.47269478 0.02562125
v -0.05579303 0.47085083 0.02235034
v -0.06042461 0.45786291 0.02305539
v -0.06411562 0.46222204 0.02381052
v -0.06237507 0.45385596 0.02710598
v -0.01026787 0.48639506 -0.01073839
v -0.01400646 0.48318115 -0.00872730
v -0.00835990 0.47998017 -0.00778715
v 0.00659278 0.48049650 0.04902447
v 0.01128089 0.48098370 0.04887618
v 0.01062315 0.47445190 0.04578755
v -0.05482116 0.47020411 0.01523494
v -0.06029619 0.46971196 0.01227820
v -0.05824233 0.47367144 0.01789604
v -0.05068894 0.47115985 0.01098429
v -0.04784686 0.47011089 0.01469580
v -0.06426793 0.44139025 0.03745264
v -0.06856485 0.44090524 0.04180022
v -0.06222915 0.44034737 0.04299774
v 0.15064251 -0.01511256 -0.00521318
v 0.14878781 -0.01428035 -0.00817028
v 0.14717780 -0.02337401 -0.00277843
v 0.02294417 0.45013213 -0.04204261
v 0.01874835 0.44454432 -0.04047483
v 0.01893042 0.43782705 -0.04105946
v -0.15921094 -0.11272982 0.04967620
v -0.15780236 -0.11211591 0.05304826
v -0.15548056 -0.12053338 0.05144918
v -0.15297583 -0.11680064 0.05768579
v -0.15693888 -0.10354312 0.05651477
v -0.15885501 -0.08752990 0.05063458
v -0.15804145 -0.08603624 0.05452704
v -0.14696540 -0.12699211 0.05349192
v -0.14769578 -0.12699957 0.06032415
v -0.16404052 -0.09382297 0.04932947
v -0.16450012 -0.11304881 0.05180587
v 0.05030469 0.42578322 0.01787245
v 0.04880249 0.43072444 0.02427095
v 0.05298727 0.42806447 0.02264907
v -0.02393620 0.48195124 0.00703572
v -0.03138086 0.48224252 0.00606241
v -0.03194927 0.48203439 0.00987967
v -0.02764721 0.48189911 0.01212126
v -0.03551377 0.48606282 0.00906033
v -0.01026787 0.48639506 -0.01073839
v -0.01028810 0.49027500 -0.00660379
v -0.01400646 0.48318115 -0.00872730
v -0.05168559 0.46930471 0.00195350
v -0.05307299 0.46630415 -0.00283794
v -0.05142502 0.46325222 0.00154252
v -0.05518373 0.45875764 -0.00171775
v -0.05442373 0.45949030 0.00484809
v -0.05016329 0.46294156 0.00454196
v -0.06411562 0.46222204 0.02381052
v -0.06042461 0.45786291 0.02305539
v -0.06056348 0.45482931 0.01838508
v -0.01274928 0.48066786 0.04587767
v -0.01613942 0.48191294 0.04909236
v -0.00704245 0.48139158 0.04802985
v -0.01635385 0.47558990 0.05607552
v -0.00709748 0.47992986 0.05405025
v 0.13109380 -0.01232861 0.02018266
v 0.13234206 -0.01347913 0.02373977
v 0.12728457 -0.01817875 0.02431026
v 0.13464129 -0.01139812 0.01287769
v -0.03434637 0.47375789 -0.02812796
v -0.03081335 0.46837032 -0.02488044
v -0.03135915 0.46882874 -0.02938754
v -0.03878589 0.48663077 0.01661683
v -0.04184428 0.48655671 0.01924250
v -0.03798754 0.48729402 0.02245868
v -0.04291179 0.48815760 0.01354345
v -0.04338852 0.49060929 0.02247917
v -0.03055119 0.48679832 0.01331084
v -0.02764721 0.48189911 0.01212126
v -0.03194927 0.48203439 0.00987967
v -0.02700774 0.49693894 0.01439013
v -0.02040361 0.49860594 0.01180284
v -0.01920086 0.49189875 0.00821653
v -0.02393620 0.48195124 0.00703572
v -0.05851513 0.46326488 0.01714859
v -0.05738741 0.46303645 0.02083453
v -0.05130263 0.46292388 0.01827170
v 0.08755467 -0.06789782 -0.01518733
v 0.08983553 -0.06100411 -0.00836486
v 0.08306137 -0.07430822 -0.02097015
v 0.00614382 0.42255935 -0.05119621
v 0.00293383 0.42205256 -0.05653383
v 0.00498218 0.42257649 -0.04588464
v -0.00337984 0.42845520 -0.05354831
v -0.00347934 0.42729983 -0.05678121
v 0.00074314 0.43088418 -0.04568325
v -0.00832852 0.42914912 -0.05369109
v -0.01401949 0.42770401 -0.05657014
v 0.01651379 0.48575854 0.03252294
v 0.01327635 0.48596859 0.03123184
v 0.01432400 0.48263690 0.03759576
v -0.15921094 -0.11272982 0.04967620
v -0.16450012 -0.11304881 0.05180587
v -0.15780236 -0.11211591 0.05304826
v 0.07159828 0.09657355 0.07343800
v 0.07934358 0.08572176 0.07004096
v 0.07925793 0.08617036 0.06860885
v 0.07908099 0.07916426 0.06764950
v 0.02359423 0.47341079 -0.00512043
v 0.02553786 0.46950984 -0.00439140
v 0.02911343 0.47013631 -0.00732130
v 0.03101864 0.47424030 -0.01530267
v 0.03407562 0.47035187 -0.01697169
v 0.04533534 0.46695328 -0.01081671
v 0.04559384 0.47007269 -0.00574997
v 0.02577207 0.46441847 -0.02345387
v 0.02948304 0.46708989 -0.02462461
v 0.02926314 0.46500677 -0.02916622
v 0.02866495 0.47062120 -0.01471576
v 0.02859988 0.16444159 0.08746874
v 0.03274000 0.15773864 0.08835202
v 0.03853253 0.14678374 0.08730189
v 0.02448419 0.16576737 0.09218128
v 0.02094272 0.18119065 0.09142417
v 0.01559667 0.17530677 0.09352191
v 0.01292548 0.18540306 0.09291767
v 0.01049786 0.18367423 0.09542791
v 0.01910075 0.15458599 0.09102632
v 0.03847847 0.46737829 0.01089277
v 0.03961876 0.46413511 0.00296713
v 0.03841417 0.46337560 0.00695311
v 0.13965811 -0.12496170 0.03704835
v 0.14015816 -0.12973359 0.04009857
v 0.13925768 -0.12976287 0.03634297
v 0.13727647 -0.12473989 0.03966036
v 0.02832228 0.42179236 -0.03362495
v 0.03127836 0.42376071 -0.03683648
v 0.02461721 0.41773653 -0.03248704
v -0.05436482 0.45154130 0.06045157
v -0.05337696 0.45350254 0.06364608
v -0.05094066 0.45484969 0.06775946
v 0.13181765 0.24889088 -0.00967018
v 0.14209636 0.21028545 -0.01273645
v 0.13300857 0.23062228 -0.03075163
v 0.14138263 0.20024016 -0.03135307
v 0.11036029 0.28103077 -0.02961445
v 0.11215010 0.28469616 -0.00306074
v 0.12431996 0.26467624 -0.00680440
v 0.12356768 0.25889865 -0.02907040
v 0.13181765 0.24889088 -0.00967018
v 0.03853253 0.14678374 0.08730189
v 0.01910075 0.15458599 0.09102632
v 0.03595744 0.11907288 0.08697388
v 0.01791500 0.14394812 0.09036095
v 0.04946911 0.12421045 0.08257842
v 0.00781043 0.16150202 0.09005710
v 0.01559667 0.17530677 0.09352191
v 0.02448419 0.16576737 0.09218128
v 0.03274000 0.15773864 0.08835202
v -0.00110424 0.17225100 0.09124191
v 0.01049786 0.18367423 0.09542791
v 0.00273029 0.19342971 0.09126690
v 0.01292548 0.18540306 0.09291767
v -0.11368359 0.16584490 0.01423488
v -0.12562224 0.17937231 0.01503070
v -0.13398983 0.14961146 0.02197448
v -0.10443131 0.16159914 0.01177231
v -0.13666755 0.16969621 0.02071985
v -0.12407309 0.13901988 0.01881819
v -0.13513653 0.19206490 0.01828237
v -0.12369271 0.19978616 0.01585720
v -0.13050503 0.20881106 0.01781526
v -0.10857303 0.13507108 0.01174417
v -0.10729345 0.18700123 0.01496782
v -0.09655859 0.14902072 0.00528494
v -0.09716946 0.17086612 0.01051463
v -0.09964959 0.19669013 0.01645034
v -0.13383520 0.14331676 0.02015884
v -0.10345674 0.13734505 0.00831822
v -0.09862750 0.13533007 -0.00636387
v -0.09361392 0.17013602 -0.02125053
v -0.09347173 0.15421481 -0.01146800
v -0.09927533 0.13597450 -0.02004621
v -0.09537149 0.13868259 -0.00623973
v -0.00749447 -0.04371230 -0.05257936
v -0.04019814 -0.04580756 -0.05611717
v 0.01317394 -0.04857486 -0.05579229
v 0.01532015 -0.04657570 -0.05198583
v -0.02474030 -0.04093254 -0.05331897
v -0.02104657 -0.03611262 -0.04865908
v -0.02800967 -0.03463854 -0.04890638
v -0.04160456 -0.04450193 -0.05477278
v -0.01502671 -0.03566371 -0.04849320
v -0.04432010 -0.04477713 -0.05229129
v -0.04285828 -0.03674487 -0.04873319
v -0.05555038 -0.04060816 -0.04851282
v -0.05813723 -0.04181676 -0.05207324
v -0.06815163 -0.04142007 -0.04925701
v -0.06528252 -0.03419443 -0.04372306
v -0.05205825 -0.03549115 -0.04457818
v -0.04756421 -0.03917483 -0.04673762
v -0.07812339 -0.03664581 -0.03904456
v -0.08144706 -0.03489599 -0.02513454
v -0.09159474 -0.03727281 -0.02584584
v -0.08806528 -0.03681193 -0.01498010
v -0.09405832 -0.03757266 -0.00582743
v -0.10047574 -0.03815892 -0.01072308
v -0.10144355 -0.04113536 0.00933415
v 0.01837364 -0.04433295 -0.05353921
v -0.13616137 -0.06250361 0.05356632
v -0.13476317 -0.09081144 0.06197327
v -0.13290393 -0.08874514 0.05613311
v -0.13766003 -0.09967844 0.05575248
v -0.14027193 -0.09933957 0.06170075
v -0.14676578 -0.07337391 0.04662625
v -0.13743334 -0.07379582 0.04864408
v -0.13751550 -0.09156801 0.05129628
v -0.13585909 -0.06888404 0.05052319
v 0.00545252 0.49611914 0.00327468
v 0.01486779 0.49141273 0.00072163
v 0.00342873 0.48115116 -0.00062905
v 0.01242649 0.49667656 0.00341847
v 0.00765467 0.48209456 -0.00338967
v -0.00124568 0.48808575 -0.00313765
v 0.00008926 0.49907333 0.00346209
v 0.13153215 -0.04380772 0.03561833
v 0.13430710 -0.06042415 0.04089200
v 0.12779246 -0.05864162 0.03813200
v 0.12814415 -0.04813741 0.03637673
v 0.00208230 0.44753414 -0.04156750
v 0.00734291 0.43718988 -0.04109124
v 0.00373657 0.44289085 -0.05053666
v 0.00195871 0.45020622 -0.04714591
v 0.00721346 0.43962175 -0.04899774
v 0.01327484 0.49924108 0.01692515
v 0.01259175 0.48387253 0.01239664
v 0.00649473 0.48722181 0.01244956
v 0.00648630 0.49542531 0.01527225
v -0.04510739 0.42406523 -0.04557041
v -0.04916989 0.42451045 -0.03428043
v -0.03885150 0.42566192 -0.03955400
v -0.03612884 0.42721057 -0.04452395
v 0.02820834 0.33534929 -0.00185727
v 0.02479799 0.32767186 0.00383141
v 0.03241895 0.32512543 0.00191629
v 0.03280836 0.33911392 -0.00547314
v 0.02411362 0.32693571 0.01159316
v -0.02816157 0.41363364 -0.04439189
v -0.02800575 0.40663257 -0.04614565
v -0.03408205 0.41437057 -0.05305596
v -0.03117903 0.42032504 -0.05173761
v -0.02679047 0.42030460 -0.04468301
v -0.03290910 0.42496130 -0.05415545
v -0.02603843 0.42497984 -0.05526312
v -0.02603843 0.42497984 -0.05526312
v -0.02023456 0.42300019 -0.05499767
v -0.02679047 0.42030460 -0.04468301
v -0.06528252 -0.03419443 -0.04372306
v -0.06047416 -0.03585096 -0.04161100
v -0.07122365 -0.03602909 -0.03302971
v -0.05656140 0.42516711 0.03278120
v -0.05634857 0.42908487 0.04048663
v -0.06419954 0.42697614 0.03847990
v 0.09602257 0.17970051 0.01629884
v 0.09175578 0.17883456 0.00760484
v 0.09428195 0.17306438 0.01194167
v 0.09284426 0.18413953 0.01481181
v 0.09194480 0.16974971 0.01143527
v 0.12865931 0.04450042 0.01720422
v 0.12586945 0.03603351 0.01245649
v 0.13029960 0.03587888 0.02081958
v 0.13020359 0.06664647 0.01761205
v 0.13589925 0.05980509 0.02519583
v 0.13826680 0.02663203 0.02978810
v 0.13532600 0.01658788 0.02673574
v 0.13218790 0.09260886 0.01485035
v 0.12444753 0.08181966 0.00700878
v 0.13792138 -0.00194426 0.03372920
v 0.12063015 0.09615318 0.00342063
v 0.11279178 0.09689931 -0.00525657
v 0.12565918 0.11032344 0.00647954
v 0.11555113 0.11950984 0.00253176
v 0.10607810 0.12598416 -0.00842363
v 0.14646955 0.03524012 0.03433838
v 0.14917417 -0.00075290 0.04222772
v 0.14515373 0.09359211 0.02103336
v 0.13710332 0.11698729 0.01073390
v 0.14835541 0.05885949 0.03045966
v 0.12029742 0.12396610 0.00742537
v 0.12981172 0.13076827 0.01185060
v 0.13205041 0.00893150 0.01586572
v 0.10876414 0.10298014 -0.01097259
v 0.12104362 0.07859075 -0.00117438
v 0.12075346 0.06483181 -0.00805655
v 0.11170062 0.12577519 0.00259725
v 0.11605458 0.13933916 0.01497185
v 0.12334380 0.07381281 -0.00257952
v 0.12579438 0.05213244 -0.00416694
v 0.12582323 0.07874806 0.00271765
v 0.10352550 0.13832870 0.00814534
v 0.09322913 0.14173180 -0.00484030
v 0.10265627 0.14300853 0.01388542
v 0.09197310 0.14381227 0.00393519
v 0.08741195 0.15820017 0.00244484
v 0.08806936 0.17653139 0.00832454
v 0.09739953 0.17063779 0.01634772
v 0.08894058 0.19413552 0.01473399
v 0.09665529 0.18566543 0.01952168
v 0.09331626 0.20985343 0.02083545
v -0.00200053 -0.10201698 0.01237211
v -0.00003588 -0.10407229 0.03536230
v -0.00328207 -0.10374313 0.02286543
v 0.13785210 -0.11522578 0.00957758
v 0.14075930 -0.11021770 0.01503909
v 0.14848012 -0.10549257 0.01543446
v -0.05720196 0.43888441 -0.02243000
v -0.05681514 0.43683943 -0.01564867
v -0.06400001 0.43947679 -0.02067469
v -0.02139112 0.47277778 -0.03391108
v -0.02605706 0.47019091 -0.02797571
v -0.01966624 0.46790847 -0.02881183
v -0.02746877 0.47286043 -0.03150267
v -0.03135915 0.46882874 -0.02938754
v 0.02241640 0.46036434 0.07486341
v 0.02026190 0.46437365 0.06981643
v 0.01941806 0.45695111 0.07061382
v 0.02429806 0.46714565 0.06984726
v 0.12443599 -0.05120150 0.04182057
v 0.12305972 -0.06132226 0.03994104
v 0.12641090 -0.06194202 0.04086738
v 0.03126787 0.46915838 0.06727228
v 0.02751581 0.46540111 0.06388453
v 0.02663125 0.45789328 0.06377054
v 0.02217802 0.47912800 -0.00993905
v 0.01892075 0.47277480 -0.01051738
v 0.01892449 0.47499597 -0.00566829
v 0.02326839 0.47946715 -0.00755908
v 0.00851880 0.40474877 -0.04183132
v 0.00675498 0.39387023 -0.04019441
v 0.00981686 0.40759987 -0.04507578
v 0.00552775 0.45443708 -0.04917392
v 0.00208230 0.44753414 -0.04156750
v 0.00195871 0.45020622 -0.04714591
v 0.09391893 0.02736094 -0.09821332
v 0.09036319 0.02617849 -0.09379825
v 0.09335557 0.02311069 -0.09167057
v 0.05370116 0.42829931 0.01017237
v 0.05553288 0.42603716 0.01155002
v 0.05037042 0.42010745 0.00822427
v 0.10178562 -0.08429564 0.02358662
v 0.10650958 -0.14460671 0.01578250
v 0.10121565 -0.08702900 0.01792374
v 0.10055069 -0.15352592 0.04656436
v 0.09550501 -0.11813292 -0.00368383
v 0.09646085 -0.08442000 0.04776787
v 0.10501881 -0.18236801 0.02656570
v 0.10108245 -0.20735757 0.04259805
v 0.08315014 -0.16057599 0.06546331
v 0.07964291 -0.12637459 0.06954334
v 0.07161899 -0.20466304 0.07248214
v 0.06442047 -0.13957869 0.08247700
v 0.06041654 -0.11350716 0.08631147
v 0.07354054 -0.06695239 0.07119291
v 0.05788434 -0.09650005 0.08793310
v 0.09944665 -0.04241761 0.01396115
v 0.10219779 -0.04848455 0.02570654
v 0.09767008 -0.00996883 0.02276772
v 0.10057461 -0.02909605 0.02994390
v 0.09263819 -0.02405619 -0.00465229
v 0.08998170 -0.01493258 -0.00709114
v 0.09370718 -0.04251819 -0.00492890
v 0.09460853 -0.06716962 0.00039725
v 0.05272868 -0.06294997 0.08874249
v 0.10110099 -0.07766721 0.03200618
v 0.10966665 -0.20917015 0.00852338
v 0.07369228 -0.23499732 0.06657571
v 0.09278709 -0.27326712 0.03911353
v 0.07820807 -0.26614547 0.05552672
v 0.10334665 -0.05517260 0.03036235
v 0.06821245 -0.16793725 0.07783864
v 0.10092618 -0.17010768 -0.00733361
v 0.06354824 -0.03940579 0.07731014
v 0.05436114 -0.04060204 0.08651249
v 0.07677796 -0.04218090 0.06513704
v 0.09101097 -0.04884360 0.04919107
v 0.09313162 -0.06881636 0.05010208
v 0.08667770 -0.00751365 -0.01190389
v 0.09226310 0.00943473 0.02022120
v 0.08405125 0.00504133 -0.01575863
v 0.08244313 -0.00339304 -0.02209232
v 0.07657957 0.01722670 -0.02803063
v 0.07542428 -0.01237164 -0.03165852
v 0.06693572 -0.01893314 -0.04009332
v 0.06453563 0.02351111 -0.04023589
v 0.07613204 0.06323054 -0.02566847
v 0.07048874 0.06803261 -0.03148213
v 0.08437771 0.02851896 -0.01444808
v 0.07805610 0.12458637 -0.02516070
v 0.07295423 0.12746733 -0.03177825
v 0.07849829 -0.10484567 -0.02066501
v 0.08310443 -0.16636471 -0.02439190
v 0.08277494 0.11227420 -0.01435294
v 0.07848028 0.14779618 -0.03139539
v 0.08298070 0.13662940 -0.01403897
v 0.09775656 -0.11950006 0.04931943
v 0.08323548 -0.30002919 0.04438257
v 0.08610076 0.11387809 0.00493274
v 0.08741195 0.15820017 0.00244484
v 0.08614096 0.14226946 0.00554323
v 0.08279044 0.09848075 0.02775674
v 0.08499555 0.05592477 0.04181538
v 0.08119196 0.08664871 0.03990553
v 0.07565660 0.08761802 0.05155788
v 0.07287996 0.11385547 0.04877692
v 0.07950722 0.05419018 0.05990725
v 0.07588179 0.06393373 0.06407113
v 0.07140365 0.07292067 0.06704248
v 0.06079149 0.09570422 0.07148889
v 0.06101359 0.12619151 0.06195758
v 0.05589380 0.10573706 0.07342701
v 0.04885572 0.12038557 0.07536078
v 0.08392847 0.04485625 0.05460029
v 0.08797609 0.04966323 0.03261209
v 0.07778547 0.12658727 0.03824633
v 0.05011852 0.14073637 0.07106075
v 0.08712021 0.16117409 -0.00672034
v 0.05160011 0.11229244 0.07621305
v 0.04814541 0.11968928 0.07974056
v 0.08458910 0.15995565 0.01929057
v 0.08708187 0.16750820 -0.01598954
v 0.08806936 0.17653139 0.00832454
v 0.08589756 0.18428376 0.02541427
v 0.04103386 0.12690261 0.07950242
v 0.08086330 0.17480928 0.03558535
v 0.08869361 0.20577565 0.03573299
v 0.07892373 0.19373590 0.05138195
v 0.07389740 0.16970274 0.04854635
v 0.09331626 0.20985343 0.02083545
v 0.09468486 0.23076822 0.03439020
v 0.09718217 0.22352989 0.02490757
v 0.08894058 0.19413552 0.01473399
v 0.07943174 0.15633480 0.03545028
v 0.08548544 -0.32220551 0.04027774
v 0.09938703 -0.31282029 0.02553695
v 0.08180054 0.16538443 -0.03506578
v 0.10264821 -0.36734638 0.01747083
v 0.10835657 -0.32806620 0.01024223
v 0.10604187 -0.29312724 0.01564611
v 0.10420796 -0.26521310 0.02306752
v 0.11288425 -0.32378986 -0.01380166
v 0.10989163 -0.38030213 0.00585990
v 0.11046968 -0.27661163 -0.00790816
v 0.08880120 -0.36143816 0.03574749
v 0.09168888 -0.38359994 0.03400235
v 0.06822385 0.07978588 0.06886669
v 0.06456248 0.08812504 0.07114130
v 0.10348976 -0.20353280 -0.01048555
v 0.10193434 -0.25577000 0.03191987
v 0.11365484 -0.38861668 -0.01668427
v 0.10771553 -0.32949519 -0.02458439
v 0.10457514 -0.38287124 -0.03218355
v 0.10872557 -0.41143036 -0.03053586
v 0.09981769 -0.40830913 -0.03937536
v 0.11533461 -0.41275963 -0.01404479
v 0.09524576 -0.33388606 -0.04165990
v 0.08983553 -0.06100411 -0.00836486
v 0.08991848 -0.05787231 -0.01101550
v 0.08755467 -0.06789782 -0.01518733
v 0.09427760 -0.09458422 -0.00266937
v 0.10583933 -0.25393203 -0.01456137
v 0.10977366 -0.41105539 0.00887945
v 0.08349808 0.05628994 -0.01335561
v 0.08841357 -0.21324094 -0.02594245
v 0.10306261 -0.23879048 -0.01574506
v 0.09125879 -0.25035608 -0.03209819
v 0.09268912 -0.39672568 0.03275727
v 0.09965855 -0.41822982 0.01557165
v 0.09048100 -0.41781625 0.02234508
v 0.10667122 -0.41895434 0.00883195
v 0.09208202 -0.44333977 0.02268985
v 0.10551646 -0.44418049 0.01426573
v 0.10840779 -0.42582995 0.00887715
v 0.07221692 0.14142212 0.04780571
v 0.08309427 0.12804142 0.02157914
v 0.08938307 0.04533247 0.01217753
v 0.08306137 -0.07430822 -0.02097015
v 0.09780774 -0.29130605 -0.03428553
v 0.10783632 -0.45299673 0.00784346
v 0.11433815 -0.42537445 -0.01086918
v 0.11048739 -0.45032099 -0.00533529
v 0.10677408 -0.43428969 -0.02985700
v 0.10466485 -0.45169410 -0.02912754
v 0.10370065 -0.45731497 -0.02494849
v 0.09789170 -0.45840955 -0.03534895
v 0.10353093 -0.48575792 -0.03139190
v 0.11621255 -0.48718235 0.00978064
v 0.11253630 -0.49193114 -0.00533815
v 0.10913087 -0.49998188 -0.01724981
v 0.10119837 -0.50006449 -0.03722497
v 0.11703026 -0.49991405 0.01099261
v 0.09816684 -0.49101377 -0.04049490
v 0.12699674 -0.49998474 0.03997523
v 0.12537439 -0.48947096 0.03906022
v 0.12951873 -0.49030656 0.04850043
v 0.13226183 -0.48989174 0.06563970
v 0.13555752 -0.49969715 0.06898955
v 0.12057550 -0.47737211 0.03135080
v 0.13590501 -0.49040312 0.07401921
v 0.09051990 -0.50000966 -0.04804379
v 0.12352745 -0.47602457 0.04964682
v 0.13118716 -0.47949588 0.08303027
v 0.11433300 -0.46628174 0.02135247
v 0.11108528 -0.46075138 0.03220927
v 0.10347992 -0.44745174 0.02321492
v 0.11023954 -0.42707202 -0.02762278
v 0.10277863 -0.42666680 -0.03684818
v 0.10271985 -0.41836163 -0.03345425
v 0.10677911 -0.41794556 -0.02718248
v 0.10971716 -0.24827826 0.00068818
v 0.13491157 -0.48847961 0.09027743
v 0.09008023 0.03327474 0.01926958
v 0.10856768 -0.45570087 -0.00302161
v 0.11218970 -0.42069262 -0.01281863
v 0.13112126 -0.48519886 0.09925642
v 0.12931745 -0.47998515 0.10025491
v 0.12144425 -0.47759238 0.11032722
v 0.12056206 -0.48298037 0.11461500
v 0.13253877 -0.48670268 0.10211203
v 0.13420863 -0.49551481 0.09939095
v 0.12300728 -0.49207047 0.11596482
v 0.08877085 0.04575607 0.02246683
v 0.08834887 0.17863061 -0.02584446
v 0.08949387 0.18947783 -0.03503643
v 0.08562174 0.19230203 -0.04515009
v 0.09141795 0.19613925 -0.04055826
v 0.09645576 0.21140297 -0.04612346
v 0.13673377 -0.49849913 0.08483409
v 0.10966665 -0.20917015 0.00852338
v 0.10193434 -0.25577000 0.03191987
v 0.10420796 -0.26521310 0.02306752
v 0.10971716 -0.24827826 0.00068818
v 0.09646085 -0.08442000 0.04776787
v 0.07354054 -0.06695239 0.07119291
v 0.09775656 -0.11950006 0.04931943
v 0.09313162 -0.06881636 0.05010208
v 0.10347992 -0.44745174 0.02321492
v 0.10716050 -0.45516637 0.03597762
v 0.10783632 -0.45299673 0.00784346
v 0.11108528 -0.46075138 0.03220927
v 0.11433300 -0.46628174 0.02135247
v 0.10856768 -0.45570087 -0.00302161
v 0.10923509 -0.45883214 0.04150266
v 0.11522317 -0.46798056 0.05234113
v 0.11168933 -0.46269324 0.05303101
v 0.11170371 -0.46904874 0.06180825
v 0.10583933 -0.25393203 -0.01456137
v 0.10348976 -0.20353280 -0.01048555
v 0.10971716 -0.24827826 0.00068818
v 0.10306261 -0.23879048 -0.01574506
v 0.09125879 -0.25035608 -0.03209819
v 0.09780774 -0.29130605 -0.03428553
v 0.07943174 0.15633480 0.03545028
v 0.07778547 0.12658727 0.03824633
v 0.08309427 0.12804142 0.02157914
v 0.07221692 0.14142212 0.04780571
v 0.10677911 -0.41794556 -0.02718248
v 0.10872557 -0.41143036 -0.03053586
v 0.11218970 -0.42069262 -0.01281863
v 0.10271985 -0.41836163 -0.03345425
v -0.12767929 0.09358475 -0.02954291
v -0.12716429 0.07386216 -0.00930481
v -0.13456815 0.04358008 -0.00313225
v -0.13744496 0.06840258 -0.02868873
v -0.13846394 0.05982745 0.00934712
v -0.14010093 0.07750961 -0.03470425
v -0.12289470 0.09266693 -0.00988145
v -0.12567110 0.09266365 -0.00428876
v -0.14253895 0.03633662 0.01443425
v -0.13010228 0.11584654 -0.04060993
v -0.11728097 0.11694400 -0.03076978
v -0.14690433 0.04071921 -0.01985825
v -0.14040631 0.02652536 0.00117600
v -0.13212343 0.09254973 0.00155847
v -0.14577860 0.01791955 0.01523236
v -0.15459509 -0.00573013 0.00814123
v -0.15507990 0.00710032 -0.00206764
v -0.16184461 -0.00041599 -0.00147786
v -0.10385738 0.13285430 -0.00589520
v -0.11825199 0.12062405 0.00407498
v -0.10701803 0.13297349 -0.01977987
v -0.11274244 0.13502510 0.00767544
v -0.11167968 0.13258322 -0.03320196
v -0.10511060 0.13692270 -0.03424613
v -0.11328715 0.13585018 -0.04197860
v -0.14680395 0.00912704 0.01051205
v -0.15342304 -0.01355760 0.01691230
v -0.15413488 -0.03303280 0.02798112
v -0.16192494 -0.03818350 0.01484125
v -0.15548341 -0.04485317 0.02371890
v -0.14325726 -0.05140637 0.03707232
v -0.14084575 -0.04867714 0.04468220
v -0.15292725 -0.03144586 0.03904819
v -0.15391003 -0.01990050 0.03563827
v -0.15548655 0.00854964 0.03379903
v -0.14343849 -0.04789948 0.05252983
v -0.13616137 -0.06250361 0.05356632
v -0.14145546 -0.05616267 0.05760754
v -0.14479536 -0.05947008 0.03602393
v -0.15665819 -0.05752637 0.02446863
v -0.15323697 -0.07372479 0.04114436
v -0.15645912 -0.07074943 0.03247517
v -0.16227618 -0.08731323 0.03237954
v -0.16251786 -0.08163746 0.01914881
v -0.14091152 -0.07130297 0.06235342
v -0.16077140 -0.08895798 0.04257129
v -0.16468745 -0.09203318 0.03702139
v -0.16015175 -0.09717947 0.04349558
v -0.15905216 -0.11253206 0.03954104
v -0.16275883 -0.08877203 0.02544753
v -0.16052361 -0.06014809 0.01479469
v -0.15885501 -0.08752990 0.05063458
v -0.16404052 -0.09382297 0.04932947
v -0.15804145 -0.08603624 0.05452704
v -0.15400533 -0.07328349 0.05033419
v -0.16146833 -0.08897770 0.06101337
v -0.15759468 -0.11197101 0.04239043
v -0.16046393 -0.10265039 0.02972498
v -0.16128522 -0.10452276 0.02468336
v -0.15797262 -0.07023320 0.05619913
v -0.15693888 -0.10354312 0.05651477
v -0.16134988 -0.10440616 0.03379776
v -0.13585909 -0.06888404 0.05052319
v -0.15714979 -0.10748652 0.06200114
v -0.15297583 -0.11680064 0.05768579
v -0.15614201 -0.12408566 0.06395990
v -0.13476317 -0.09081144 0.06197327
v -0.14209861 -0.07179181 0.04543622
v -0.16818193 -0.09381825 0.02192456
v -0.15638605 -0.11175593 0.02739657
v -0.15493278 -0.11550130 0.03255849
v -0.14762214 -0.12317567 0.02648468
v -0.14772984 -0.13259178 0.03393130
v -0.14667428 -0.13235274 0.02614810
v -0.16340166 -0.11688756 0.03712294
v -0.15178478 0.02126458 0.02800913
v -0.15237005 0.04434591 0.02642957
v -0.16405362 -0.08263352 0.01051063
v -0.11962502 0.13550505 -0.04150200
v -0.12324426 0.11051962 0.00309615
v -0.15120719 -0.12123673 0.02121969
v -0.16506007 -0.06544692 0.00967160
v -0.15216513 -0.12726615 0.02215523
v -0.13743334 -0.07379582 0.04864408
v -0.16180861 -0.09623632 0.01877350
v -0.16434649 -0.10583479 0.02196088
v -0.16136681 -0.09586332 0.01084875
v -0.15669656 -0.10369621 0.01571359
v -0.16364890 -0.10410234 0.02110199
v -0.15575911 -0.11359202 0.01970893
v -0.15337773 -0.10952365 0.01653790
v -0.14756510 -0.11826666 0.01505897
v -0.15444210 -0.10899550 0.00933963
v -0.15059054 -0.11919590 0.01064108
v -0.15342304 -0.01355760 0.01691230
v -0.15163524 -0.00174897 0.02647205
v -0.15413488 -0.03303280 0.02798112
v -0.14680395 0.00912704 0.01051205
v -0.15391003 -0.01990050 0.03563827
v -0.15548655 0.00854964 0.03379903
v -0.14577860 0.01791955 0.01523236
v -0.15178478 0.02126458 0.02800913
v -0.15237005 0.04434591 0.02642957
v -0.15759468 -0.11197101 0.04239043
v -0.15191662 -0.12038596 0.04268066
v -0.16340166 -0.11688756 0.03712294
v -0.15403551 -0.12758626 0.03630858
v 0.03804624 0.41784087 -0.01977996
v 0.04090252 0.41977826 -0.01470260
v 0.04173126 0.41270629 -0.01447112
v 0.04317662 0.40985596 -0.02250423
v 0.03771849 0.41146743 -0.02554648
v 0.03592712 0.40598717 -0.02303749
v 0.04461334 0.41385999 -0.01022173
v 0.03369984 0.41527840 -0.02610294
v 0.04744615 0.42209098 -0.01154291
v 0.04903063 0.42168066 -0.00540826
v 0.04525656 0.41810271 -0.00429341
v 0.04424308 0.40438944 -0.00622830
v 0.05037042 0.42010745 0.00822427
v 0.04855541 0.41139844 0.00787934
v 0.05412841 0.42443341 -0.00169948
v 0.04842204 0.42476246 -0.01972952
v 0.04757808 0.42814294 -0.01567112
v 0.03711792 0.41167009 -0.03725484
v 0.03884505 0.40558267 -0.01742498
v 0.03353366 0.42142671 -0.02357940
v 0.04519164 0.42653069 -0.00870214
v 0.04437412 0.43595096 -0.01086382
v 0.04972386 0.43956164 -0.01798578
v 0.04846723 0.43575889 -0.02025163
v 0.04205937 0.44154370 -0.00818299
v 0.04785915 0.44986802 -0.01689036
v 0.04329507 0.44670394 -0.00388393
v 0.04889836 0.45408380 -0.00886782
v 0.04783746 0.44652361 0.00231230
v 0.04400432 0.44513726 0.00592498
v 0.05207020 0.45514122 -0.00177506
v 0.05591872 0.44868553 0.00572323
v 0.04536866 0.42539880 -0.02303897
v 0.03392088 0.42277560 -0.03019413
v 0.04195239 0.39308995 -0.00590745
v 0.04033580 0.38239351 -0.00152913
v 0.03379276 0.37570235 -0.00883068
v 0.03841243 0.37439033 0.00238185
v 0.02821293 0.37665260 -0.01665970
v 0.02922365 0.35835522 -0.01413065
v 0.03362098 0.35422888 -0.00240605
v 0.03224069 0.33866775 -0.01118279
v 0.02947704 0.33007008 -0.02217381
v 0.03280836 0.33911392 -0.00547314
v 0.03147413 0.34246913 -0.00200781
v 0.02820834 0.33534929 -0.00185727
v 0.03166160 0.34647602 0.00317768
v 0.03612916 0.32474956 -0.01083256
v 0.03241895 0.32512543 0.00191629
v 0.03548168 0.31823039 0.00419636
v 0.02655102 0.32395908 0.01466054
v 0.02411362 0.32693571 0.01159316
v 0.02405738 0.33121026 0.01816410
v 0.02297509 0.32600474 0.02151139
v 0.03026590 0.34688002 0.01954391
v 0.02400969 0.33644894 0.02779721
v 0.03374555 0.34298483 0.04059988
v 0.02416788 0.32841167 0.04591312
v 0.01495015 0.31847709 0.04831250
v 0.01646384 0.31868634 0.05676542
v 0.01140848 0.31342643 0.05931161
v 0.03731481 0.35384813 0.02885738
v 0.02642772 0.31201398 0.01687980
v 0.02797577 0.33767852 0.00649484
v 0.03767548 0.36232591 0.01717458
v 0.04046524 0.37236482 0.01684627
v 0.04820640 0.37777486 0.00264953
v 0.03592712 0.40598717 -0.02303749
v 0.03884505 0.40558267 -0.01742498
v 0.02821293 0.37665260 -0.01665970
v 0.03166160 0.34647602 0.00317768
v 0.03767548 0.36232591 0.01717458
v 0.03026590 0.34688002 0.01954391
v 0.02797577 0.33767852 0.00649484
v 0.02820834 0.33534929 -0.00185727
v 0.02797577 0.33767852 0.00649484
v 0.02479799 0.32767186 0.00383141
v 0.02411362 0.32693571 0.01159316
v 0.03392088 0.42277560 -0.03019413
v 0.03369984 0.41527840 -0.02610294
v 0.03711792 0.41167009 -0.03725484
v 0.03679503 0.42183155 -0.03617645
v 0.03219746 0.42755011 -0.03368971
v 0.03277383 0.42733407 -0.02776975
v 0.03659469 0.43298057 -0.03652084
v 0.03882549 0.43360409 -0.02642920
v 0.03709022 0.43272310 -0.01824164
v 0.04092097 0.43628111 -0.02183776
v -0.00904798 0.45418629 -0.04806092
v 0.00195871 0.45020622 -0.04714591
v -0.00889193 0.44912902 -0.04338363
v 0.00302530 0.45638061 -0.04936422
v -0.01048871 0.45421031 -0.04286248
v -0.01250977 0.44397539 -0.04008755
v 0.00053999 0.43999764 -0.04621377
v 0.00552775 0.45443708 -0.04917392
v -0.01178284 0.44787559 -0.03956315
v 0.00373657 0.44289085 -0.05053666
v -0.01709358 0.45939746 -0.04785168
v -0.00889193 0.44912902 -0.04338363
v -0.01178284 0.44787559 -0.03956315
v 0.02553257 0.49412233 0.01099180
v 0.02953975 0.48158133 0.00499020
v 0.02322537 0.48398152 0.00215784
v 0.02534170 0.48323989 -0.00178656
v 0.03371668 0.48151985 0.00307920
v 0.03050647 0.47896555 0.00064345
v 0.03074356 0.47777542 -0.00248457
v 0.02359423 0.47341079 -0.00512043
v 0.02553786 0.46950984 -0.00439140
v 0.02911343 0.47013631 -0.00732130
v 0.02523843 0.48630980 -0.00639968
v 0.01486779 0.49141273 0.00072163
v 0.04125688 0.47501892 -0.00183943
v 0.04559384 0.47007269 -0.00574997
v 0.01947414 0.47668901 -0.00194708
v 0.02534170 0.48323989 -0.00178656
v 0.02359423 0.47341079 -0.00512043
v -0.03885150 0.42566192 -0.03955400
v -0.04916989 0.42451045 -0.03428043
v -0.03965644 0.42976394 -0.03699479
v -0.03612884 0.42721057 -0.04452395
v -0.04936267 0.43343231 -0.03174699
v -0.05770904 0.43352643 -0.03399751
v -0.04374224 0.43485928 -0.03450988
v -0.05129444 0.43976870 -0.03700286
v -0.05561271 0.42210200 -0.03339963
v -0.05209810 0.42068925 -0.03724601
v -0.04594731 0.41193342 -0.03947158
v -0.04279098 0.41702858 -0.03594158
v -0.04093848 0.41294813 -0.04116732
v -0.04043423 0.42263058 -0.04348082
v -0.04140995 0.40419573 -0.04357898
v -0.03636456 0.41039330 -0.05142013
v -0.03491126 0.41594791 -0.04149811
v -0.05186976 0.41090330 -0.03892159
v -0.05440495 0.44036001 -0.03505861
v -0.04990063 0.44964632 -0.03545943
v -0.03408205 0.41437057 -0.05305596
v -0.03661682 0.42272702 -0.04623954
v -0.04043423 0.42263058 -0.04348082
v -0.03661682 0.42272702 -0.04623954
v -0.03491126 0.41594791 -0.04149811
v -0.04916989 0.42451045 -0.03428043
v -0.04510739 0.42406523 -0.04557041
v -0.04279098 0.41702858 -0.03594158
v -0.00883400 0.49608311 0.00226890
v -0.00751969 0.49495715 0.01159877
v -0.00425215 0.48989642 0.00601856
v -0.01189833 0.49813804 0.00630457
v -0.00445913 0.48059034 0.00095082
v -0.01295776 0.49641418 0.00044418
v -0.01330136 0.49570885 -0.00410625
v -0.00381867 0.49194774 0.01199378
v -0.00618130 0.49282968 -0.00375222
v -0.01028810 0.49027500 -0.00660379
v -0.01281560 0.49201059 -0.00956660
v -0.01026787 0.48639506 -0.01073839
v -0.00419733 0.49147069 -0.00568933
v -0.00835990 0.47998017 -0.00778715
v -0.01028810 0.49027500 -0.00660379
v -0.00835990 0.47998017 -0.00778715
v -0.01400646 0.48318115 -0.00872730
v 0.04398390 0.44563431 0.05067067
v 0.03734870 0.44655675 0.05171337
v 0.04340530 0.43794671 0.04991795
v 0.04357420 0.45314786 0.05472438
v 0.03758500 0.45359313 0.05981582
v 0.03491972 0.43708122 0.05019625
v 0.02727431 0.43736300 0.05443872
v 0.03056857 0.44392189 0.05435593
v 0.02323878 0.43896767 0.05710016
v 0.02615817 0.45129076 0.05603763
v 0.02124343 0.44655618 0.06287376
v 0.02663125 0.45789328 0.06377054
v 0.02260036 0.45537633 0.07126389
v 0.02241640 0.46036434 0.07486341
v 0.02429806 0.46714565 0.06984726
v 0.02751581 0.46540111 0.06388453
v 0.03126787 0.46915838 0.06727228
v 0.01956223 0.47097206 0.07394955
v 0.03624249 0.44795930 0.05824240
v 0.03111905 0.43170339 0.05111727
v 0.03767334 0.43458557 0.04520657
v 0.03758500 0.45359313 0.05981582
v 0.02615817 0.45129076 0.05603763
v 0.03624249 0.44795930 0.05824240
v 0.02663125 0.45789328 0.06377054
v 0.03574187 0.45953059 0.06486306
v 0.03126787 0.46915838 0.06727228
v 0.01956223 0.47097206 0.07394955
v 0.02026190 0.46437365 0.06981643
v 0.02429806 0.46714565 0.06984726
v 0.01941806 0.45695111 0.07061382
v -0.01048916 0.46637699 -0.04051191
v -0.01433321 0.46462888 -0.03377746
v -0.00586178 0.46655005 -0.03370021
v -0.01657918 0.46065673 -0.03704429
v -0.01472147 0.46524706 -0.04506930
v -0.00705282 0.46844769 -0.02505585
v -0.01917073 0.45403382 -0.04120918
v -0.01709358 0.45939746 -0.04785168
v -0.02353832 0.45664725 -0.04326102
v -0.00090721 0.46890253 -0.04192141
v -0.00276582 0.47007355 -0.02997172
v 0.00215434 0.46857917 -0.04501057
v -0.00113100 0.46676686 -0.03553033
v 0.00255793 0.47209996 -0.03390775
v -0.00607440 0.46551391 -0.03981078
v 0.00336245 0.46816793 -0.02813698
v 0.00368735 0.46947917 -0.02319228
v 0.01112898 0.46800572 -0.02877424
v -0.00708513 0.47160971 -0.03427615
v -0.00607440 0.46551391 -0.03981078
v -0.01048916 0.46637699 -0.04051191
v -0.00587743 0.47508597 0.07102838
v -0.00965775 0.47077549 0.07548928
v -0.00106407 0.47082776 0.07719993
v -0.00802643 0.47031763 0.07975262
v -0.01816174 0.47166979 0.08040947
v -0.01557153 0.46959668 0.08346912
v -0.01396629 0.48010400 0.07867488
v -0.01003209 0.48617896 0.06858686
v -0.00206283 0.47461605 0.07145059
v -0.00280834 0.47117633 0.08039863
v 0.00136474 0.46725845 0.07809794
v 0.00681662 0.47049245 0.07690650
v 0.00855803 0.47810429 0.07590491
v -0.00548279 0.48056883 0.06405856
v -0.00698026 0.48934582 0.06357826
v -0.00009471 0.48820314 0.06190005
v 0.00313519 0.48534995 0.06352478
v 0.00195146 0.47175041 0.05871878
v 0.00855803 0.47810429 0.07590491
v 0.00123941 0.48109582 0.07456544
v -0.00106407 0.47082776 0.07719993
v -0.00548279 0.48056883 0.06405856
v -0.00587743 0.47508597 0.07102838
v -0.00472573 0.47036305 0.06224773
v 0.00195146 0.47175041 0.05871878
v -0.01967936 0.46947318 0.05701101
v -0.02495774 0.46995336 0.06225239
v -0.01671801 0.46986946 0.06394212
v -0.01635385 0.47558990 0.05607552
v -0.01414677 0.46824133 0.06736211
v -0.02058264 0.46706560 0.07110126
v -0.02371384 0.47035009 0.06919900
v -0.01924792 0.47354469 0.06523330
v -0.02371384 0.47035009 0.06919900
v -0.01671801 0.46986946 0.06394212
v 0.02088819 0.48576885 0.02228321
v 0.02284870 0.48568469 0.01594544
v 0.01941111 0.48324564 0.01790014
v 0.02347845 0.49321184 0.02133979
v 0.02524383 0.48852146 0.02846731
v 0.01918204 0.47875097 0.02693210
v 0.02088819 0.48576885 0.02228321
v 0.01572490 0.48568368 0.01981155
v 0.01918204 0.47875097 0.02693210
v 0.14711784 -0.03488526 -0.01729512
v 0.14972143 -0.03006378 -0.01805213
v 0.15156899 -0.03455688 -0.01544425
v 0.15078743 -0.02069234 -0.01712713
v 0.14755501 -0.01821613 -0.01818456
v 0.14265142 -0.02309038 -0.02662157
v 0.14045557 -0.03245493 -0.03770075
v 0.14103176 -0.01464992 -0.02719289
v 0.12234292 -0.01290275 -0.06829941
v 0.12685059 -0.00142718 -0.04200506
v 0.11146710 0.00151857 -0.07829895
v 0.12259851 -0.03275412 -0.07601302
v 0.11033783 -0.03208331 -0.09791859
v 0.13885432 -0.05290258 -0.04606013
v 0.10253175 0.01640126 -0.07575851
v 0.09335557 0.02311069 -0.09167057
v 0.11097812 0.01617257 -0.04980930
v 0.09862804 0.02008794 -0.07323039
v 0.09739856 0.01011634 -0.10249626
v 0.11248123 -0.05649072 -0.09754009
v 0.09786778 -0.05892725 -0.11545274
v 0.10068293 -0.07673853 -0.10853905
v 0.11016215 -0.07624951 -0.09717380
v 0.10411221 -0.08710642 -0.10062890
v 0.11470769 -0.09094042 -0.08448303
v 0.09497238 -0.02549005 -0.11537395
v 0.13890822 -0.00858503 -0.02436531
v 0.13499296 -0.00030947 -0.02039867
v 0.11752953 0.01348386 -0.03289040
v 0.12455621 -0.07303099 -0.07324675
v 0.14905474 -0.05168892 -0.01693018
v 0.14572102 -0.01808546 -0.02499756
v 0.12587371 0.01123535 -0.01872478
v 0.14544635 -0.07223076 -0.02456702
v 0.13553566 -0.07106565 -0.05037777
v 0.14139917 -0.08535561 -0.02929937
v 0.12886342 -0.09467131 -0.05450480
v 0.09069563 0.00715991 -0.11376064
v 0.12821534 -0.05460619 -0.06880803
v 0.09391893 0.02736094 -0.09821332
v 0.12208876 -0.09320444 -0.07045915
v 0.14966452 -0.03519207 -0.00977090
v 0.12972252 0.01081791 -0.01671943
v 0.09586883 0.01917989 -0.10484871
v 0.09031323 0.01237749 -0.11641600
v 0.09033503 0.02554365 -0.11231966
v 0.12821534 -0.05460619 -0.06880803
v 0.13553566 -0.07106565 -0.05037777
v 0.12455621 -0.07303099 -0.07324675
v 0.12886342 -0.09467131 -0.05450480
v 0.12208876 -0.09320444 -0.07045915
vt 0.75463343 0.30008948
vt 0.74317181 0.30187833
vt 0.76343614 0.30187833
vt 0.57577091 0.92533904
vt 0.58546257 0.92352414
vt 0.58546251 0.93067980
vt 0.06651983 0.63819319
vt 0.08061674 0.63819319
vt 0.07649704 0.63193202
vt 0.48414096 0.24552774
vt 0.49735683 0.24552774
vt 0.49026752 0.24016100
vt 0.64736062 0.98145872
vt 0.62453699 0.93320906
vt 0.59750122 0.93067980
vt 0.59690487 0.98524153
vt 0.67801660 0.93907535
vt 0.65178066 0.93700212
vt 0.67629874 0.98199058
vt 0.69698149 0.94264215
vt 0.70175332 0.97788727
vt 0.70836115 0.95028847
vt 0.71233481 0.96293104
vt 0.59072846 0.96836382
vt 0.58332050 0.93242973
vt 0.58117765 0.98347467
vt 0.57087368 0.93726295
vt 0.56829792 0.97846931
vt 0.55814976 0.95022142
vt 0.55938900 0.96970648
vt 0.61687136 0.98524153
vt 0.69154209 0.98168039
vt 0.95643711 0.42885911
vt 0.91008008 0.40313399
vt 0.95998591 0.40707970
vt 0.90969163 0.38143682
vt 0.96255505 0.38909793
vt 0.91617125 0.47998405
vt 0.91259354 0.46482378
vt 0.91272575 0.43328851
vt 0.93703592 0.49150264
vt 0.92384768 0.48964906
vt 0.94521463 0.48626363
vt 0.95341563 0.45548254
vt 0.96255505 0.36465794
vt 0.91134524 0.36412191
vt 0.95081222 0.47447747
vt 0.95845026 0.34978962
vt 0.91736841 0.34753227
vt 0.92439032 0.33843237
vt 0.95225644 0.34062648
vt 0.94092280 0.33497316
vt 0.53036952 0.47441387
vt 0.52634728 0.48684037
vt 0.50927776 0.48108763
vt 0.51457065 0.47271913
vt 0.54246718 0.48584443
vt 0.54124761 0.47679049
vt 0.48110288 0.48731601
vt 0.46776202 0.47793448
vt 0.45182610 0.48571670
vt 0.46816593 0.49084508
vt 0.45824781 0.49043053
vt 0.43730021 0.49117482
vt 0.44745648 0.49772775
vt 0.43303964 0.49590886
vt 0.48962909 0.49345881
vt 0.50855780 0.49471062
vt 0.55400205 0.47696149
vt 0.48456204 0.47424757
vt 0.53060293 0.49490213
vt 0.54583919 0.49688148
vt 0.55933434 0.49104553
vt 0.55991191 0.50044721
vt 0.45279214 0.47509181
vt 0.46538031 0.50044721
vt 0.65097517 0.81667960
vt 0.65433258 0.80251259
vt 0.72432315 0.80374229
vt 0.71296930 0.82143176
vt 0.60268414 0.81104821
vt 0.61123466 0.78882617
vt 0.64681822 0.77952725
vt 0.61016530 0.77261591
vt 0.58173907 0.77095640
vt 0.68434995 0.78459120
vt 0.73283285 0.78789455
vt 0.57525384 0.80299497
vt 0.55643165 0.78227431
vt 0.53426200 0.78010577
vt 0.52412069 0.79507327
vt 0.49195841 0.77632922
vt 0.48610097 0.79195940
vt 0.51280206 0.75709945
vt 0.54456919 0.76277024
vt 0.48754072 0.75608259
vt 0.74508286 0.82355189
vt 0.74787438 0.78971499
vt 0.74971563 0.80457157
vt 0.75092506 0.82401842
vt 0.75568235 0.80816925
vt 0.76588678 0.82472676
vt 0.76820374 0.80776560
vt 0.77982008 0.81239772
vt 0.47116178 0.77688414
vt 0.46817964 0.75717157
vt 0.46387929 0.79068947
vt 0.78425276 0.80076522
vt 0.77585280 0.79392433
vt 0.75738680 0.79277992
vt 0.77795678 0.82746643
vt 0.49420220 0.74217981
vt 0.52657825 0.75150752
vt 0.47250149 0.74842489
vt 0.78539628 0.81196475
vt 0.79961723 0.78663421
vt 0.81178546 0.81569260
vt 0.81192774 0.79151440
vt 0.82332402 0.79599738
vt 0.82158631 0.82797277
vt 0.78496265 0.82816505
vt 0.81786406 0.76766771
vt 0.82599837 0.76541972
vt 0.82060921 0.74006450
vt 0.82838947 0.74346113
vt 0.82951540 0.72569972
vt 0.80288917 0.76246995
vt 0.82111287 0.84384322
vt 0.81774539 0.74577814
vt 0.49506485 0.80826694
vt 0.52564389 0.80950797
vt 0.46645874 0.81224579
vt 0.81970048 0.71615684
vt 0.68053275 0.83806574
vt 0.74347669 0.83398151
vt 0.63342911 0.83774799
vt 0.53356385 0.82319325
vt 0.56279546 0.82532644
vt 0.61153656 0.83424002
vt 0.59216624 0.83170962
vt 0.48608580 0.82280684
vt 0.78918260 0.78095686
vt 0.82759440 0.70742130
vt 0.80803698 0.72798878
vt 0.81903732 0.72940612
vt 0.78239751 0.84200490
vt 0.45990357 0.77525061
vt 0.77852821 0.78816772
vt 0.46589372 0.83007252
vt 0.80881691 0.71487397
vt 0.81735134 0.71027136
vt 0.45405576 0.76167548
vt 0.45730755 0.74775219
vt 0.45711800 0.83348960
vt 0.75056624 0.83407652
vt 0.76889372 0.83963501
vt 0.81901896 0.69815236
vt 0.44542360 0.74812692
vt 0.81221217 0.85636550
vt 0.82067150 0.85644007
vt 0.82581729 0.69543827
vt 0.77739376 0.77510810
vt 0.78362125 0.76856345
vt 0.79056859 0.75649148
vt 0.79717398 0.75121397
vt 0.46182367 0.80009902
vt 0.45681411 0.81486076
vt 0.80414283 0.70547181
vt 0.75751984 0.84502506
vt 0.74496478 0.84785473
vt 0.72696948 0.85165828
vt 0.44753456 0.83071893
vt 0.77932465 0.85135669
vt 0.68615013 0.85644007
vt 0.43568283 0.84615260
vt 0.23772572 0.78183901
vt 0.25284743 0.79452085
vt 0.19472308 0.79130179
vt 0.27814537 0.77656245
vt 0.28019148 0.79234511
vt 0.31315860 0.77751446
vt 0.22096804 0.80058712
vt 0.17684792 0.80896431
vt 0.16620070 0.79626250
vt 0.33889154 0.78857249
vt 0.15026629 0.80957466
vt 0.12225124 0.79867703
vt 0.11129977 0.81021118
vt 0.09239718 0.79959130
vt 0.09233969 0.81067497
vt 0.30157793 0.77434671
vt 0.35285172 0.77398711
vt 0.37970099 0.77327269
vt 0.38291326 0.80280840
vt 0.40590015 0.80222183
vt 0.41954640 0.78379393
vt 0.42536867 0.79838032
vt 0.42026857 0.77293116
vt 0.42424366 0.78833151
vt 0.19428198 0.82389623
vt 0.33417922 0.80760813
vt 0.30267912 0.81200558
vt 0.16016810 0.82724583
vt 0.21922076 0.82116890
vt 0.11336046 0.82666594
vt 0.42300725 0.80838335
vt 0.09415113 0.82565409
vt 0.42753384 0.82126004
vt 0.25928959 0.81260550
vt 0.27591419 0.81008303
vt 0.42803356 0.80932760
vt 0.39123797 0.81370270
vt 0.36920604 0.81044436
vt 0.08746362 0.82314140
vt 0.39943725 0.83497316
vt 0.42856336 0.83395350
vt 0.38125524 0.83481288
vt 0.08698124 0.81023097
vt 0.07420380 0.81115031
vt 0.07412867 0.82442558
vt 0.08645879 0.79900587
vt 0.07645704 0.79896486
vt 0.06660852 0.81331432
vt 0.04928986 0.81723315
vt 0.05123983 0.82839757
vt 0.02762643 0.83335370
vt 0.01098666 0.82208669
vt 0.01147367 0.83497316
vt 0.03603259 0.80586517
vt 0.04817127 0.80361325
vt 0.01777319 0.79030186
vt 0.00988431 0.80317289
vt 0.03660817 0.78539634
vt 0.00829311 0.77688742
vt 0.01735392 0.76458222
vt 0.00663715 0.75525266
vt 0.01373116 0.73735315
vt 0.00530104 0.73735785
vt 0.02620084 0.76431370
vt 0.01585538 0.73828852
vt 0.00396476 0.71309936
vt 0.01393543 0.70877331
vt 0.05207734 0.78792202
vt 0.02945291 0.75263882
vt 0.05436101 0.78052258
vt 0.00582802 0.69761074
vt 0.42038041 0.75432789
vt 0.39599863 0.75678527
vt 0.36235505 0.75366491
vt 0.33097777 0.73459882
vt 0.02687219 0.71953934
vt 0.01703897 0.71840358
vt 0.02515746 0.70616281
vt 0.01702292 0.69990253
vt 0.37338492 0.73094451
vt 0.09153011 0.79249573
vt 0.07609119 0.79017478
vt 0.07608238 0.77720582
vt 0.12271025 0.77569550
vt 0.09355854 0.77622670
vt 0.01389434 0.69211829
vt 0.15523790 0.78590417
vt 0.17915352 0.76966208
vt 0.13241898 0.77323037
vt 0.42137584 0.73491645
vt 0.29186305 0.73893654
vt 0.25192088 0.75996786
vt 0.08666679 0.77501351
vt 0.26090181 0.74320960
vt 0.22091682 0.75330943
vt 0.02824769 0.69244164
vt 0.00713953 0.68651181
vt 0.09595288 0.76338023
vt 0.11490204 0.75118876
vt 0.02259862 0.68649375
vt 0.13990243 0.74535203
vt 0.16103762 0.74145025
vt 0.03885206 0.75908476
vt 0.05017246 0.76257652
vt 0.05342630 0.76885521
vt 0.03604188 0.75202382
vt 0.18206887 0.75492829
vt 0.05829048 0.77130836
vt 0.17227916 0.73990911
vt 0.43215859 0.83163416
vt 0.83637655 0.36764705
vt 0.81497031 0.39154744
vt 0.83124173 0.39789832
vt 0.81701458 0.36293519
vt 0.82505977 0.33067882
vt 0.84452534 0.31702840
vt 0.80953240 0.43300927
vt 0.82801312 0.31320220
vt 0.85275656 0.27848017
vt 0.83625650 0.27704704
vt 0.85831857 0.23056841
vt 0.86698639 0.25752115
vt 0.87660146 0.25177956
vt 0.88240916 0.21845090
vt 0.86903465 0.18099922
vt 0.88696510 0.18582994
vt 0.82780725 0.43641412
vt 0.82256526 0.45744205
vt 0.80873251 0.45888621
vt 0.86959040 0.28731447
vt 0.86042029 0.16993243
vt 0.82248282 0.46364033
vt 0.81801397 0.48272312
vt 0.80688363 0.47848308
vt 0.85191351 0.18010223
vt 0.83788496 0.24234819
vt 0.83834869 0.21099311
vt 0.83937061 0.18064344
vt 0.83911479 0.15948415
vt 0.88766080 0.17164510
vt 0.80399871 0.49295431
vt 0.79151469 0.42542976
vt 0.79898453 0.37626660
vt 0.80767572 0.34447861
vt 0.79264200 0.44679797
vt 0.78967404 0.46213567
vt 0.79002690 0.48067576
vt 0.80996484 0.32769144
vt 0.78839552 0.48869109
vt 0.78480703 0.52813399
vt 0.79563421 0.52828419
vt 0.81268936 0.51819938
vt 0.81052947 0.53162885
vt 0.81928086 0.49359393
vt 0.83910900 0.53594118
vt 0.84149826 0.52435213
vt 0.86939269 0.54014891
vt 0.86872798 0.53197449
vt 0.88153279 0.53380895
vt 0.88880986 0.54389107
vt 0.84094012 0.50639504
vt 0.86173034 0.51871538
vt 0.86141801 0.32051361
vt 0.90473825 0.53558248
vt 0.90453261 0.54427546
vt 0.90207976 0.18068051
vt 0.89237821 0.20024633
vt 0.86441487 0.36353248
vt 0.82944053 0.47824848
vt 0.85221189 0.40824401
vt 0.85840738 0.38272381
vt 0.84766150 0.43701178
vt 0.84151113 0.45832479
vt 0.82474911 0.48616379
vt 0.87667227 0.32947874
vt 0.88725299 0.29876763
vt 0.88625681 0.29148233
vt 0.89807999 0.52522814
vt 0.89778227 0.53393114
vt 0.90040797 0.22346681
vt 0.90872455 0.20153785
vt 0.91333932 0.18795329
vt 0.90072310 0.23318052
vt 0.91713977 0.17113811
vt 0.89217162 0.16834211
vt 0.83624077 0.49266684
vt 0.83607930 0.46609533
vt 0.91834742 0.54226679
vt 0.86732125 0.51417261
vt 0.85064691 0.49994195
vt 0.92290747 0.21178907
vt 0.88360816 0.52218837
vt 0.87655658 0.16957510
vt 0.90908450 0.25585842
vt 0.91407669 0.24731529
vt 0.84213805 0.48346519
vt 0.92290747 0.53218210
vt 0.90623796 0.16389406
vt 0.92080230 0.15697676
vt 0.82710356 0.28171515
vt 0.92017233 0.52656078
vt 0.77841407 0.51421911
vt 0.84731728 0.48279381
vt 0.85314822 0.48781681
vt 0.86435330 0.49972671
vt 0.87386978 0.50478947
vt 0.87629491 0.50968868
vt 0.51535141 0.24867684
vt 0.49891326 0.25053883
vt 0.51782441 0.25847691
vt 0.50156611 0.26078308
vt 0.50561607 0.27001441
vt 0.53655088 0.25329053
vt 0.53460687 0.26991385
vt 0.56234789 0.25083578
vt 0.56152439 0.26984340
vt 0.52530354 0.28668982
vt 0.56451017 0.28496420
vt 0.55377609 0.29329193
vt 0.50016451 0.28773773
vt 0.48661873 0.27743769
vt 0.48117656 0.26527745
vt 0.47825035 0.29453570
vt 0.49439326 0.30055606
vt 0.50643098 0.31618965
vt 0.46767163 0.28323203
vt 0.57884997 0.28311670
vt 0.57333148 0.26600206
vt 0.58238500 0.27851915
vt 0.57970977 0.26849687
vt 0.57739061 0.25554299
vt 0.58634359 0.28921670
vt 0.58413494 0.29525357
vt 0.57432514 0.24863571
vt 0.58040756 0.24543947
vt 0.45290044 0.29202515
vt 0.45154184 0.30948961
vt 0.56928188 0.29771477
vt 0.53757882 0.23303181
vt 0.56472743 0.23300534
vt 0.57106328 0.23872584
vt 0.51339799 0.23345250
vt 0.58634359 0.23632866
vt 0.39584267 0.62371689
vt 0.38615331 0.62570655
vt 0.38394997 0.58780897
vt 0.36527190 0.59017241
vt 0.40109020 0.60005200
vt 0.40346530 0.58966482
vt 0.40457398 0.58443761
vt 0.38632801 0.57391542
vt 0.35800707 0.56014591
vt 0.39216292 0.64148319
vt 0.37509179 0.64264023
vt 0.35003418 0.58919108
vt 0.34355974 0.55267537
vt 0.36290941 0.60809880
vt 0.37588316 0.62563664
vt 0.35771903 0.64359075
vt 0.35316643 0.67053002
vt 0.34309375 0.66390115
vt 0.32665792 0.67785954
vt 0.33819860 0.64825952
vt 0.31680861 0.66466117
vt 0.37077725 0.66519469
vt 0.38868481 0.65962052
vt 0.32923394 0.56002182
vt 0.29804796 0.67947316
vt 0.35874954 0.68133426
vt 0.32092398 0.54065919
vt 0.38696489 0.67213464
vt 0.38568139 0.67895234
vt 0.28400266 0.66683954
vt 0.27759996 0.55227441
vt 0.31208193 0.57208449
vt 0.26096144 0.68029785
vt 0.30661505 0.64645159
vt 0.25878832 0.66657788
vt 0.29561022 0.52774751
vt 0.26202351 0.51173198
vt 0.35433689 0.63140553
vt 0.35649762 0.62015384
vt 0.23294328 0.51604724
vt 0.23328593 0.49941921
vt 0.40660793 0.57748497
vt 0.33622172 0.68939555
vt 0.20307851 0.51104778
vt 0.20184933 0.48604685
vt 0.17508601 0.50475091
vt 0.16770685 0.47086573
vt 0.12247454 0.49540216
vt 0.14617518 0.46112871
vt 0.09541384 0.48116153
vt 0.09794027 0.45738041
vt 0.06623586 0.46329111
vt 0.05354254 0.44442600
vt 0.08772582 0.43245769
vt 0.07511046 0.42654479
vt 0.05058180 0.42219186
vt 0.03966545 0.44098508
vt 0.01887037 0.43152314
vt 0.04217969 0.45285434
vt 0.10852478 0.44362497
vt 0.14339596 0.50551689
vt 0.18179682 0.52155179
vt 0.02153906 0.42091060
vt 0.02603954 0.41010737
vt 0.00572687 0.42933422
vt 0.33552530 0.60944611
vt 0.22684184 0.68153876
vt 0.21522342 0.53678542
vt 0.31067932 0.68783796
vt 0.34848386 0.59851009
vt 0.03145735 0.44991255
vt 0.22562945 0.66085851
vt 0.27505645 0.64744538
vt 0.20822404 0.67285967
vt 0.21639997 0.68357277
vt 0.19466326 0.68913794
vt 0.17635781 0.67333710
vt 0.16894534 0.69421065
vt 0.15551905 0.67375988
vt 0.15466811 0.69522327
vt 0.14451471 0.69627279
vt 0.10926977 0.69295657
vt 0.12714815 0.66731524
vt 0.07809051 0.68903333
vt 0.08422243 0.67673916
vt 0.08686639 0.70406836
vt 0.07390445 0.70273501
vt 0.06579754 0.69038701
vt 0.06436037 0.70336890
vt 0.07068504 0.67876977
vt 0.10270020 0.70427179
vt 0.06198806 0.68019509
vt 0.12539214 0.69966829
vt 0.05061629 0.69487214
vt 0.05144205 0.70359874
vt 0.04384664 0.68775702
vt 0.16092727 0.65984100
vt 0.19710742 0.65915608
vt 0.06650753 0.71181512
vt 0.05856738 0.70448464
vt 0.19489297 0.65284359
vt 0.22069469 0.64529198
vt 0.05047856 0.71347016
vt 0.26680419 0.55018675
vt 0.33710670 0.62634003
vt 0.34629315 0.61964869
vt 0.32376444 0.63298422
vt 0.32165334 0.59786397
vt 0.25610289 0.64202625
vt 0.27328396 0.69674897
vt 0.38538793 0.68606716
vt 0.06485092 0.72137743
vt 0.33250684 0.69468302
vt 0.36621013 0.70183414
vt 0.08429331 0.71241307
vt 0.07389746 0.72009611
vt 0.38540554 0.70566624
vt 0.38652742 0.69163728
vt 0.29733205 0.71645623
vt 0.21811874 0.70020390
vt 0.26135311 0.71462417
vt 0.23317927 0.71334809
vt 0.19571625 0.71547323
vt 0.16067751 0.71035993
vt 0.33661711 0.71726489
vt 0.38301966 0.71751541
vt 0.38139501 0.72137743
vt 0.38542819 0.71381360
vt 0.78836030 0.23769426
vt 0.77903497 0.19789577
vt 0.79454547 0.20825464
vt 0.76743656 0.22934902
vt 0.80123103 0.18032426
vt 0.79323697 0.17033190
vt 0.78885049 0.16180551
vt 0.76834112 0.19789815
vt 0.75546694 0.22320455
vt 0.80396980 0.16878849
vt 0.80303907 0.15614271
vt 0.80841076 0.16669756
vt 0.79952103 0.14854598
vt 0.77497804 0.16273212
vt 0.76761514 0.17621434
vt 0.78432918 0.14699578
vt 0.79715818 0.14031792
vt 0.75562418 0.20066166
vt 0.75148672 0.24487060
vt 0.74763310 0.22240639
vt 0.76770943 0.15196460
vt 0.78284341 0.13108736
vt 0.76393431 0.13531899
vt 0.76120639 0.11143363
vt 0.78167588 0.11760271
vt 0.75673109 0.09196383
vt 0.79509437 0.11324185
vt 0.79525143 0.13079304
vt 0.77875024 0.10389566
vt 0.79371476 0.10633194
vt 0.77636647 0.09063131
vt 0.74867076 0.06990695
vt 0.76452219 0.06751603
vt 0.81175649 0.11708170
vt 0.82399052 0.13028932
vt 0.82681507 0.11752909
vt 0.82020742 0.10620689
vt 0.80675417 0.09543127
vt 0.82122260 0.09434015
vt 0.73872519 0.04971856
vt 0.75287098 0.04772103
vt 0.74185127 0.03479040
vt 0.71605885 0.03186369
vt 0.78448129 0.09347326
vt 0.83587843 0.11057436
vt 0.83744496 0.12272793
vt 0.72262526 0.24562991
vt 0.72985667 0.25723702
vt 0.70721310 0.27037120
vt 0.69774485 0.25680244
vt 0.67297000 0.27951455
vt 0.68707108 0.28323162
vt 0.67836434 0.28932393
vt 0.68449157 0.30119598
vt 0.69980812 0.29405099
vt 0.75192386 0.26455641
vt 0.72188503 0.27966917
vt 0.54720229 0.14124459
vt 0.52407068 0.15931952
vt 0.48147845 0.14058214
vt 0.48216709 0.16339004
vt 0.59016567 0.13206983
vt 0.60076594 0.15508634
vt 0.62118089 0.13258809
vt 0.62669164 0.15821028
vt 0.56217843 0.18212700
vt 0.60454172 0.17883348
vt 0.63056576 0.17790043
vt 0.54539925 0.20111620
vt 0.52319169 0.17241067
vt 0.48769966 0.18100685
vt 0.65052658 0.12408304
vt 0.65304524 0.14825916
vt 0.65535980 0.17866993
vt 0.67148411 0.18590939
vt 0.69577533 0.17325062
vt 0.69171965 0.12496924
vt 0.67194718 0.11700314
vt 0.71100289 0.16534072
vt 0.69995022 0.18556309
vt 0.72883976 0.18446892
vt 0.72173202 0.12735647
vt 0.70260936 0.09447914
vt 0.71746916 0.09215075
vt 0.68102062 0.09382355
vt 0.69834191 0.07824767
vt 0.71457857 0.07387173
vt 0.71450764 0.20830584
vt 0.73292857 0.20216781
vt 0.62764794 0.10605919
vt 0.59662205 0.12377107
vt 0.55991530 0.13356555
vt 0.52561677 0.12116152
vt 0.52950096 0.19665349
vt 0.53242517 0.21589541
vt 0.51638979 0.19676226
vt 0.68642610 0.20526892
vt 0.48849818 0.20247495
vt 0.49639532 0.22229272
vt 0.52943403 0.20534819
vt 0.48487097 0.22844386
vt 0.46735376 0.14571440
vt 0.47044259 0.16614836
vt 0.62386566 0.20726013
vt 0.58914703 0.21018082
vt 0.56005102 0.21203601
vt 0.65702176 0.20665735
vt 0.46766740 0.18244857
vt 0.52686441 0.20071888
vt 0.74107754 0.13864952
vt 0.73970628 0.11266798
vt 0.47193879 0.18698335
vt 0.46969587 0.20183182
vt 0.46937498 0.22534388
vt 0.46292573 0.21044636
vt 0.45963281 0.19436252
vt 0.43469867 0.22879744
vt 0.46209180 0.23021525
vt 0.41075188 0.23542207
vt 0.40915766 0.21254057
vt 0.38693768 0.21866339
vt 0.34200078 0.24893337
vt 0.33739489 0.22166800
vt 0.38954431 0.20986414
vt 0.31178266 0.25451732
vt 0.30978435 0.28104347
vt 0.59685868 0.11080062
vt 0.55919701 0.10949296
vt 0.49106783 0.13831413
vt 0.46724063 0.11854494
vt 0.46640286 0.13362825
vt 0.46678519 0.10929501
vt 0.51790380 0.11218017
vt 0.31076550 0.22108555
vt 0.68446517 0.06765091
vt 0.73158300 0.09110016
vt 0.75104910 0.17708766
vt 0.74109834 0.20173669
vt 0.72764987 0.07235026
vt 0.28945839 0.25775325
vt 0.26947749 0.23213434
vt 0.47291383 0.23556232
vt 0.49001262 0.23376018
vt 0.46828872 0.23697972
vt 0.70105797 0.06083179
vt 0.65988910 0.07583046
vt 0.23988868 0.26706839
vt 0.26048461 0.24668491
vt 0.22312920 0.25633711
vt 0.20424652 0.27419126
vt 0.18522049 0.26318634
vt 0.18306358 0.27954525
vt 0.11923776 0.28143227
vt 0.14317195 0.29040527
vt 0.11689274 0.30102855
vt 0.10113529 0.28523123
vt 0.10550329 0.30654073
vt 0.08547274 0.30255878
vt 0.07973489 0.29079044
vt 0.05327436 0.30764908
vt 0.06780554 0.32174110
vt 0.08389384 0.31518745
vt 0.05475612 0.32329661
vt 0.09545362 0.31861115
vt 0.02189261 0.32794321
vt 0.01904699 0.31279099
vt 0.00595158 0.32960886
vt 0.00279268 0.31356770
vt 0.21264927 0.25202799
vt 0.23490977 0.29187036
vt 0.27160481 0.28918195
vt 0.18566015 0.30585933
vt 0.13446662 0.31252533
vt 0.35667631 0.26971775
vt 0.10936857 0.32295048
vt 0.50128841 0.23671222
vt 0.74169344 0.21504205
vt 0.71864182 0.04946458
vt 0.72773111 0.05363643
vt 0.72603643 0.22676218
vt 0.08968600 0.33028638
vt 0.40689486 0.19855142
vt 0.50055349 0.23006964
vt 0.53754669 0.22305858
vt 0.42958552 0.23954320
vt 0.70433766 0.05261731
vt 0.69225830 0.04345870
vt 0.71222770 0.04258454
vt 0.69143027 0.05444956
vt 0.68835205 0.05950689
vt 0.66629952 0.05422413
vt 0.66049773 0.03908253
vt 0.63892108 0.03591728
vt 0.63076365 0.01966858
vt 0.62639642 0.03392655
vt 0.62213904 0.04275227
vt 0.66383922 0.02628452
vt 0.63877153 0.04908162
vt 0.69942236 0.02695096
vt 0.61960983 0.03486645
vt 0.68229496 0.06034094
vt 0.42460123 0.19458562
vt 0.44652832 0.18399650
vt 0.44818816 0.16772950
vt 0.01710634 0.29968327
vt 0.46162960 0.16230983
vt 0.43735868 0.15379280
vt 0.71132398 0.22687995
vt 0.71184021 0.23586059
vt 0.69579226 0.24039608
vt 0.67923462 0.26656139
vt 0.67038542 0.25660187
vt 0.66606385 0.26899350
vt 0.65758908 0.25765085
vt 0.66592038 0.24375707
vt 0.70279682 0.22606540
vt 0.67688543 0.23413032
vt 0.08115763 0.28102195
vt 0.05827605 0.28495151
vt 0.62665892 0.01956123
vt 0.60486418 0.02809787
vt 0.60006475 0.03510606
vt 0.56658894 0.02864194
vt 0.58133799 0.02015251
vt 0.61290115 0.01379168
vt 0.58330613 0.00688744
vt 0.56220418 0.01549602
vt 0.54016483 0.01426536
vt 0.53221482 0.02641410
vt 0.35813993 0.20414144
vt 0.51547259 0.01373523
vt 0.50575793 0.01058066
vt 0.49244094 0.01823437
vt 0.47865146 0.01223367
vt 0.52869695 0.00044721
vt 0.04948330 0.29027742
vt 0.46801445 0.02160352
vt 0.32744247 0.21553230
vt 0.43278599 0.18011028
vt 0.65666157 0.26535809
vt 0.44034860 0.16811460
vt 0.12280019 0.26490486
vt 0.65938163 0.26868522
vt 0.64525843 0.27511680
vt 0.63832474 0.26600403
vt 0.61953360 0.28989536
vt 0.61484069 0.27739036
vt 0.65342408 0.28397155
vt 0.62203538 0.30219442
vt 0.65090787 0.25520909
vt 0.59706509 0.29037273
vt 0.60282129 0.28389120
vt 0.59994072 0.30213261
vt 0.66778535 0.28056276
vt 0.57248127 0.31126082
vt 0.57032120 0.31897449
vt 0.56632900 0.31498766
vt 0.45737594 0.01323551
vt 0.45725134 0.02184510
vt 0.48579386 0.02746409
vt 0.43434587 0.01517338
vt 0.43448603 0.00985104
vt 0.40518481 0.00931007
vt 0.41965148 0.01450747
vt 0.40816692 0.01547253
vt 0.39613900 0.01971841
vt 0.38800317 0.01782835
vt 0.38700834 0.02185869
vt 0.17811736 0.24695075
vt 0.09820715 0.27210116
vt 0.58455056 0.32131225
vt 0.56954795 0.32776457
vt 0.54958266 0.33130968
vt 0.56303561 0.31556487
vt 0.54694527 0.32635099
vt 0.61190969 0.31611633
vt 0.66995257 0.06585103
vt 0.61659086 0.04446828
vt 0.61860240 0.04953277
vt 0.55770046 0.03235501
vt 0.41339713 0.16398668
vt 0.46010479 0.24419969
vt 0.23077413 0.30326319
vt 0.68525934 0.22026646
vt 0.57721806 0.22577393
vt 0.05465010 0.33193690
vt 0.39650539 0.24931574
vt 0.41776660 0.25598979
vt 0.41819179 0.26012290
vt 0.46490085 0.13528758
vt 0.08193009 0.33944547
vt 0.50829786 0.23970854
vt 0.09914638 0.33084941
vt 0.10755932 0.33685446
vt 0.64217812 0.30181026
vt 0.62826675 0.22143668
vt 0.01876937 0.33845961
vt 0.41562751 0.14308035
vt 0.39340207 0.14812428
vt 0.40237418 0.13690126
vt 0.37243941 0.12730479
vt 0.36786696 0.15221530
vt 0.33126697 0.14059162
vt 0.34584376 0.12148809
vt 0.38000423 0.15891129
vt 0.31823426 0.11426270
vt 0.30122757 0.12890625
vt 0.29198888 0.09995246
vt 0.27230036 0.11288846
vt 0.26383087 0.08712536
vt 0.23232818 0.07040983
vt 0.56950045 0.33545947
vt 0.55090755 0.33944547
vt 0.57968706 0.33045876
vt 0.44800961 0.26208037
vt 0.64564651 0.22456539
vt 0.63074678 0.31008375
vt 0.45284617 0.25372779
vt 0.40326422 0.16196793
vt 0.00044053 0.29092580
vt 0.25281450 0.10370243
vt 0.23089465 0.09270418
vt 0.18155505 0.05484051
vt 0.66105187 0.22407150
vt 0.61870044 0.05904579
vt 0.63829988 0.06523919
vt 0.61141872 0.05317986
vt 0.61609143 0.07153690
vt 0.46466732 0.13085544
vt 0.65605026 0.07171685
vt 0.64398175 0.07665968
vt 0.03225181 0.25561512
vt 0.03459698 0.23758560
vt 0.06811821 0.23849928
vt 0.04803481 0.25696301
vt 0.06271416 0.25715566
vt 0.01343683 0.24744010
vt 0.01777143 0.22702152
vt 0.04737624 0.21117890
vt 0.06587433 0.21694446
vt 0.02593017 0.21056116
vt 0.03522443 0.20885509
vt 0.07776565 0.21953166
vt 0.08074288 0.25570118
vt 0.09296039 0.22924924
vt 0.10264317 0.23772675
vt 0.00526797 0.25715566
vt 0.00132159 0.23991442
vt 0.00857685 0.22540945
vt 0.52317852 0.86779654
vt 0.49832824 0.86831665
vt 0.51020122 0.88036519
vt 0.46948227 0.86937594
vt 0.49016270 0.89565104
vt 0.52015775 0.89822000
vt 0.45888731 0.87252259
vt 0.46411988 0.88895887
vt 0.53228676 0.87353176
vt 0.53162754 0.88003671
vt 0.52337575 0.89104158
vt 0.49198201 0.92004699
vt 0.51713014 0.90987068
vt 0.46677607 0.90576708
vt 0.46861190 0.92622006
vt 0.54261494 0.87895358
vt 0.46765164 0.86651361
vt 0.45784864 0.86653191
vt 0.44537446 0.87324005
vt 0.44780701 0.86505330
vt 0.44882870 0.87725532
vt 0.44759044 0.88339394
vt 0.45902902 0.86147845
vt 0.54221910 0.86003816
vt 0.55101782 0.86641920
vt 0.55110133 0.88055623
vt 0.48589963 0.85177147
vt 0.46831560 0.85329604
vt 0.46431744 0.85519338
vt 0.53344047 0.84801573
vt 0.50910252 0.84502006
vt 0.52545011 0.84237504
vt 0.53967977 0.83765656
vt 0.45967549 0.85181844
vt 0.44785148 0.85557383
vt 0.49843320 0.93358523
vt 0.48854610 0.94673979
vt 0.51403964 0.94628590
vt 0.51545346 0.92743379
vt 0.49544096 0.95497310
vt 0.48406261 0.97321504
vt 0.46804193 0.93991816
vt 0.47100776 0.95955509
vt 0.50763631 0.96118480
vt 0.50431842 0.96898299
vt 0.52065957 0.96936786
vt 0.52457547 0.95796579
vt 0.53419119 0.96852595
vt 0.54290980 0.95179367
vt 0.53486979 0.94634378
vt 0.52532065 0.93897837
vt 0.51673263 0.93214333
vt 0.54310215 0.96426558
vt 0.54022270 0.97898030
vt 0.49632633 0.97607839
vt 0.53000128 0.97875035
vt 0.51670647 0.97882503
vt 0.46676940 0.96650547
vt 0.55101782 0.94674337
vt 0.45008367 0.94462353
vt 0.45672205 0.95866525
vt 0.44757947 0.92247474
vt 0.92958617 0.62322736
vt 0.94200444 0.62789422
vt 0.92948264 0.60999125
vt 0.93015909 0.59380245
vt 0.92722833 0.60068023
vt 0.95767140 0.62602568
vt 0.95908087 0.64347738
vt 0.94243604 0.64195627
vt 0.96053320 0.58795530
vt 0.93474388 0.57600081
vt 0.95043474 0.56077737
vt 0.92955303 0.58253491
vt 0.97069281 0.61544716
vt 0.95847511 0.65547121
vt 0.94423616 0.56306446
vt 0.96307731 0.55345285
vt 0.97236294 0.63143414
vt 0.96847165 0.58498466
vt 0.96939003 0.56751502
vt 0.95039332 0.55128175
vt 0.96422470 0.65821981
vt 0.95766407 0.54497439
vt 0.97312778 0.64272106
vt 0.92495430 0.59824818
vt 0.92063582 0.59455872
vt 0.93719661 0.63376999
vt 0.92699325 0.63794822
vt 0.93568689 0.62670875
vt 0.93394685 0.64790171
vt 0.92338181 0.64186686
vt 0.93844730 0.56257987
vt 0.94685745 0.55370545
vt 0.95038933 0.66055459
vt 0.91938329 0.59968942
vt 0.92672908 0.60628927
vt 0.97098362 0.53243554
vt 0.96051872 0.53736007
vt 0.97312778 0.52638638
vt 0.93580693 0.66001594
vt 0.93251568 0.57292110
vt 0.92541796 0.65087801
vt 0.43141374 0.03978968
vt 0.44416335 0.03157157
vt 0.45179901 0.04298526
vt 0.46798638 0.03845060
vt 0.41162345 0.02703756
vt 0.38652900 0.03676498
vt 0.37010917 0.02644736
vt 0.35035500 0.03402734
vt 0.34735832 0.02363312
vt 0.37060267 0.02191412
vt 0.32046542 0.03232574
vt 0.32210937 0.04010665
vt 0.46257403 0.04789549
vt 0.47860527 0.05227715
vt 0.49163598 0.04995656
vt 0.49153548 0.05756247
vt 0.49701267 0.04303318
vt 0.51396787 0.03766060
vt 0.50133425 0.05790210
vt 0.30861557 0.03091222
vt 0.51805627 0.04502404
vt 0.52918994 0.03666574
vt 0.53872252 0.04163897
vt 0.50096905 0.06526572
vt 0.51525438 0.06441623
vt 0.47227025 0.03181565
vt 0.29295155 0.03301257
vt 0.29442438 0.04111516
vt 0.32073900 0.04970759
vt 0.33385453 0.04781187
vt 0.36486220 0.04816669
vt 0.29849300 0.05524379
vt 0.48736584 0.06487745
vt 0.47889280 0.06326324
vt 0.39151043 0.04739720
vt 0.42426077 0.04854214
vt 0.50077373 0.04957926
vt 0.50028569 0.05358231
vt 0.51696950 0.07110912
vt 0.54545772 0.03887498
vt 0.55174106 0.04685819
vt 0.53568763 0.04816985
vt 0.52154386 0.06089866
vt 0.52408314 0.06629473
vt 0.30117288 0.06095028
vt 0.32539341 0.06627464
vt 0.34261575 0.06257480
vt 0.45951599 0.05644590
vt 0.35055813 0.05859089
vt 0.37270647 0.06246144
vt 0.29493329 0.04827148
vt 0.31586716 0.06915772
vt 0.30209014 0.07110912
vt 0.55668825 0.04182452
vt 0.50753003 0.03197891
vt 0.56343615 0.05091238
vt 0.55686808 0.05506110
vt 0.54521161 0.05459791
vt 0.77990788 0.98139256
vt 0.78861344 0.99565130
vt 0.76122117 0.98201627
vt 0.80332685 0.97920221
vt 0.81928718 0.99382979
vt 0.75863636 0.99555254
vt 0.84344536 0.97444385
vt 0.84440953 0.98878175
vt 0.86243969 0.97330427
vt 0.87365681 0.98804498
vt 0.85050786 0.99334794
vt 0.88082302 0.97261947
vt 0.88315839 0.98910701
vt 0.89961141 0.97561389
vt 0.89671576 0.99413276
vt 0.91015810 0.97752202
vt 0.90800428 0.99004471
vt 0.90421146 0.99776387
vt 0.89530385 0.95999151
vt 0.87433159 0.95666122
vt 0.91233480 0.96739578
vt 0.83119750 0.96369797
vt 0.78511196 0.96717292
vt 0.85864979 0.95701730
vt 0.91198009 0.95998770
vt 0.83649909 0.95499361
vt 0.76348573 0.96715206
vt 0.79749483 0.96382767
vt 0.91166508 0.95301557
vt 0.89632028 0.94767439
vt 0.75553566 0.98802018
vt 0.75374448 0.99776387
vt 0.80862761 0.88891554
vt 0.80610514 0.90610313
vt 0.77527392 0.88877517
vt 0.78765070 0.90933418
vt 0.84984368 0.90890932
vt 0.84655535 0.89013809
vt 0.87817079 0.89636272
vt 0.87622845 0.91061336
vt 0.77412605 0.91123384
vt 0.84767443 0.92536700
vt 0.86660361 0.92507809
vt 0.80707407 0.92008400
vt 0.89241874 0.91383684
vt 0.89986253 0.89865780
vt 0.86419892 0.87452966
vt 0.88107783 0.88534862
vt 0.77533114 0.87209469
vt 0.84794521 0.87335837
vt 0.80624390 0.87093669
vt 0.88331479 0.87208426
vt 0.77478039 0.85912341
vt 0.80672258 0.86047071
vt 0.83878279 0.85962695
vt 0.91585904 0.90230006
vt 0.91026443 0.91693956
vt 0.59470475 0.89397609
vt 0.56151497 0.89886057
vt 0.59429967 0.88564074
vt 0.55740112 0.88769937
vt 0.62097621 0.88873845
vt 0.55027771 0.90136105
vt 0.54346955 0.89225519
vt 0.62677056 0.89840800
vt 0.64955896 0.89982599
vt 0.64269167 0.88691753
vt 0.67807484 0.88923591
vt 0.69425082 0.89693284
vt 0.55808783 0.90477711
vt 0.54308635 0.90984488
vt 0.66760916 0.90869427
vt 0.69688004 0.91358894
vt 0.71571660 0.90844810
vt 0.58975303 0.89994204
vt 0.71638626 0.89822549
vt 0.74632609 0.90853512
vt 0.72074294 0.91964364
vt 0.60677236 0.90087247
vt 0.75291365 0.92130113
vt 0.76782095 0.92671019
vt 0.76872581 0.91393816
vt 0.77097547 0.90634131
vt 0.74438310 0.89820856
vt 0.77033365 0.89413273
vt 0.70907944 0.88376439
vt 0.77213871 0.92751122
vt 0.53591388 0.90596211
vt 0.53171062 0.91362900
vt 0.53940767 0.91426021
vt 0.52114540 0.92323107
vt 0.69910496 0.92978531
vt 0.67645222 0.92543811
vt 0.80906761 0.92978531
vt 0.64189070 0.91259265
vt 0.61428386 0.90693253
vt 0.56911480 0.90910566
vt 0.59248555 0.90568250
vt 0.52581799 0.91283017
vt 0.88828480 0.05484170
vt 0.90037227 0.05830312
vt 0.89316845 0.05027264
vt 0.91305667 0.03240907
vt 0.91833025 0.04326153
vt 0.92481095 0.06902331
vt 0.92442602 0.07943583
vt 0.92845559 0.05581850
vt 0.94017178 0.06542128
vt 0.94010627 0.07063401
vt 0.93104148 0.07669330
vt 0.89969712 0.07861936
vt 0.91990489 0.08848381
vt 0.93760854 0.07875192
vt 0.89732426 0.07117033
vt 0.90586001 0.09397441
vt 0.88436157 0.06348205
vt 0.88731152 0.02614111
vt 0.88121665 0.03252596
vt 0.87169498 0.01566780
vt 0.86127770 0.01423311
vt 0.93574834 0.08479363
vt 0.90617824 0.02464294
vt 0.93102801 0.04388279
vt 0.94415569 0.05005103
vt 0.94122964 0.04334891
vt 0.88952875 0.01555479
vt 0.86094356 0.02265704
vt 0.87500268 0.03812510
vt 0.87899864 0.05547714
vt 0.92346996 0.03542703
vt 0.93595958 0.04256958
vt 0.95286345 0.05500090
vt 0.94832522 0.06270772
vt 0.86629832 0.00670838
vt 0.86251915 0.04071414
vt 0.93107748 0.08250201
vt 0.93784231 0.09274638
vt 0.86394864 0.04644746
vt 0.87441927 0.04582697
vt 0.91365618 0.10056126
vt 0.89253008 0.09170049
vt 0.89068407 0.08440793
vt 0.88624990 0.07073778
vt 0.89034337 0.08093333
vt 0.88123471 0.07830262
vt 0.94614214 0.03989077
vt 0.95280892 0.04580361
vt 0.94326514 0.03352284
vt 0.93487084 0.03102601
vt 0.87770051 0.07152718
vt 0.94131893 0.09087270
vt 0.93951035 0.08648944
vt 0.86605340 0.05560505
vt 0.88327456 0.08623087
vt 0.85066080 0.01792014
vt 0.94232357 0.07697731
vt 0.95214337 0.03956717
vt 0.86946893 0.06116319
vt 0.86031991 0.06369990
vt 0.85836786 0.05420816
vt 0.85527653 0.06130964
vt 0.85776234 0.06873870
vt 0.86536330 0.07985091
vt 0.85242182 0.03012484
vt 0.85123688 0.00865102
vt 0.90796232 0.10956466
vt 0.91576463 0.10653555
vt 0.91151589 0.11137974
vt 0.91196656 0.13090754
vt 0.92749798 0.12189835
vt 0.93153298 0.14967817
vt 0.93244553 0.16157079
vt 0.95196700 0.17105585
vt 0.94673258 0.14881086
vt 0.91028136 0.14554960
vt 0.92075068 0.09812522
vt 0.94332820 0.09579444
vt 0.93943346 0.08215773
vt 0.94281536 0.08360010
vt 0.94173008 0.08121574
vt 0.94564849 0.08085120
vt 0.94710809 0.08615762
vt 0.94964671 0.06829369
vt 0.94386262 0.19231898
vt 0.95286345 0.21332735
vt 0.94544142 0.09011984
vt 0.42241010 0.85600483
vt 0.43579489 0.87556183
vt 0.42626083 0.87867963
vt 0.40366015 0.86761761
vt 0.39959374 0.84613442
vt 0.38195556 0.84939605
vt 0.39138836 0.87775016
vt 0.36347914 0.85148764
vt 0.40277663 0.88760787
vt 0.36789623 0.88092786
vt 0.33904570 0.88263714
vt 0.43578538 0.86915809
vt 0.42560983 0.89216769
vt 0.43063501 0.89038920
vt 0.42436099 0.92063594
vt 0.32217106 0.87218881
vt 0.42764518 0.83992523
vt 0.31440488 0.88738203
vt 0.30461273 0.85994148
vt 0.27715310 0.86945391
vt 0.28847778 0.89192867
vt 0.27417895 0.84338677
vt 0.42989087 0.84765458
vt 0.38118991 0.88288206
vt 0.26111507 0.89285725
vt 0.26162702 0.86993480
vt 0.23307925 0.87557912
vt 0.20094660 0.89944565
vt 0.23326777 0.89698672
vt 0.19638906 0.88308161
vt 0.16831473 0.88697296
vt 0.19318365 0.85975778
vt 0.21785954 0.85540509
vt 0.15985072 0.86752701
vt 0.13251531 0.89259732
vt 0.15334597 0.90774006
vt 0.25780720 0.84655660
vt 0.11390007 0.87730730
vt 0.09473033 0.88075322
vt 0.10571087 0.89752460
vt 0.30284822 0.85079640
vt 0.33621982 0.84610468
vt 0.09399325 0.89959395
vt 0.30089936 0.84029907
vt 0.33135614 0.83121169
vt 0.36621639 0.82781756
vt 0.08766878 0.88102376
vt 0.08302957 0.90168107
vt 0.07456288 0.88447970
vt 0.07686192 0.90194190
vt 0.05599859 0.90601540
vt 0.05304743 0.89481932
vt 0.04280464 0.90922934
vt 0.02940581 0.90027970
vt 0.02486438 0.91231525
vt 0.01365639 0.90440857
vt 0.01566103 0.91401458
vt 0.43306118 0.91024673
vt 0.43354774 0.92710197
vt 0.06981973 0.91656113
vt 0.11255477 0.91554356
vt 0.09423653 0.91900212
vt 0.43144453 0.85645342
vt 0.42817035 0.85286635
vt 0.01850321 0.92710197
vt 0.05823055 0.91825080
vt 0.08162845 0.92308205
vt 0.02660586 0.92521143
vt 0.42981145 0.88212657
vt 0.43744493 0.88052124
vt 0.43415797 0.89005548
vt 0.43577385 0.91262764
vt 0.43014839 0.83563167
vt 0.65116149 0.86867625
vt 0.62171370 0.86961699
vt 0.61263144 0.85009247
vt 0.65094370 0.85556358
vt 0.59172350 0.86919749
vt 0.59127861 0.84844375
vt 0.65666389 0.85610056
vt 0.57629454 0.84749556
vt 0.57447690 0.86984974
vt 0.56255507 0.87164581
vt 0.66098499 0.85906434
vt 0.65633446 0.86955023
vt 0.66916299 0.86156422
vt 0.66848564 0.87164581
vt 0.71081251 0.73995095
vt 0.70708150 0.75403786
vt 0.68178290 0.74534154
vt 0.71325439 0.75880623
vt 0.72707164 0.75181645
vt 0.72880828 0.75655740
vt 0.67610544 0.76411819
vt 0.66844368 0.73434472
vt 0.65685511 0.75827581
vt 0.72736317 0.74197996
vt 0.65542418 0.72850430
vt 0.64663762 0.73592949
vt 0.66039020 0.72417438
vt 0.64555711 0.72173303
vt 0.66597724 0.72048301
vt 0.65886736 0.76684731
vt 0.64117825 0.72717911
vt 0.72995597 0.75405365
vt 0.68195689 0.73288465
vt 0.70267630 0.76146227
vt 0.70608598 0.76467216
vt 0.67115551 0.72453356
vt 0.64777696 0.74445236
vt 0.64665306 0.76336563
vt 0.64722371 0.76967800
vt 0.63982952 0.73970461
vt 0.63454270 0.72518796
vt 0.64648962 0.73115402
vt 0.63942206 0.72985893
vt 0.71870375 0.76290721
vt 0.62895972 0.74127334
vt 0.62726194 0.73471683
vt 0.69309181 0.72881794
vt 0.67716724 0.72695518
vt 0.71039385 0.76331311
vt 0.71598119 0.76785284
vt 0.71045351 0.76967800
vt 0.62245220 0.73242235
vt 0.64116043 0.76624018
vt 0.63330907 0.76216972
vt 0.63373131 0.76865953
vt 0.60944444 0.74259520
vt 0.60967422 0.73638827
vt 0.60220265 0.73771971
vt 0.60686696 0.74614543
vt 0.61252463 0.74597019
vt 0.61950713 0.76545316
vt 0.80975717 0.06286776
vt 0.80592036 0.04643118
vt 0.78790110 0.05384445
vt 0.79121971 0.04404563
vt 0.80696684 0.07281166
vt 0.81982380 0.07247835
vt 0.81879687 0.09078711
vt 0.81312132 0.05987233
vt 0.77901018 0.04351372
vt 0.78899789 0.06501353
vt 0.77841407 0.05548644
vt 0.80877841 0.04340029
vt 0.78518385 0.03440899
vt 0.80805820 0.03610718
vt 0.79610324 0.03057897
vt 0.81982380 0.01923078
vt 0.51967621 0.29897892
vt 0.52300090 0.31181204
vt 0.53533810 0.30093402
vt 0.54140967 0.31573617
vt 0.54140967 0.30408227
vt 0.53142303 0.29608625
vt 0.52124733 0.31618965
vt 0.51766419 0.30565596
vt 0.50930732 0.31041598
vt 0.51545864 0.29164100
vt 0.50792950 0.29114491
vt 0.22838974 0.57254708
vt 0.24100780 0.58681548
vt 0.20722008 0.58065659
vt 0.21295916 0.56675440
vt 0.24163119 0.57732588
vt 0.25713164 0.58230394
vt 0.21685618 0.59679127
vt 0.24569885 0.59866679
vt 0.19384539 0.59458846
vt 0.27275202 0.59708017
vt 0.16108184 0.58704740
vt 0.27721712 0.58828759
vt 0.29559472 0.58475608
vt 0.06649985 0.60781866
vt 0.04443333 0.60889387
vt 0.06238304 0.59414333
vt 0.04213987 0.59205610
vt 0.04142809 0.62209302
vt 0.09297267 0.62155640
vt 0.08930440 0.60786587
vt 0.09262100 0.59298414
vt 0.10015637 0.57963842
vt 0.11892468 0.60124457
vt 0.13481036 0.61821264
vt 0.06258862 0.57817733
vt 0.14170150 0.58537155
vt 0.14433528 0.60496128
vt 0.16468808 0.60468012
vt 0.17082240 0.57695264
vt 0.18553133 0.60194105
vt 0.17304242 0.62209302
vt 0.20538780 0.62165159
vt 0.21698500 0.61085063
vt 0.06785236 0.55391812
vt 0.04046800 0.57632059
vt 0.04129377 0.55322003
vt 0.09612872 0.55588186
vt 0.12042970 0.55534166
vt 0.13023014 0.57309622
vt 0.14692762 0.56093395
vt 0.17725223 0.56181240
vt 0.19881190 0.56342208
vt 0.03656388 0.55837590
vt 0.31492060 0.45094502
vt 0.31145626 0.46335220
vt 0.32245207 0.45884323
vt 0.31993559 0.46898502
vt 0.33069462 0.46499205
vt 0.31714407 0.47832096
vt 0.32902986 0.48231304
vt 0.32516709 0.49008667
vt 0.31747234 0.49316800
vt 0.32513478 0.44808161
vt 0.30833489 0.44151664
vt 0.30013588 0.44818771
vt 0.30128461 0.43963200
vt 0.29195273 0.45647824
vt 0.29919744 0.47458816
vt 0.30568376 0.49328518
vt 0.29298490 0.46963185
vt 0.28453696 0.47579980
vt 0.28529412 0.48655522
vt 0.28900486 0.49138367
vt 0.27916244 0.48194999
vt 0.27875695 0.49329162
vt 0.27971420 0.47226894
vt 0.27728266 0.47710097
vt 0.27872330 0.44893551
vt 0.28351879 0.42957395
vt 0.30408952 0.42103636
vt 0.31901285 0.41747928
vt 0.31823382 0.43265080
vt 0.33913648 0.40831840
vt 0.33964759 0.42200565
vt 0.33913648 0.43976796
vt 0.28790623 0.41725171
vt 0.27621144 0.46481216
vt 0.96646357 0.98145163
vt 0.94411868 0.98626089
vt 0.94237530 0.97657275
vt 0.92891949 0.98723263
vt 0.92464077 0.97600687
vt 0.96253175 0.96504927
vt 0.94233376 0.96158516
vt 0.97006994 0.95961523
vt 0.92476887 0.96800315
vt 0.94989365 0.99263638
vt 0.97181261 0.98800427
vt 0.91733128 0.96704453
vt 0.91585904 0.97881776
vt 0.97900325 0.99532670
vt 0.92394286 0.95667249
vt 0.93838352 0.95061576
vt 0.96931875 0.94856888
vt 0.98986787 0.96117902
vt 0.94631195 0.99955279
vt 0.92476100 0.99300981
vt 0.96118248 0.99955279
vt 0.84302104 0.58664340
vt 0.83677328 0.59153318
vt 0.84417772 0.58989590
vt 0.82887578 0.58737403
vt 0.84747440 0.58427459
vt 0.85223591 0.59596705
vt 0.85420817 0.58138680
vt 0.84442145 0.59924340
vt 0.84797454 0.60741234
vt 0.83731967 0.60139018
vt 0.84379560 0.61341524
vt 0.85576451 0.60901070
vt 0.85947138 0.61583185
vt 0.83684051 0.59402549
vt 0.83441615 0.61089408
vt 0.82399470 0.61155885
vt 0.82486236 0.60383981
vt 0.82453465 0.59894800
vt 0.84403253 0.57755738
vt 0.85073519 0.57494611
vt 0.85947138 0.57394338
vt 0.83982480 0.57324833
vt 0.83782375 0.57578850
vt 0.83482879 0.58242691
vt 0.82508630 0.57299626
vt 0.82368630 0.57983130
vt 0.82158589 0.57509661
vt 0.83478421 0.57110912
vt 0.96552747 0.03420877
vt 0.97971737 0.03534579
vt 0.97818393 0.01935530
vt 0.96661466 0.02059305
vt 0.98142004 0.04594696
vt 0.96871817 0.04924589
vt 0.98064536 0.06186992
vt 0.96997339 0.06222010
vt 0.98906273 0.03047508
vt 0.95876217 0.04746336
vt 0.95723277 0.06330502
vt 0.98939914 0.01834577
vt 0.99214554 0.05831200
vt 0.99291736 0.07949954
vt 0.99525785 0.04421628
vt 0.99955946 0.07815099
vt 0.99676830 0.03056103
vt 0.96933615 0.07203811
vt 0.98022062 0.06791717
vt 0.97093254 0.08442253
vt 0.98378086 0.09523809
vt 0.95725387 0.08457553
vt 0.95887595 0.07119077
vt 0.97378534 0.09110790
vt 0.98430496 0.10247564
vt 0.96756965 0.10540754
vt 0.95764482 0.10440171
vt 0.95684034 0.09352100
vt 0.97762126 0.01254314
vt 0.97837454 0.10967863
vt 0.98891634 0.00996190
vt 0.98763269 0.11404294
vt 0.95482343 0.03861940
vt 0.95864904 0.02671498
vt 0.97488707 0.00787592
vt 0.97576320 0.00554907
vt 0.98538202 0.00620162
vt 0.96472418 0.00491953
vt 0.95576131 0.01179516
vt 0.94991416 0.01435804
vt 0.94229072 0.02490723
vt 0.94684511 0.10165870
vt 0.99955946 0.01316422
vt 0.89958727 0.31261182
vt 0.90206850 0.31864679
vt 0.90881056 0.32155633
vt 0.89207047 0.31655127
vt 0.89511579 0.32155633
vt 0.26597106 0.16775000
vt 0.29148611 0.15852439
vt 0.29425555 0.16916251
vt 0.25739607 0.13351262
vt 0.28349796 0.12694454
vt 0.23310108 0.17037165
vt 0.23073338 0.15040320
vt 0.22917287 0.13818192
vt 0.19035904 0.16943955
vt 0.19558340 0.17656672
vt 0.16693158 0.18229997
vt 0.20513190 0.14315319
vt 0.17783669 0.14139640
vt 0.17122802 0.15500528
vt 0.15313078 0.15367448
vt 0.14036217 0.18019617
vt 0.14759935 0.14395559
vt 0.11850639 0.15528262
vt 0.10605998 0.17192709
vt 0.10009499 0.16330767
vt 0.09356342 0.18782729
vt 0.07801787 0.17190021
vt 0.12454194 0.18274319
vt 0.06919266 0.18502998
vt 0.06369063 0.17689991
vt 0.12585266 0.14330846
vt 0.04519590 0.18108964
vt 0.05155962 0.19506693
vt 0.16554590 0.19561464
vt 0.13372359 0.21738654
vt 0.10888087 0.21847403
vt 0.08528087 0.20208704
vt 0.09308482 0.21958852
vt 0.05984430 0.20978504
vt 0.22062460 0.19132793
vt 0.18173304 0.20513070
vt 0.20475398 0.21921903
vt 0.17401770 0.21958852
vt 0.16084892 0.20707327
vt 0.23167314 0.21717316
vt 0.24616076 0.20646352
vt 0.27887765 0.21125591
vt 0.26476267 0.19097179
vt 0.24559467 0.17853189
vt 0.29841989 0.19533139
vt 0.03162079 0.18303776
vt 0.28101754 0.21326935
vt 0.30176210 0.21032476
vt 0.03227735 0.20227289
vt 0.02381112 0.18594795
vt 0.02246696 0.16999048
vt 0.04109787 0.16493386
vt 0.04298753 0.15091300
vt 0.06640030 0.15364528
vt 0.05651776 0.15176022
vt 0.08282251 0.16189599
vt 0.06806190 0.14181483
vt 0.06581792 0.12956959
vt 0.08547152 0.13260573
vt 0.09871408 0.11669874
vt 0.08892133 0.10867620
vt 0.10239137 0.12746066
vt 0.10757403 0.12504375
vt 0.08184947 0.14412737
vt 0.09715004 0.14848828
vt 0.88852841 0.40679753
vt 0.89058411 0.38809001
vt 0.88706493 0.38913751
vt 0.89800411 0.36541438
vt 0.88496035 0.41378868
vt 0.88857335 0.42611945
vt 0.88544220 0.42872429
vt 0.88856220 0.43946648
vt 0.88123822 0.37493318
vt 0.88918155 0.35817802
vt 0.90069443 0.35525018
vt 0.87803280 0.40388942
vt 0.87498474 0.38873208
vt 0.87356830 0.41439426
vt 0.90267557 0.35033870
vt 0.90086001 0.33260667
vt 0.90584916 0.33750832
vt 0.90633714 0.34432852
vt 0.91586691 0.33759677
vt 0.91817641 0.33102763
vt 0.91304487 0.32218492
vt 0.87818432 0.43271363
vt 0.87765580 0.45189369
vt 0.88933802 0.44684815
vt 0.89207035 0.45389843
vt 0.87405515 0.42806113
vt 0.89490682 0.45925176
vt 0.88565326 0.46503639
vt 0.90080070 0.48685789
vt 0.90592200 0.48012477
vt 0.92618757 0.32367676
vt 0.92265648 0.31530368
vt 0.93557173 0.31771713
vt 0.93683255 0.30903399
vt 0.92820919 0.32717401
vt 0.90889728 0.48377502
vt 0.91114688 0.48759806
vt 0.90907729 0.49419564
vt 0.92752701 0.49777400
vt 0.94405288 0.31519639
vt 0.88130188 0.36870420
vt 0.88629872 0.35599935
vt 0.89776617 0.33507967
vt 0.90228236 0.47229505
vt 0.93130451 0.31021839
vt 0.93785441 0.50939178
vt 0.94405288 0.50588393
vt 0.27520400 0.05732095
vt 0.28884789 0.05978900
vt 0.27404797 0.06409222
vt 0.26608348 0.06424403
vt 0.26614752 0.05570990
vt 0.28467691 0.06557846
vt 0.29216993 0.06615096
vt 0.27455246 0.06932020
vt 0.29647577 0.05909371
vt 0.25929549 0.06029159
vt 0.25249097 0.05560279
vt 0.25242421 0.06152260
vt 0.25677511 0.06382406
vt 0.25897950 0.04862630
vt 0.25525203 0.06932020
vt 0.24889868 0.06818098
vt 0.25154388 0.05037844
vt 0.26505750 0.04695886
vt 0.58914065 0.09246671
vt 0.60020393 0.08613610
vt 0.60288775 0.09626257
vt 0.58909494 0.08491480
vt 0.58020270 0.08744305
vt 0.58030808 0.09527254
vt 0.57224667 0.08287990
vt 0.58014435 0.09794277
vt 0.59501499 0.09772217
vt 0.61260951 0.08766353
vt 0.62080634 0.09280252
vt 0.62135500 0.08370697
vt 0.61264002 0.08273703
vt 0.62484574 0.09158552
vt 0.62511015 0.09740013
vt 0.61923486 0.09794277
vt 0.61638331 0.09639275
vt 0.98007423 0.29270625
vt 0.98380077 0.27476388
vt 0.97529203 0.27216911
vt 0.97315204 0.28777623
vt 0.97982645 0.26672757
vt 0.97788507 0.30474448
vt 0.98349661 0.30715764
vt 0.98013407 0.31674886
vt 0.98634362 0.31797850
vt 0.97136563 0.29698110
vt 0.98634362 0.26610017
vt 0.63731152 0.98928565
vt 0.64689070 0.98661745
vt 0.65159696 0.99564815
vt 0.63718587 0.99729741
vt 0.66310751 0.98434705
vt 0.62623942 0.99259377
vt 0.62648553 0.99865830
vt 0.61718065 0.99547631
vt 0.66428715 0.99551898
vt 0.67521048 0.99378675
vt 0.67496371 0.99689651
vt 0.69118941 0.99865830
vt 0.96520090 0.73299235
vt 0.96053356 0.72555280
vt 0.96847254 0.75894457
vt 0.96873385 0.72169560
vt 0.97312778 0.75629985
vt 0.97228682 0.71682060
vt 0.96755338 0.70974958
vt 0.95726871 0.74126637
vt 0.97063577 0.73764062
vt 0.97312778 0.72625923
vt 0.81885010 0.23580116
vt 0.81115806 0.22690350
vt 0.81591111 0.24563587
vt 0.80660617 0.23019087
vt 0.80185276 0.24548054
vt 0.80605513 0.22039723
vt 0.81829935 0.25382441
vt 0.82150191 0.24123764
vt 0.81648684 0.21969503
vt 0.80989647 0.21578431
vt 0.82791394 0.22475630
vt 0.82843262 0.23905253
vt 0.83303964 0.21153843
vt 0.83303964 0.24684846
vt 0.79867840 0.24889535
vt 0.82958513 0.25175387
vt 0.81769925 0.28597164
vt 0.81972718 0.27021742
vt 0.81380206 0.28051227
vt 0.81784987 0.26404089
vt 0.80292881 0.26976931
vt 0.80060619 0.25950420
vt 0.80414903 0.27981710
vt 0.80545282 0.28756708
vt 0.82389814 0.25666982
vt 0.64343995 0.50724858
vt 0.64643294 0.50038689
vt 0.64421809 0.50082088
vt 0.65242290 0.49844545
vt 0.65205503 0.50645119
vt 0.65124947 0.51648319
vt 0.64732146 0.49787569
vt 0.65009207 0.49409747
vt 0.64591324 0.51914859
vt 0.64023787 0.51665884
vt 0.63504761 0.50882864
vt 0.64228070 0.49239713
vt 0.65089679 0.52584058
vt 0.62353873 0.50989759
vt 0.63390535 0.51455271
vt 0.62242693 0.51747304
vt 0.63949054 0.53046936
vt 0.61990404 0.52326500
vt 0.63231021 0.50616872
vt 0.65065968 0.52970469
vt 0.64785749 0.54069769
vt 0.61567909 0.51408863
vt 0.62795192 0.50319958
vt 0.62284708 0.50257337
vt 0.62744004 0.49482596
vt 0.62757224 0.53011906
vt 0.60337526 0.51875108
vt 0.60218561 0.50381374
vt 0.61076164 0.50457472
vt 0.60093564 0.51269108
vt 0.65242290 0.53847837
vt 0.61773950 0.50442946
vt 0.59603524 0.50737911
vt 0.59671175 0.49991584
vt 0.63387334 0.53658724
vt 0.03858727 0.93412584
vt 0.03579428 0.94549900
vt 0.04975508 0.93886602
vt 0.05154185 0.93164682
vt 0.05154185 0.94865185
vt 0.04115550 0.95904702
vt 0.04256594 0.92864358
vt 0.03601045 0.93219924
vt 0.05003543 0.92352414
vt 0.03568282 0.93940550
vt 0.04941048 0.96019679
vt 0.76292211 0.37223089
vt 0.77399862 0.37164581
vt 0.76632762 0.38685155
vt 0.75991189 0.38268399
vt 0.77841407 0.38685155
vt 0.29742384 0.31791055
vt 0.31343463 0.30724508
vt 0.32152748 0.31246483
vt 0.28665024 0.31459689
vt 0.28052178 0.32429397
vt 0.26299560 0.32183552
vt 0.26792273 0.32883918
vt 0.32871279 0.30893981
vt 0.34133515 0.31865340
vt 0.32437137 0.31795293
vt 0.33623070 0.32414263
vt 0.31267917 0.31942296
vt 0.34683728 0.33407867
vt 0.35110131 0.33097661
vt 0.29646060 0.32495248
vt 0.27161202 0.33360368
vt 0.26706517 0.33407867
vt 0.43937576 0.12686348
vt 0.43644109 0.11604774
vt 0.45506608 0.12246811
vt 0.45063755 0.13008952
vt 0.44946817 0.13640428
vt 0.43971643 0.13174200
vt 0.42761877 0.12349737
vt 0.42511013 0.12955379
vt 0.42592165 0.13640428
vt 0.42544413 0.11314845
vt 0.60584730 0.58005822
vt 0.59616572 0.57215798
vt 0.61310500 0.56753129
vt 0.60105449 0.58273703
vt 0.61637193 0.57489896
vt 0.62051088 0.57007325
vt 0.58986783 0.57182080
vt 0.62167305 0.57645869
vt 0.62599117 0.57466906
vt 0.61988443 0.58273703
vt 0.59074640 0.58015257
vt 0.85739595 0.83472466
vt 0.85872006 0.84316272
vt 0.86978477 0.83916128
vt 0.87013501 0.83400899
vt 0.86583012 0.82844371
vt 0.86191845 0.82755345
vt 0.87224853 0.82895601
vt 0.86755556 0.84636539
vt 0.86920005 0.85106903
vt 0.85506606 0.84891135
vt 0.85943627 0.85647088
vt 0.86490196 0.85861886
vt 0.85715085 0.86345744
vt 0.86234474 0.86341023
vt 0.86937153 0.86355084
vt 0.87268722 0.86042392
vt 0.87224859 0.86627907
vt 0.86285233 0.82245082
vt 0.74717665 0.02662420
vt 0.74803692 0.02008796
vt 0.77234149 0.02505672
vt 0.73792869 0.02660745
vt 0.73208892 0.02428365
vt 0.75761437 0.01565295
vt 0.77741027 0.02107346
vt 0.74615312 0.01584262
vt 0.77931237 0.03044987
vt 0.77067709 0.03175312
vt 0.75813335 0.02871996
vt 0.73903102 0.03119010
vt 0.72995597 0.03175312
vt 0.78634363 0.02567869
vt 0.20120645 0.64120501
vt 0.19547831 0.64460307
vt 0.19693364 0.63181537
vt 0.20332885 0.64600277
vt 0.20690235 0.63570756
vt 0.21059239 0.64383489
vt 0.21453744 0.63315356
vt 0.18723023 0.64172852
vt 0.18412651 0.63990229
vt 0.18627152 0.62646973
vt 0.17784284 0.63434488
vt 0.19465017 0.62567085
vt 0.17577092 0.64139998
vt 0.19610278 0.64892668
vt 0.19081336 0.64556181
vt 0.20653071 0.62684375
vt 0.20069918 0.62912947
vt 0.18195935 0.64892668
vt 0.69893509 0.32170451
vt 0.70097178 0.31628788
vt 0.71077335 0.32445014
vt 0.68331486 0.32602859
vt 0.68325806 0.31766820
vt 0.71609628 0.32061028
vt 0.72819382 0.32602859
vt 0.72512782 0.32018715
vt 0.69000000 0.31082290
vt 0.67797357 0.31314254
vt 0.70139909 0.31139237
vt 0.71284604 0.31424928
vt 0.48324862 0.08429182
vt 0.49491683 0.08619088
vt 0.49596319 0.09168160
vt 0.47337776 0.09168160
vt 0.47123829 0.08484602
vt 0.47661051 0.07913929
vt 0.46123347 0.08568919
vt 0.47845110 0.07468694
vt 0.50264317 0.08430046
vt 0.50219500 0.09061557
vt 0.49674180 0.07809424
vt 0.24368531 0.03847885
vt 0.23910660 0.03323197
vt 0.24237612 0.02962124
vt 0.26018474 0.03268480
vt 0.26078150 0.02645206
vt 0.27007249 0.02745163
vt 0.22429286 0.02676219
vt 0.22867942 0.03785616
vt 0.19389790 0.03423953
vt 0.18470250 0.02757818
vt 0.16563773 0.03476310
vt 0.13889243 0.02515060
vt 0.13267633 0.03256977
vt 0.09138075 0.02933586
vt 0.10869495 0.02322894
vt 0.16349670 0.02121294
vt 0.06857506 0.01741290
vt 0.18341327 0.01657563
vt 0.13460009 0.01252538
vt 0.09900990 0.00931674
vt 0.22099696 0.01427484
vt 0.26701015 0.03284812
vt 0.15657052 0.01187438
vt 0.24855584 0.02325177
vt 0.23577684 0.02073658
vt 0.06799416 0.02963752
vt 0.05000512 0.02090859
vt 0.05849828 0.00491953
vt 0.03214144 0.01346010
vt 0.23198169 0.01911104
vt 0.24305004 0.01495522
vt 0.23982839 0.03858995
vt 0.24913403 0.04516995
vt 0.25540850 0.04052007
vt 0.26472428 0.04442436
vt 0.03528547 0.02667773
vt 0.00748899 0.02181196
vt 0.00885875 0.03132576
vt 0.02739545 0.03642082
vt 0.00945756 0.03798670
vt 0.01377138 0.04516995
vt 0.03954392 0.03367198
vt 0.27533039 0.04245830
vt 0.43443877 0.06037569
vt 0.44310811 0.06936491
vt 0.42590019 0.07110912
vt 0.42422909 0.06381708
vt 0.44470459 0.06049359
vt 0.45577419 0.07110912
vt 0.45947137 0.06358749
vt 0.97133517 0.31529516
vt 0.97888929 0.31829107
vt 0.97378588 0.32636559
vt 0.98193830 0.32781756
vt 0.95729893 0.31567287
vt 0.96322113 0.32568890
vt 0.95279652 0.32477146
vt 0.94423175 0.31763792
vt 0.94052863 0.32781756
vt 0.90847468 0.29898292
vt 0.90428871 0.28963727
vt 0.90315223 0.29877293
vt 0.90811610 0.29202873
vt 0.89450657 0.29109067
vt 0.89383262 0.29924738
vt 0.91502941 0.29709184
vt 0.90644348 0.30461621
vt 0.91762114 0.31529516
vt 0.89685720 0.31154263
vt 0.91153497 0.28811711
vt 0.90970564 0.28028458
vt 0.91762114 0.28826535
vt 0.90543389 0.27683365
vt 0.91233480 0.83210701
vt 0.92549968 0.83038938
vt 0.91502357 0.83884609
vt 0.92711157 0.84437072
vt 0.91724986 0.84312510
vt 0.93083698 0.83524114
vt 0.91239923 0.82673073
vt 0.92110312 0.85196781
vt 0.92748117 0.85196781
vt 0.91297591 0.82319862
vt 0.91609383 0.82027525
vt 0.92875361 0.82043046
vt 0.92708027 0.81707925
vt 0.91361356 0.81529516
vt 0.97841698 0.46172518
vt 0.98023367 0.46679592
vt 0.98190188 0.46196818
vt 0.98058736 0.45407152
vt 0.97196877 0.46004879
vt 0.97007310 0.46568811
vt 0.97083920 0.47281796
vt 0.98065871 0.47311538
vt 0.98042691 0.47848582
vt 0.97078001 0.48032779
vt 0.96905822 0.47610664
vt 0.98590696 0.46064806
vt 0.96076423 0.48199296
vt 0.98810571 0.45267391
vt 0.97942227 0.44589138
vt 0.97321528 0.45248294
vt 0.97184765 0.44499105
vt 0.97517854 0.45514822
vt 0.96216035 0.46373832
vt 0.96031284 0.46989071
vt 0.95638764 0.47979659
vt 0.96608478 0.45483375
vt 0.96632034 0.44950330
vt 0.96658498 0.48684829
vt 0.97261745 0.48816180
vt 0.96358430 0.50095105
vt 0.96845186 0.50236213
vt 0.97370154 0.50001395
vt 0.97238821 0.50643355
vt 0.98810571 0.50138438
vt 0.98216420 0.50944823
vt 0.97192317 0.51207513
vt 0.97975796 0.48689997
vt 0.02521426 0.51358175
vt 0.02550036 0.51732421
vt 0.02033236 0.51638955
vt 0.02070934 0.51112300
vt 0.02766581 0.50449413
vt 0.01982379 0.52630407
vt 0.03045701 0.52328461
vt 0.03171309 0.52847755
vt 0.04026027 0.51071161
vt 0.04788652 0.50608110
vt 0.04384357 0.52429444
vt 0.04806286 0.51571620
vt 0.05936925 0.50774229
vt 0.05149474 0.53172147
vt 0.05779282 0.52712953
vt 0.05893067 0.52315551
vt 0.05708627 0.51752746
vt 0.06091044 0.51408762
vt 0.07032388 0.51459211
vt 0.06639846 0.52873337
vt 0.07510708 0.50714386
vt 0.08490430 0.51205319
vt 0.07489561 0.52189016
vt 0.07921255 0.52822793
vt 0.08093259 0.52026528
vt 0.10161085 0.51870251
vt 0.09451182 0.50536966
vt 0.08374178 0.50570524
vt 0.08092552 0.49871939
vt 0.07161366 0.50263280
vt 0.06556981 0.49418604
vt 0.09929281 0.52931267
vt 0.12894146 0.52569818
vt 0.12988698 0.53904992
vt 0.14801548 0.52859664
vt 0.14822906 0.53739268
vt 0.08352193 0.53870791
vt 0.14533865 0.54695886
vt 0.08758755 0.54231203
vt 0.07624590 0.54615223
vt 0.06302306 0.54515076
vt 0.14219429 0.52276760
vt 0.07192458 0.53781617
vt 0.13351150 0.51761389
vt 0.13929741 0.51672727
vt 0.13303231 0.51186955
vt 0.10869006 0.50535274
vt 0.06126048 0.53803730
vt 0.05163195 0.54030842
vt 0.04901769 0.54695886
vt 0.04046104 0.54353905
vt 0.03073873 0.54593450
vt 0.15374449 0.53096694
vt 0.15160748 0.51959974
vt 0.14466710 0.52022099
vt 0.14293090 0.50986689
vt 0.06992175 0.03212619
vt 0.07477407 0.03693730
vt 0.06759464 0.03692359
vt 0.06365618 0.03176850
vt 0.07883915 0.03179383
vt 0.08910684 0.04421985
vt 0.09494461 0.03936023
vt 0.09038927 0.03175312
vt 0.08034044 0.04444784
vt 0.07041020 0.04375136
vt 0.05829126 0.04680389
vt 0.05923196 0.03954899
vt 0.04669946 0.04785329
vt 0.04537445 0.04090351
vt 0.10352423 0.04051942
vt 0.10268976 0.04785329
vt 0.05834439 0.03343803
vt 0.77308851 0.28263068
vt 0.76595044 0.28156042
vt 0.77524698 0.27415025
vt 0.78772384 0.27771783
vt 0.78086340 0.28575945
vt 0.76289427 0.27565491
vt 0.79476184 0.28841239
vt 0.78621352 0.29217017
vt 0.75806016 0.28113484
vt 0.75336564 0.27714962
vt 0.75176501 0.28310168
vt 0.78951997 0.29792607
vt 0.79955947 0.30422175
vt 0.79290962 0.30688095
vt 0.79206079 0.31893307
vt 0.79472423 0.32596070
vt 0.73879093 0.28307301
vt 0.74229014 0.28703904
vt 0.78875929 0.32602859
vt 0.73373193 0.28614914
vt 0.73456144 0.29979295
vt 0.72935605 0.29972017
vt 0.73589045 0.31277710
vt 0.72845721 0.31225795
vt 0.73171246 0.32596070
vt 0.72518396 0.29929715
vt 0.72026432 0.28598011
vt 0.66405958 0.92397016
vt 0.65231371 0.93157423
vt 0.64870679 0.92256933
vt 0.66238618 0.93073273
vt 0.64408064 0.92546004
vt 0.64517325 0.92978162
vt 0.63646024 0.92960769
vt 0.63488179 0.92202282
vt 0.62841028 0.92411613
vt 0.62648076 0.91905189
vt 0.62070483 0.92096889
vt 0.62511134 0.93157423
vt 0.66310531 0.92068774
vt 0.67092508 0.92359143
vt 0.13316390 0.73286307
vt 0.14007831 0.72796804
vt 0.15143861 0.73658317
vt 0.15726872 0.73475087
vt 0.11695578 0.72526169
vt 0.11774573 0.71865964
vt 0.10613833 0.72082484
vt 0.10831583 0.72643864
vt 0.09273518 0.72408444
vt 0.10179781 0.73136485
vt 0.10564059 0.71448785
vt 0.09543356 0.71261400
vt 0.09033843 0.71851420
vt 0.08325991 0.72560018
vt 0.09172237 0.73055506
vt 0.11770108 0.70796067
vt 0.12448423 0.71357435
vt 0.13963696 0.72100198
vt 0.14350866 0.72615051
vt 0.09605368 0.73658317
vt 0.89772648 0.93717355
vt 0.90436947 0.92778790
vt 0.90547466 0.94078344
vt 0.89771056 0.92620754
vt 0.88590306 0.92711312
vt 0.89461428 0.94027662
vt 0.91136897 0.94320214
vt 0.91667306 0.93899387
vt 0.91486794 0.92926812
vt 0.92175186 0.94027704
vt 0.92004436 0.92719448
vt 0.92819381 0.92915881
vt 0.88768685 0.93619961
vt 0.88986850 0.94320214
vt 0.74962360 0.76268113
vt 0.73874784 0.76530486
vt 0.74093992 0.76125097
vt 0.75154805 0.75722528
vt 0.73392266 0.76723683
vt 0.73552507 0.77091986
vt 0.74718642 0.77203256
vt 0.72971410 0.77007198
vt 0.73036236 0.77576810
vt 0.72555840 0.76992190
vt 0.72202641 0.77862257
vt 0.73584783 0.77694899
vt 0.76446998 0.76166564
vt 0.75864154 0.77160072
vt 0.76493788 0.77374595
vt 0.77008569 0.76979846
vt 0.72749537 0.76614082
vt 0.72213864 0.76757693
vt 0.74271357 0.77144665
vt 0.77002770 0.76340920
vt 0.75419253 0.77527356
vt 0.75634551 0.77660525
vt 0.74152792 0.75447226
vt 0.74228883 0.77502811
vt 0.74051923 0.77862257
vt 0.77488989 0.76339030
vt 0.03084240 0.58215201
vt 0.02078244 0.57835883
vt 0.02325210 0.59155613
vt 0.03230510 0.59634340
vt 0.03392070 0.57379246
vt 0.02004372 0.59344679
vt 0.03336576 0.60270149
vt 0.01968084 0.61226153
vt 0.02901723 0.61654633
vt 0.01638549 0.62146103
vt 0.03268366 0.62388194
vt 0.01125722 0.58441728
vt 0.00925110 0.60126543
vt 0.01130306 0.57632679
vt 0.00971523 0.61227906
vt 0.03392071 0.61394411
vt 0.00941090 0.61716729
vt 0.29049513 0.30366731
vt 0.29159480 0.29704386
vt 0.29050320 0.29114491
vt 0.28061673 0.29682517
vt 0.29486316 0.30276442
vt 0.29559472 0.29170728
vt 0.29486316 0.29208219
vt 0.37124899 0.29568279
vt 0.35144135 0.29062110
vt 0.36548024 0.28849423
vt 0.38285002 0.29629683
vt 0.35067075 0.28342104
vt 0.34054884 0.29407179
vt 0.33417213 0.28843486
vt 0.32890075 0.29586250
vt 0.32555068 0.29103458
vt 0.37376821 0.28271961
vt 0.38633716 0.28435230
vt 0.40737739 0.29752314
vt 0.38952771 0.30249637
vt 0.39169353 0.31007862
vt 0.40611368 0.31069195
vt 0.38592520 0.31804669
vt 0.37315869 0.31633246
vt 0.42456052 0.30225623
vt 0.42300141 0.31045312
vt 0.43740088 0.31283343
vt 0.44049767 0.30277288
vt 0.44150591 0.29959512
vt 0.37864718 0.31036186
vt 0.35891914 0.30983025
vt 0.35795733 0.31722468
vt 0.34579232 0.27848786
vt 0.42728117 0.29167736
vt 0.41131225 0.28806651
vt 0.36084193 0.27720392
vt 0.40088078 0.27504468
vt 0.32784092 0.28565091
vt 0.37975708 0.30467153
vt 0.40807390 0.31782210
vt 0.42039898 0.31944710
vt 0.39529181 0.31987125
vt 0.38134313 0.32602859
vt 0.37247604 0.32175213
vt 0.43518078 0.32031751
vt 0.36104602 0.32459664
vt 0.40789455 0.32425368
vt 0.44140506 0.31305856
vt 0.44084620 0.32602859
vt 0.44625551 0.30208719
vt 0.99538219 0.90609848
vt 0.99571389 0.89899969
vt 0.98236990 0.90035510
vt 0.98507088 0.91126668
vt 0.99508643 0.91169071
vt 0.99736255 0.91520071
vt 0.99326998 0.92058605
vt 0.98298126 0.91752601
vt 0.99779737 0.92620754
vt 0.98451352 0.92552227
vt 0.98940378 0.89504415
vt 0.99589121 0.89295948
vt 0.98365474 0.88880247
vt 0.99361932 0.88394564
vt 0.98379487 0.88552535
vt 0.97665197 0.88440454
vt 0.99052089 0.87872392
vt 0.98409826 0.87813151
vt 0.99779737 0.88074672
vt 0.99658710 0.87702292
vt 0.98452342 0.87254024
vt 0.73964757 0.96493745
vt 0.73270714 0.96377462
vt 0.72663009 0.97093022
vt 0.73822540 0.97093022
vt 0.72643173 0.96538293
vt 0.14431790 0.64355993
vt 0.14249386 0.63795775
vt 0.15244135 0.63504928
vt 0.15837307 0.64336729
vt 0.14321387 0.63279349
vt 0.13864727 0.64139277
vt 0.15700850 0.63285309
vt 0.13721924 0.63225573
vt 0.16885740 0.64355993
vt 0.13348018 0.63809669
vt 0.14939912 0.63014311
vt 0.16960353 0.63487524
vt 0.76238388 0.23971903
vt 0.75550663 0.24724621
vt 0.76687586 0.25203812
vt 0.76906598 0.24636841
vt 0.76061159 0.25854188
vt 0.76958501 0.25874853
vt 0.77224672 0.24083710
vt 0.76621395 0.23926651
vt 0.76375407 0.26636779
vt 0.77224672 0.26788908
vt 0.79980952 0.08363152
vt 0.79475766 0.09257603
vt 0.78458148 0.08713728
vt 0.80572689 0.09222692
vt 0.78842545 0.09222692
vt 0.42422909 0.34212881
vt 0.41806167 0.33618492
vt 0.42422909 0.32245082
vt 0.49314335 0.31053680
vt 0.49038252 0.32003534
vt 0.48493955 0.31193531
vt 0.49410340 0.31994939
vt 0.48993817 0.33228981
vt 0.49607083 0.32562006
vt 0.48650861 0.30366731
vt 0.47985888 0.31326759
vt 0.48557472 0.31900650
vt 0.47686607 0.32317245
vt 0.49735683 0.31027925
vt 0.47462797 0.30889457
vt 0.47431135 0.32258046
vt 0.47010422 0.31932658
vt 0.46735355 0.31009996
vt 0.46542335 0.32002032
vt 0.45957622 0.32101870
vt 0.45401546 0.31555164
vt 0.45405275 0.32763213
vt 0.45244908 0.32092273
vt 0.46482107 0.32410526
vt 0.44625551 0.32078338
vt 0.46874312 0.30756658
vt 0.46848020 0.32612550
vt 0.47316277 0.32986718
vt 0.45821452 0.32595932
vt 0.46850243 0.33228981
vt 0.97928792 0.44121414
vt 0.99391586 0.44216156
vt 0.97537577 0.43246865
vt 0.96646130 0.43500781
vt 0.99779737 0.44021535
vt 0.99738050 0.44677997
vt 0.96517015 0.44440246
vt 0.95638764 0.44677997
vt 0.04414981 0.13021260
vt 0.04823734 0.12765139
vt 0.03904557 0.12112886
vt 0.03936821 0.12892550
vt 0.03221500 0.13193202
vt 0.02799226 0.12900472
vt 0.04676751 0.11679751
vt 0.05554402 0.11953264
vt 0.06123345 0.12899798
vt 0.06123348 0.12314856
vt 0.03137156 0.12126893
vt 0.05453407 0.11292559
vt 0.02043314 0.11273223
vt 0.01894273 0.12191892
vt 0.04294005 0.11225402
vt 0.99321073 0.35924518
vt 0.98447835 0.35912347
vt 0.98596448 0.36400187
vt 0.99345565 0.35511363
vt 0.98212665 0.35236311
vt 0.99300480 0.34608120
vt 0.99674797 0.35289574
vt 0.98174149 0.34519839
vt 0.98985267 0.33961272
vt 0.98161727 0.33757555
vt 0.97610855 0.35003489
vt 0.97526383 0.35782576
vt 0.98407781 0.36699927
vt 0.98763812 0.33710533
vt 0.99356854 0.33767855
vt 0.99160230 0.32960641
vt 0.98376983 0.33185470
vt 0.97488987 0.36424732
vt 0.97904176 0.37141174
vt 0.98676276 0.37374687
vt 0.97947162 0.38297260
vt 0.98937243 0.38607544
vt 0.98213148 0.39087522
vt 0.98686612 0.39014840
vt 0.99226248 0.39075154
vt 0.98889738 0.39700735
vt 0.99691629 0.39683056
vt 0.99674797 0.40205723
vt 0.60572690 0.61455798
vt 0.61365640 0.61046511
vt 0.61365640 0.62477636
vt 0.89166778 0.42233878
vt 0.89835060 0.42565465
vt 0.90264314 0.41726297
vt 0.89030838 0.43038619
vt 0.89829808 0.43213868
vt 0.90011901 0.43876481
vt 0.89300245 0.43962431
vt 0.90264314 0.43852359
vt 0.61497056 0.60149008
vt 0.62706834 0.60105586
vt 0.62021279 0.59168160
vt 0.62981552 0.59406573
vt 0.63744491 0.60140866
vt 0.60778153 0.59210783
vt 0.60217416 0.60152060
vt 0.59515417 0.60140866
vt 0.64971238 0.43425763
vt 0.64506823 0.43439466
vt 0.65520674 0.44409657
vt 0.65594715 0.43805212
vt 0.64361233 0.44409657
vt 0.81641185 0.66035777
vt 0.81461895 0.66995466
vt 0.82203561 0.68106443
vt 0.81313539 0.65719843
vt 0.81591392 0.68692225
vt 0.82246697 0.65772903
vt 0.81993389 0.66397583
vt 0.81713122 0.65250444
vt 0.82246697 0.68872046
vt 0.80748898 0.66429341
vt 0.81774247 0.69543827
vt 0.43744493 0.73300534
vt 0.43744493 0.72343647
vt 0.42511013 0.72232622
vt 0.43180338 0.71869409
vt 0.42660606 0.73155534
vt 0.56218249 0.48613596
vt 0.57335395 0.50394672
vt 0.57235360 0.51199365
vt 0.58266902 0.51673520
vt 0.58619988 0.53152519
vt 0.59546864 0.53004658
vt 0.60011530 0.54570657
vt 0.58708978 0.55322003
vt 0.61189425 0.54053670
vt 0.57082111 0.54891986
vt 0.56538320 0.53069788
vt 0.53574455 0.52869678
vt 0.52801257 0.53883046
vt 0.50528687 0.52580738
vt 0.49908018 0.54029018
vt 0.46542102 0.52944064
vt 0.48370335 0.54137826
vt 0.41784188 0.53808630
vt 0.44686177 0.54461718
vt 0.39593458 0.55322003
vt 0.40113959 0.53754836
vt 0.36872247 0.54149044
vt 0.39897186 0.68723613
vt 0.39096808 0.68783629
vt 0.39733100 0.69350022
vt 0.39955947 0.68263745
vt 0.39955947 0.70169944
vt 0.39510024 0.67665476
vt 0.38986784 0.69463444
vt 0.27371615 0.82451689
vt 0.25947136 0.82210994
vt 0.26933196 0.82657343
vt 0.27444935 0.82960641
vt 0.26181129 0.82758576
vt 0.27444935 0.81618965
vt 0.85770923 0.68683016
vt 0.84519714 0.68730974
vt 0.85677350 0.69464993
vt 0.84690410 0.69961125
vt 0.85378182 0.68291593
vt 0.85770923 0.70202994
vt 0.85171354 0.70430338
vt 0.84273130 0.70333105
vt 0.84602720 0.70885509
vt 0.84440196 0.08737910
vt 0.84938866 0.08290410
vt 0.84642947 0.07816267
vt 0.85040075 0.08873755
vt 0.85400361 0.08899820
vt 0.85418504 0.08088762
vt 0.83656389 0.08294362
vt 0.83913666 0.07373583
vt 0.84385532 0.06645024
vt 0.85311288 0.06493187
vt 0.83921820 0.08842874
vt 0.84459984 0.06205738
vt 0.85400361 0.05948120
vt 0.83537328 0.07406712
vt 0.82863438 0.06570542
vt 0.83334118 0.05503041
vt 0.83244973 0.09459424
vt 0.83245462 0.04917163
vt 0.84185022 0.04248661
vt 0.83540261 0.09467310
vt 0.84185022 0.12119859
vt 0.16975465 0.32403874
vt 0.17187431 0.31435502
vt 0.16502246 0.32179511
vt 0.16734642 0.31171739
vt 0.15919560 0.31634188
vt 0.17702830 0.31737417
vt 0.15899946 0.33108485
vt 0.15176244 0.33586764
vt 0.17401454 0.33105755
vt 0.18220586 0.32974738
vt 0.19000980 0.32675880
vt 0.19074890 0.33586764
vt 0.18459728 0.31297827
vt 0.17671953 0.33318430
vt 0.15110132 0.32924712
vt 0.78273493 0.35728300
vt 0.79005742 0.36441791
vt 0.79339206 0.35342073
vt 0.78665507 0.37328625
vt 0.79265654 0.34631312
vt 0.78462458 0.36969566
vt 0.78171581 0.34871447
vt 0.78709567 0.34202296
vt 0.79339206 0.33676207
vt 0.77885991 0.35631979
vt 0.77665198 0.35026509
vt 0.77815092 0.37136865
vt 0.78119844 0.38059032
vt 0.02151185 0.13329577
vt 0.01861922 0.13840795
vt 0.01682519 0.12350786
vt 0.01277533 0.12437665
vt 0.02567770 0.13976878
vt 0.01280536 0.11003786
vt 0.01772982 0.11027956
vt 0.01481028 0.10140574
vt 0.02135649 0.10204846
vt 0.02761859 0.14713776
vt 0.03127753 0.09436494
vt 0.03127753 0.14437032
vt 0.83068532 0.82230306
vt 0.84110266 0.81731546
vt 0.83658308 0.82447588
vt 0.84399891 0.81940562
vt 0.83871961 0.82691377
vt 0.82511014 0.82635832
vt 0.83814967 0.83318424
vt 0.84537446 0.83039171
vt 0.83354682 0.81520343
vt 0.82680082 0.81863326
vt 0.83020228 0.81003505
vt 0.84073204 0.80964470
vt 0.83444577 0.80436516
vt 0.84102786 0.80366725
vt 0.84537446 0.81269205
vt 0.16336639 0.34824699
vt 0.16456774 0.35822898
vt 0.15509661 0.35481036
vt 0.15355586 0.35127842
vt 0.15961553 0.34302330
vt 0.14933921 0.35628980
vt 0.16938035 0.34700739
vt 0.17400882 0.35822898
vt 0.22707999 0.73510581
vt 0.21193391 0.73111320
vt 0.22527979 0.72744256
vt 0.20691645 0.72722602
vt 0.23286554 0.73081136
vt 0.23420660 0.72584975
vt 0.23832600 0.73747766
vt 0.21299027 0.73644501
vt 0.20573770 0.73205763
vt 0.20396475 0.73747766
vt 0.19802094 0.72850996
vt 0.19287938 0.71690518
vt 0.18728285 0.72375709
vt 0.19867840 0.72065288
vt 0.18546255 0.72765815
vt 0.19867842 0.73699856
vt 0.18864961 0.73747766
vt 0.82523865 0.56239450
vt 0.81778520 0.55989730
vt 0.82808840 0.55566007
vt 0.82241374 0.55123031
vt 0.81629956 0.55252302
vt 0.83881027 0.55973738
vt 0.83796555 0.55534679
vt 0.85503703 0.55755907
vt 0.84689695 0.54874778
vt 0.83535576 0.54938298
vt 0.85803652 0.54944062
vt 0.86502635 0.55590922
vt 0.88061672 0.55541170
vt 0.86399859 0.56450248
vt 0.87081778 0.56663686
vt 0.84715748 0.56375861
vt 0.85871011 0.56574100
vt 0.82916915 0.56663686
vt 0.01892575 0.45981663
vt 0.01448939 0.46215189
vt 0.01990763 0.46926463
vt 0.01842063 0.47333622
vt 0.01049344 0.46978235
vt 0.01259374 0.47760677
vt 0.01014173 0.46268791
vt 0.01928782 0.45200616
vt 0.01508905 0.48524153
vt 0.02070484 0.47919714
vt 0.00748899 0.45406389
vt 0.01406160 0.44563633
vt 0.02070484 0.44409657
vt 0.36437571 0.19901609
vt 0.38017622 0.19759589
vt 0.36934203 0.19372237
vt 0.37486145 0.19254231
vt 0.37154022 0.18713009
vt 0.35991189 0.19453537
vt 0.36573082 0.18773723
vt 0.36497894 0.18291593
vt 0.38017622 0.18576288
vt 0.49627137 0.82717150
vt 0.50176209 0.83252573
vt 0.49862555 0.83534694
vt 0.49330011 0.83765656
vt 0.48923442 0.82513416
vt 0.48470706 0.82950902
vt 0.48507059 0.83718956
vt 0.48061675 0.83765656
vt 0.55569214 0.99865830
vt 0.56607932 0.98834413
vt 0.55913258 0.98814654
vt 0.55286342 0.99267066
vt 0.56604856 0.99865830
vt 0.56428075 0.98166370
vt 0.25682819 0.47415733
vt 0.24313508 0.47688133
vt 0.24294654 0.46997398
vt 0.25354829 0.48075998
vt 0.24477932 0.48076922
vt 0.25139770 0.46951360
vt 0.25603396 0.46288013
vt 0.24784184 0.46424508
vt 0.23769830 0.46733224
vt 0.23392071 0.48075998
vt 0.21365638 0.13252854
vt 0.21365638 0.12206578
vt 0.20503983 0.12944001
vt 0.20132159 0.12119859
vt 0.20607042 0.13461542
vt 0.09602411 0.64069813
vt 0.10635380 0.64065462
vt 0.11299982 0.64922130
vt 0.08940855 0.64643604
vt 0.09111041 0.65468746
vt 0.10171059 0.65790802
vt 0.07572152 0.65289760
vt 0.07837177 0.64256650
vt 0.06361470 0.64960831
vt 0.06185939 0.64170545
vt 0.05061988 0.65477824
vt 0.12017712 0.65350938
vt 0.04215644 0.65508109
vt 0.05816627 0.63902527
vt 0.03963097 0.64346230
vt 0.11963031 0.64364195
vt 0.04181731 0.63983828
vt 0.06231481 0.65712458
vt 0.04728504 0.66133565
vt 0.02422908 0.65456402
vt 0.02712707 0.64220804
vt 0.11096597 0.66133565
vt 0.08685908 0.66144902
vt 0.08741169 0.64542770
vt 0.11214558 0.63560396
vt 0.12653738 0.64717966
vt 0.12819383 0.65440875
vt 0.10666511 0.63372093
vt 0.09216183 0.63942856
vt 0.65773380 0.30044770
vt 0.66566998 0.30764222
vt 0.66449922 0.30536616
vt 0.65770924 0.31200123
vt 0.66731834 0.29919499
vt 0.67356831 0.30141568
vt 0.66447425 0.31350625
vt 0.67356831 0.31005323
vt 0.28153861 0.07337379
vt 0.28705972 0.08185005
vt 0.27404046 0.07873327
vt 0.29162040 0.07858199
vt 0.27422366 0.07342100
vt 0.26700971 0.07776213
vt 0.29109186 0.07200360
vt 0.30176210 0.07563949
vt 0.29691112 0.07925624
vt 0.26651981 0.08452594
vt 0.29390880 0.08452594
vt 0.01894273 0.41636848
vt 0.01894273 0.40295172
vt 0.01189427 0.40583587
vt 0.01390567 0.41433346
vt 0.24919759 0.73179144
vt 0.24359892 0.72495526
vt 0.26073477 0.72860879
vt 0.24008811 0.73128814
vt 0.26763427 0.72870165
vt 0.25700030 0.73658317
vt 0.24130964 0.73658317
vt 0.27677444 0.73351377
vt 0.28207034 0.72496605
vt 0.28678414 0.73128062
vt 0.23127754 0.23211092
vt 0.23035252 0.22368395
vt 0.22305846 0.22517258
vt 0.21718061 0.23211092
vt 0.22797419 0.21958852
vt 0.68942732 0.55737442
vt 0.70050621 0.55236912
vt 0.69727159 0.54619360
vt 0.70440531 0.55089325
vt 0.69991022 0.54248661
vt 0.69861567 0.56216460
vt 0.69026059 0.54833210
vt 0.70440531 0.56182784
vt 0.88849950 0.50341409
vt 0.88453013 0.49579644
vt 0.88419324 0.50945312
vt 0.89163601 0.50813574
vt 0.89295155 0.51475847
vt 0.87709254 0.49862528
vt 0.87724811 0.50249058
vt 0.88023508 0.49060822
vt 0.88607651 0.49121237
vt 0.89152497 0.49179918
vt 0.89295155 0.49785244
vt 0.47198233 0.25118798
vt 0.47329989 0.26259279
vt 0.47038710 0.25900728
vt 0.46442962 0.24866569
vt 0.47185344 0.24914724
vt 0.48128566 0.24803674
vt 0.47800767 0.24474990
vt 0.47948563 0.25705373
vt 0.47823298 0.25226885
vt 0.46868858 0.26785493
vt 0.47562370 0.26931727
vt 0.46035242 0.25257748
vt 0.47477812 0.27951694
vt 0.46270183 0.27951699
vt 0.47934496 0.26311064
vt 0.48237884 0.24463326
vt 0.17312776 0.62388194
vt 0.16947989 0.62712812
vt 0.17312776 0.63550985
vt 0.16431718 0.62456608
vt 0.08755969 0.48593879
vt 0.08149780 0.48477793
vt 0.08552008 0.49109864
vt 0.09118943 0.49043244
vt 0.09033500 0.49776387
vt 0.08167201 0.48076922
vt 0.09033501 0.48098958
vt 0.69207048 0.93962431
vt 0.68237883 0.93324929
vt 0.68592280 0.93711281
vt 0.69207048 0.92978531
vt 0.28759384 0.96138918
vt 0.28616333 0.97034556
vt 0.27681831 0.96664071
vt 0.29292345 0.96468389
vt 0.27769539 0.97212547
vt 0.26478976 0.96661913
vt 0.23852192 0.94215614
vt 0.23828410 0.95363176
vt 0.21981137 0.94766188
vt 0.25576225 0.95316178
vt 0.22415148 0.95917296
vt 0.22908811 0.93208522
vt 0.23882723 0.92642152
vt 0.21228063 0.93935996
vt 0.24808258 0.93180233
vt 0.25921631 0.93573117
vt 0.28457132 0.94767433
vt 0.27171648 0.93330312
vt 0.28516483 0.94301194
vt 0.28670290 0.93495071
vt 0.29362819 0.93758678
vt 0.27867126 0.92941332
vt 0.21599649 0.92467839
vt 0.23064019 0.91100180
vt 0.24042186 0.91826868
vt 0.21954121 0.91318887
vt 0.20372838 0.92084974
vt 0.28971392 0.94801641
vt 0.19724777 0.93138963
vt 0.21174024 0.96631545
vt 0.20546547 0.95655948
vt 0.19869092 0.94417530
vt 0.19130404 0.93599004
vt 0.29153565 0.94432950
vt 0.29525369 0.95259064
vt 0.29240629 0.95382380
vt 0.28381649 0.95815694
vt 0.25507098 0.97056949
vt 0.23884127 0.96603954
vt 0.29347759 0.95862561
vt 0.29842362 0.95103341
vt 0.29911894 0.95474261
vt 0.27198178 0.97629696
vt 0.21807122 0.97629696
vt 0.24841131 0.92962885
vt 0.29266435 0.95041108
vt 0.29636395 0.94565219
vt 0.19074890 0.91568220
vt 0.71057266 0.44874513
vt 0.71871889 0.45798087
vt 0.72189766 0.45142961
vt 0.71327686 0.46310538
vt 0.72378856 0.46520543
vt 0.72316891 0.45654345
vt 0.71712941 0.46960926
vt 0.71172845 0.44594270
vt 0.72003704 0.44504905
vt 0.71166778 0.43948281
vt 0.71790719 0.43604648
vt 0.72378850 0.44092137
vt 0.72251177 0.47719145
vt 0.24046268 0.63502103
vt 0.23618326 0.63311005
vt 0.24182968 0.62629235
vt 0.24573503 0.62764364
vt 0.25074542 0.63786048
vt 0.25453258 0.62724650
vt 0.25770926 0.63819319
vt 0.23797581 0.62531209
vt 0.25348961 0.62340850
vt 0.22614318 0.63066554
vt 0.22437684 0.63819319
vt 0.22334802 0.62935489
vt 0.22636692 0.62735081
vt 0.23113067 0.62209302
vt 0.23679678 0.63736027
vt 0.20797400 0.55679786
vt 0.20269975 0.54695886
vt 0.21070243 0.54929906
vt 0.19868085 0.55651593
vt 0.19427313 0.55134284
vt 0.21189427 0.55651593
vt 0.46119368 0.08452594
vt 0.45887715 0.07566750
vt 0.46387666 0.07558137
vt 0.45066079 0.08452594
vt 0.98835921 0.85386610
vt 0.98584467 0.85633749
vt 0.99110478 0.85002917
vt 0.98105729 0.84638023
vt 0.99023300 0.84418333
vt 0.99515420 0.85696346
vt 0.99102712 0.86627907
vt 0.99515420 0.83586764
vt 0.98690081 0.83600098
vt 0.35478306 0.81887299
vt 0.35724062 0.82602865
vt 0.34615579 0.81914186
vt 0.35747325 0.82380849
vt 0.36431718 0.82449454
vt 0.34445721 0.82602865
vt 0.33964759 0.81938422
vt 0.85707754 0.40116280
vt 0.86035240 0.41022515
vt 0.85418504 0.41724050
vt 0.86001974 0.42664778
vt 0.85419607 0.43336314
vt 0.86035240 0.43321240
vt 0.01390372 0.63477212
vt 0.01673632 0.62750649
vt 0.01119636 0.62745976
vt 0.00220264 0.63638020
vt 0.00534917 0.64087659
vt 0.01982379 0.63064510
vt 0.01902451 0.64087659
vt 0.56654984 0.56433392
vt 0.57447249 0.55487686
vt 0.57430667 0.56617647
vt 0.56519824 0.55757034
vt 0.57753307 0.55872828
vt 0.56622368 0.56932020
vt 0.57536703 0.56932020
vt 0.56796676 0.55411446
vt 0.26657793 0.91663951
vt 0.26394457 0.91542375
vt 0.26179805 0.92297459
vt 0.25708559 0.91656524
vt 0.25995865 0.91050315
vt 0.25616929 0.92316079
vt 0.26777408 0.90896106
vt 0.26220492 0.90385610
vt 0.25603732 0.90904313
vt 0.27098799 0.90232217
vt 0.26002562 0.92785096
vt 0.26828402 0.89862758
vt 0.27761063 0.89758497
vt 0.28526482 0.90453011
vt 0.27772158 0.91377676
vt 0.29021463 0.91596466
vt 0.27525610 0.92194611
vt 0.28012946 0.92720032
vt 0.29118943 0.92111486
vt 0.29118943 0.90134168
vt 0.25418502 0.91563934
vt 0.26853681 0.91245985
vt 0.26530045 0.92344272
vt 0.27356136 0.91597503
vt 0.27143702 0.91883451
vt 0.27292827 0.92238545
vt 0.26886219 0.92761713
vt 0.27384081 0.92623097
vt 0.27281874 0.92978531
vt 0.30885315 0.99407095
vt 0.30183542 0.98875171
vt 0.31335548 0.98765355
vt 0.31507605 0.99776387
vt 0.32170334 0.99527144
vt 0.30135226 0.98166370
vt 0.29237774 0.98606378
vt 0.29350364 0.99288762
vt 0.28476503 0.98942125
vt 0.27885464 0.99776387
vt 0.29107699 0.98341328
vt 0.32202643 0.99079144
vt 0.30083144 0.99382824
vt 0.05330396 0.94263250
vt 0.05895956 0.95057964
vt 0.06599525 0.94702506
vt 0.06021388 0.93756038
vt 0.06651981 0.93694097
vt 0.06651983 0.95393562
vt 0.81357771 0.67967176
vt 0.80223447 0.68431091
vt 0.80139345 0.67685795
vt 0.81365639 0.67385954
vt 0.79691631 0.67241764
vt 0.79760963 0.68470484
vt 0.80304259 0.67039359
vt 0.81287128 0.68470484
vt 0.05503015 0.99418604
vt 0.05154185 0.98090410
vt 0.05947136 0.98830354
vt 0.05947137 0.97629696
vt 0.16784140 0.23121643
vt 0.18018906 0.23121643
vt 0.17758666 0.22495526
vt 0.18281938 0.22726303
vt 0.95028019 0.22126907
vt 0.94808465 0.21856982
vt 0.94380063 0.22208899
vt 0.94216859 0.21773565
vt 0.95198506 0.23023832
vt 0.94252896 0.22759223
vt 0.93869424 0.22406501
vt 0.94541061 0.23549378
vt 0.94322234 0.21422052
vt 0.93687361 0.22994375
vt 0.95757824 0.22323751
vt 0.95796168 0.21626413
vt 0.95644647 0.23464262
vt 0.95458233 0.24713457
vt 0.93444651 0.24337089
vt 0.92114538 0.22795284
vt 0.92862284 0.25311959
vt 0.92914963 0.22718698
vt 0.93445575 0.22246844
vt 0.94139045 0.26168072
vt 0.95045191 0.25972700
vt 0.92865413 0.26959801
vt 0.96092921 0.25987828
vt 0.95391983 0.29220986
vt 0.94497275 0.29393280
vt 0.93603355 0.29542440
vt 0.97041005 0.24599636
vt 0.97122937 0.23505181
vt 0.96561283 0.29024076
vt 0.96881849 0.30366731
vt 0.97402644 0.25759584
vt 0.98281938 0.23320955
vt 0.98160881 0.25093889
vt 0.96610284 0.22374618
vt 0.96136051 0.22071666
vt 0.96871084 0.20423621
vt 0.96461606 0.19978428
vt 0.98281938 0.20385230
vt 0.97157377 0.18649375
vt 0.92597806 0.21634966
vt 0.96993911 0.22003675
vt 0.16809313 0.91699833
vt 0.17665198 0.91570747
vt 0.17164145 0.90652955
vt 0.17199655 0.92700940
vt 0.16943195 0.93666899
vt 0.17590748 0.94244754
vt 0.16784140 0.94791585
vt 0.17665198 0.94946331
vt 0.74223506 0.88166946
vt 0.75346702 0.87351620
vt 0.75020605 0.88011527
vt 0.74505478 0.87164581
vt 0.74531430 0.88532233
vt 0.73788548 0.88530499
vt 0.75903082 0.88530499
vt 0.75468463 0.88595706
vt 0.28749579 0.82426447
vt 0.29224679 0.82995641
vt 0.29394808 0.82503510
vt 0.29735681 0.83088434
vt 0.28594002 0.82181948
vt 0.28314897 0.82323682
vt 0.28343737 0.83054078
vt 0.29735681 0.81976742
vt 0.28490216 0.83671069
vt 0.27960476 0.83909017
vt 0.29337642 0.83944541
vt 0.27879617 0.82675463
vt 0.27599689 0.83241206
vt 0.27268723 0.83566445
vt 0.58362895 0.74633515
vt 0.59016407 0.74399757
vt 0.59165812 0.75351894
vt 0.58247221 0.75300115
vt 0.59819973 0.74526769
vt 0.59851378 0.75202942
vt 0.57798833 0.74706793
vt 0.58934224 0.75955367
vt 0.60368687 0.74774450
vt 0.60396475 0.75727391
vt 0.59907681 0.76073343
vt 0.58211070 0.76073343
vt 0.57425880 0.75360483
vt 0.59336358 0.74105543
vt 0.60160565 0.74295211
vt 0.57424545 0.74502850
vt 0.56607932 0.74931920
vt 0.97478724 0.18510211
vt 0.98264557 0.17772233
vt 0.98617667 0.18559927
vt 0.97590321 0.17576027
vt 0.96784139 0.17682445
vt 0.98974490 0.17635149
vt 0.99162996 0.18510211
vt 0.50088108 0.98255813
vt 0.49650028 0.99527472
vt 0.49207050 0.98608935
vt 0.50088108 0.99597496
vt 0.99955946 0.53801429
vt 0.99955946 0.55143112
vt 0.99339205 0.54229671
vt 0.78909498 0.08005369
vt 0.79427308 0.07899010
vt 0.79427314 0.07200873
vt 0.78458148 0.07021469
vt 0.69276357 0.01057088
vt 0.69066203 0.01753074
vt 0.68029612 0.01149350
vt 0.68151885 0.02101970
vt 0.70231330 0.01643324
vt 0.69906288 0.01042259
vt 0.70591420 0.01204801
vt 0.67331374 0.01153451
vt 0.70962542 0.01368588
vt 0.67560720 0.01893067
vt 0.66878355 0.01990902
vt 0.66563874 0.01048958
vt 0.66897464 0.00658000
vt 0.68027228 0.00604564
vt 0.70746136 0.02101970
vt 0.69513553 0.00629818
vt 0.69079328 0.00542259
vt 0.70428890 0.00198078
vt 0.68719435 0.00044721
vt 0.71321589 0.00433201
vt 0.42246696 0.91010731
vt 0.41803938 0.89789003
vt 0.41281343 0.90341508
vt 0.41319844 0.89669055
vt 0.41277534 0.91010731
vt 0.77472556 0.48003876
vt 0.76784140 0.47148895
vt 0.76964188 0.48249274
vt 0.77547497 0.47145426
vt 0.77577090 0.46109122
vt 0.77577090 0.49597496
vt 0.76938403 0.48845601
vt 0.60340005 0.43425757
vt 0.60711128 0.42620754
vt 0.61334741 0.43425763
vt 0.61629957 0.42920393
vt 0.60132158 0.42926544
vt 0.54372001 0.34821939
vt 0.54971111 0.34323335
vt 0.54060191 0.34033990
vt 0.55110133 0.35107338
vt 0.53524232 0.35107338
vt 0.96748841 0.90502483
vt 0.97086626 0.89954108
vt 0.96436375 0.89908141
vt 0.96559209 0.89556086
vt 0.97121197 0.89297247
vt 0.94918627 0.86298704
vt 0.96107590 0.86039078
vt 0.96036589 0.85335875
vt 0.94872499 0.85270071
vt 0.95459449 0.84559590
vt 0.93303257 0.85050726
vt 0.94742620 0.82961303
vt 0.92731279 0.86676925
vt 0.95808882 0.83015954
vt 0.95584774 0.81406403
vt 0.94521600 0.81435406
vt 0.94307953 0.87121385
vt 0.93902111 0.88298118
vt 0.95304275 0.80187833
vt 0.95112389 0.87147278
vt 0.96315002 0.86959410
vt 0.96348464 0.87750953
vt 0.94531822 0.87753928
vt 0.94686157 0.89011842
vt 0.94222265 0.88344318
vt 0.94635963 0.89174777
vt 0.95394951 0.89722556
vt 0.95808673 0.89155424
vt 0.94098657 0.89175802
vt 0.94090837 0.90193933
vt 0.96913254 0.84450769
vt 0.93908048 0.80270642
vt 0.96848983 0.87333256
vt 0.94737983 0.89731091
vt 0.94357342 0.90607107
vt 0.95407295 0.90530366
vt 0.95319837 0.92041171
vt 0.94189203 0.93059212
vt 0.93437910 0.91929233
vt 0.96113098 0.90817744
vt 0.95997256 0.89832312
vt 0.95238441 0.93221855
vt 0.96192706 0.92974734
vt 0.97136563 0.91396916
vt 0.97066838 0.86321729
vt 0.97136563 0.85156971
vt 0.96251851 0.93643588
vt 0.95053262 0.93694097
vt 0.93749613 0.93528491
vt 0.92955220 0.93413359
vt 0.96921438 0.93523228
vt 0.54855478 0.93087816
vt 0.55254740 0.93391901
vt 0.54317182 0.93593997
vt 0.55638766 0.92710197
vt 0.55638766 0.94141322
vt 0.77963495 0.08379364
vt 0.78343481 0.07492429
vt 0.77488989 0.07481062
vt 0.77506751 0.08290803
vt 0.78370047 0.07110912
vt 0.78370047 0.08090603
vt 0.78106463 0.08631486
vt 0.34988335 0.47105944
vt 0.34140968 0.46735239
vt 0.34199646 0.47629696
vt 0.35198238 0.47629696
vt 0.23681179 0.00651550
vt 0.24802494 0.00794250
vt 0.24085769 0.01386404
vt 0.23225428 0.00991488
vt 0.25304231 0.01337987
vt 0.25824860 0.00717330
vt 0.26323000 0.00895351
vt 0.26828194 0.01386404
vt 0.22775331 0.00331992
vt 0.25334361 0.00223613
vt 0.25307870 0.82685137
vt 0.25704113 0.83345908
vt 0.25148505 0.83434516
vt 0.26387665 0.83002311
vt 0.25799069 0.84040368
vt 0.24362932 0.82513416
vt 0.24243598 0.84008175
vt 0.25047994 0.83965319
vt 0.23392071 0.83042127
vt 0.23654145 0.84481210
vt 0.25084609 0.84481215
vt 0.25966695 0.56780273
vt 0.25029492 0.56719118
vt 0.25193518 0.55991942
vt 0.25948974 0.56176859
vt 0.26514462 0.56182390
vt 0.24449845 0.55899221
vt 0.24448739 0.56627721
vt 0.23656388 0.56993401
vt 0.23678449 0.56410360
vt 0.26228490 0.55500895
vt 0.25179601 0.55585396
vt 0.26215768 0.57379246
vt 0.26828194 0.57330829
vt 0.25292912 0.57072783
vt 0.26828194 0.56407428
vt 0.24678129 0.57037944
vt 0.30616739 0.18917710
vt 0.30616739 0.17765701
vt 0.29911894 0.18308526
vt 0.30066186 0.17486584
vt 0.35198238 0.44297087
vt 0.34667847 0.43441272
vt 0.35198238 0.42879319
vt 0.34474033 0.44287354
vt 0.34672895 0.42799640
vt 0.34098652 0.43161213
vt 0.33524230 0.44499105
vt 0.32797781 0.73300534
vt 0.32083330 0.72406083
vt 0.31233481 0.72416258
vt 0.31762725 0.73300534
vt 0.32995594 0.72913492
vt 0.06794289 0.47898030
vt 0.06299560 0.48524153
vt 0.07621145 0.48524153
vt 0.04537445 0.14177102
vt 0.03480176 0.13892180
vt 0.04537445 0.13461542
vt 0.27533039 0.45393562
vt 0.26512238 0.45393562
vt 0.26937318 0.44677997
vt 0.26123348 0.44902790
vt 0.11409692 0.85539860
vt 0.10327391 0.85466397
vt 0.11005653 0.86180681
vt 0.11212952 0.85286224
vt 0.10088105 0.86180681
vt 0.91997832 0.87790698
vt 0.91497797 0.88416815
vt 0.92731279 0.88416815
vt 0.01545424 0.55607671
vt 0.02410344 0.55898613
vt 0.02188965 0.54996520
vt 0.02857593 0.55311549
vt 0.02951542 0.54747772
vt 0.02951542 0.56146574
vt 0.02311033 0.56663686
vt 0.01644934 0.56383729
vt 0.01300129 0.56115168
vt 0.01926123 0.54531962
vt 0.01277533 0.54516995
vt 0.99236268 0.75804651
vt 0.98862743 0.75266290
vt 0.98105729 0.76162791
vt 0.99691629 0.75178891
vt 0.99537337 0.76162791
vt 0.36246061 0.15437508
vt 0.35869488 0.16331732
vt 0.35652509 0.15500832
vt 0.36573383 0.15692347
vt 0.36448336 0.16626853
vt 0.37184349 0.16138494
vt 0.34658036 0.17081511
vt 0.34014753 0.17084122
vt 0.33975062 0.15738368
vt 0.33433810 0.16426480
vt 0.33083701 0.15717399
vt 0.33194187 0.16832632
vt 0.34962291 0.15909731
vt 0.34838140 0.15429342
vt 0.35358462 0.16249299
vt 0.33480799 0.17375922
vt 0.34703594 0.18146151
vt 0.34039250 0.18202150
vt 0.35479867 0.16972053
vt 0.36047268 0.17223144
vt 0.35538357 0.17505640
vt 0.36493200 0.17553771
vt 0.36667085 0.18050599
vt 0.37036631 0.17549551
vt 0.37411159 0.18202150
vt 0.36630148 0.17140257
vt 0.37841409 0.17109430
vt 0.37443507 0.16698289
vt 0.53069663 0.50452620
vt 0.53612334 0.50313061
vt 0.53612334 0.51296961
vt 0.52643174 0.51198024
vt 0.70088106 0.46351802
vt 0.68590307 0.47093022
vt 0.69651949 0.46207958
vt 0.69493592 0.46999723
vt 0.68933612 0.46147084
vt 0.70088106 0.45214665
vt 0.68656933 0.45651281
vt 0.22479263 0.04474443
vt 0.22698453 0.05119336
vt 0.22922502 0.04778981
vt 0.23169343 0.05858678
vt 0.23568282 0.05277997
vt 0.22012070 0.04844296
vt 0.21982379 0.05858678
vt 0.23300268 0.04248661
vt 0.89924312 0.13998210
vt 0.89162588 0.13943470
vt 0.89277929 0.13193202
vt 0.88149780 0.13998210
vt 0.90088105 0.13433510
vt 0.91668117 0.91202509
vt 0.92495632 0.91138941
vt 0.92088443 0.91748863
vt 0.91716456 0.90742397
vt 0.91321588 0.91815740
vt 0.93171805 0.91815740
vt 0.58408612 0.48152685
vt 0.58265412 0.48474360
vt 0.57535529 0.48841614
vt 0.57488984 0.48427749
vt 0.57660377 0.49671364
vt 0.58224159 0.49686944
vt 0.58744264 0.49622905
vt 0.59355122 0.48803109
vt 0.59777248 0.49190211
vt 0.59397715 0.49539900
vt 0.60364085 0.49131680
vt 0.59688699 0.47808588
vt 0.58983815 0.47925627
vt 0.60660791 0.47882092
vt 0.60065979 0.49671364
vt 0.31026798 0.82586104
vt 0.30348957 0.82248086
vt 0.31398359 0.81797856
vt 0.30088106 0.83050090
vt 0.31585902 0.82293528
vt 0.31292957 0.82757598
vt 0.30364773 0.81882626
vt 0.31383729 0.83050090
vt 0.98458147 0.42262971
vt 0.98458147 0.43336314
vt 0.97753304 0.42660522
vt 0.11020770 0.36760688
vt 0.11153037 0.37508249
vt 0.10707086 0.37571192
vt 0.10653854 0.37208307
vt 0.11306230 0.38048166
vt 0.10410982 0.36457014
vt 0.10575044 0.38052809
vt 0.10930555 0.38394308
vt 0.10085878 0.38547969
vt 0.10272190 0.38902104
vt 0.11712588 0.37824637
vt 0.12114538 0.38002717
vt 0.11615664 0.38238573
vt 0.11371043 0.37415004
vt 0.10284314 0.37065184
vt 0.09726457 0.36467057
vt 0.09265983 0.36898792
vt 0.09886017 0.37676579
vt 0.09102289 0.35554564
vt 0.08793510 0.36215353
vt 0.11624132 0.36900902
vt 0.11559771 0.36390877
vt 0.12060438 0.37408841
vt 0.09561674 0.38250220
vt 0.09094223 0.38688701
vt 0.08399187 0.38984275
vt 0.08850548 0.37206078
vt 0.07625054 0.38102591
vt 0.09334882 0.37377167
vt 0.08379652 0.39761174
vt 0.07458548 0.39721406
vt 0.06232207 0.39413142
vt 0.06990132 0.37998790
vt 0.06285229 0.38291359
vt 0.06783982 0.37561923
vt 0.06099771 0.37369108
vt 0.06567121 0.37352753
vt 0.09680776 0.38513982
vt 0.09418924 0.39603680
vt 0.09062887 0.39444697
vt 0.08995790 0.40096009
vt 0.08180852 0.40586483
vt 0.09590623 0.40148592
vt 0.05369003 0.38437045
vt 0.09699040 0.40831840
vt 0.04383209 0.39696884
vt 0.08040157 0.37145150
vt 0.10141141 0.38307643
vt 0.07606561 0.37244916
vt 0.07231896 0.36420017
vt 0.07928398 0.36221129
vt 0.06982295 0.36576033
vt 0.06303251 0.36754823
vt 0.06897389 0.35848182
vt 0.09793326 0.39429605
vt 0.10380153 0.39304709
vt 0.04008811 0.40831840
vt 0.09917708 0.40229768
vt 0.10689995 0.40248877
vt 0.89870238 0.15364152
vt 0.89118946 0.15238547
vt 0.89986908 0.15970606
vt 0.89585030 0.14892668
vt 0.90440530 0.16323793
vt 0.89392370 0.16287881
vt 0.90440530 0.15289205
vt 0.03839199 0.96846175
vt 0.03386255 0.97377008
vt 0.02816754 0.97015959
vt 0.02982279 0.96288013
vt 0.02950953 0.97567719
vt 0.03874578 0.97767282
vt 0.04625551 0.96723515
vt 0.00849023 0.98330867
vt 0.00203486 0.98030627
vt 0.01053969 0.97763354
vt 0.01413833 0.98692584
vt 0.00325840 0.97729123
vt 0.01128456 0.97000074
vt 0.00132159 0.98757321
vt 0.01848417 0.98039037
vt 0.01048992 0.98642135
vt 0.01136348 0.99898291
vt 0.00426743 0.99955279
vt 0.00961375 0.99555635
vt 0.01612897 0.99853176
vt 0.00795752 0.99090195
vt 0.02487063 0.98681664
vt 0.02584728 0.99233317
vt 0.02570097 0.99784982
vt 0.03245398 0.98955482
vt 0.02717159 0.98349309
vt 0.03339743 0.97792023
vt 0.04055143 0.98617178
vt 0.03664573 0.99187171
vt 0.03308576 0.99487019
vt 0.04018031 0.99955279
vt 0.96757275 0.14856136
vt 0.97870123 0.15210998
vt 0.96939605 0.15445089
vt 0.97664350 0.15880281
vt 0.97533298 0.14409369
vt 0.96329898 0.14268494
vt 0.96897727 0.14028835
vt 0.96216702 0.13489336
vt 0.97286296 0.13282645
vt 0.98162955 0.15409732
vt 0.98780406 0.15866691
vt 0.97891617 0.16592127
vt 0.98591352 0.16277754
vt 0.98627132 0.14444000
vt 0.99007636 0.15357471
vt 0.98152423 0.13654566
vt 0.98774993 0.13993275
vt 0.98899055 0.13648158
vt 0.99217933 0.15907693
vt 0.99402308 0.16592127
vt 0.96395516 0.15094030
vt 0.95575988 0.13899410
vt 0.99515420 0.14889503
vt 0.95550662 0.13387311
vt 0.99193370 0.14106143
vt 0.60046548 0.91281307
vt 0.59730619 0.92174202
vt 0.60396475 0.92352414
vt 0.58722466 0.91997540
vt 0.60396475 0.91279072
vt 0.15814978 0.24463326
vt 0.15198238 0.23684835
vt 0.15814978 0.23300534
vt 0.53560710 0.05858678
vt 0.52687657 0.05858678
vt 0.53151453 0.05232561
vt 0.51938325 0.05473423
vt 0.53788549 0.05366552
vt 0.83678651 0.02732515
vt 0.83475137 0.03508598
vt 0.84273130 0.03533095
vt 0.83127755 0.02914733
vt 0.84273130 0.02549195
vt 0.98300028 0.74057752
vt 0.98007339 0.73151523
vt 0.97400880 0.73482096
vt 0.97599369 0.74194992
vt 0.98587382 0.73223734
vt 0.97823513 0.72069019
vt 0.98810571 0.73748660
vt 0.98810571 0.72048301
vt 0.42487437 0.70348835
vt 0.42070484 0.71064401
vt 0.43039647 0.71064401
vt 0.63697618 0.00491953
vt 0.63820708 0.01048416
vt 0.62775332 0.00750422
vt 0.63201684 0.01475847
vt 0.62902945 0.01397431
vt 0.64140022 0.00493610
vt 0.64468879 0.00783038
vt 0.64660078 0.01397431
vt 0.65066081 0.00955844
vt 0.28731763 0.51118070
vt 0.29118943 0.50778508
vt 0.28590310 0.49912137
vt 0.29118943 0.49508047
vt 0.08772850 0.66512120
vt 0.08774506 0.67218244
vt 0.07797357 0.66413236
vt 0.07966170 0.67210746
vt 0.09471366 0.67210746
vt 0.93909597 0.54042381
vt 0.93517423 0.54817319
vt 0.94317180 0.54957652
vt 0.93299061 0.53944337
vt 0.94317180 0.53711987
vt 0.93259913 0.55137533
vt 0.93827641 0.55322003
vt 0.40225625 0.17134786
vt 0.40266034 0.18156034
vt 0.39645264 0.18015587
vt 0.39600578 0.17039359
vt 0.39334303 0.17929447
vt 0.40767130 0.17859793
vt 0.40990052 0.17163301
vt 0.40711695 0.18559927
vt 0.38796186 0.17331713
vt 0.38661546 0.18364692
vt 0.38105726 0.17913598
vt 0.41365638 0.17857313
vt 0.41018802 0.18062460
vt 0.38215834 0.18559927
vt 0.09647577 0.14422089
vt 0.10616739 0.14534885
vt 0.10273945 0.13809204
vt 0.09791008 0.13784921
vt 0.10616740 0.13550985
vt 0.03921186 0.70503771
vt 0.03547657 0.70100737
vt 0.03717899 0.68738818
vt 0.04361233 0.69507843
vt 0.03480176 0.70885509
vt 0.04361233 0.70835549
vt 0.79779738 0.32066190
vt 0.80792469 0.31578016
vt 0.80301893 0.31171739
vt 0.80837005 0.32066190
vt 0.18539694 0.34660107
vt 0.19039038 0.34749067
vt 0.18767546 0.35332990
vt 0.17929515 0.35644007
vt 0.19251101 0.35644007
vt 0.06757333 0.66965300
vt 0.05945648 0.66413236
vt 0.05770925 0.67087305
vt 0.07004406 0.67576027
vt 0.05904923 0.67576027
vt 0.16448256 0.03810412
vt 0.16002917 0.04524815
vt 0.15622079 0.03711987
vt 0.15198238 0.04557925
vt 0.16519824 0.04969531
vt 0.16515350 0.05266559
vt 0.15546873 0.04889655
vt 0.16078945 0.05495334
vt 0.15668413 0.05806690
vt 0.16224773 0.05861783
vt 0.16116835 0.06724781
vt 0.16448256 0.06753129
vt 0.51057267 0.10957068
vt 0.51057267 0.10062611
vt 0.50352424 0.10875690
vt 0.50361329 0.10089898
vt 0.78898680 0.95909631
vt 0.79321921 0.95947236
vt 0.79779738 0.94946331
vt 0.79019839 0.95077235
vt 0.79532081 0.96198571
vt 0.79779738 0.95852774
vt 0.79717958 0.95419937
vt 0.77753305 0.06305903
vt 0.77224672 0.06286424
vt 0.77753305 0.05053669
vt 0.00994103 0.51258266
vt 0.01141464 0.51884061
vt 0.01571146 0.51132673
vt 0.01806167 0.51923078
vt 0.00484581 0.50313061
vt 0.01416383 0.50369221
vt 0.01806167 0.50470799
vt 0.64977974 0.30647314
vt 0.65418500 0.31350625
vt 0.65418500 0.30050611
vt 0.65097964 0.29382825
vt 0.10648452 0.40742397
vt 0.10264317 0.41547406
vt 0.11057269 0.41547406
vt 0.91938329 0.54803264
vt 0.92995596 0.54427546
vt 0.92386222 0.55221432
vt 0.92995596 0.55232561
vt 0.95022029 0.30072880
vt 0.95638764 0.29830050
vt 0.95638764 0.30903399
vt 0.49671715 0.46729720
vt 0.49735683 0.46198571
vt 0.48502204 0.47145855
vt 0.49019334 0.46415138
vt 0.49735683 0.47182465
vt 0.63392073 0.24194992
vt 0.63598591 0.23389983
vt 0.64280468 0.23549682
vt 0.64361233 0.24194992
vt 0.23753385 0.32018471
vt 0.24477813 0.32724512
vt 0.24889868 0.33915353
vt 0.24077056 0.31595182
vt 0.23010525 0.31350625
vt 0.22547764 0.31962991
vt 0.21215449 0.31983936
vt 0.21240370 0.33131242
vt 0.19658834 0.33460283
vt 0.22548759 0.32449710
vt 0.23579158 0.32524544
vt 0.20300999 0.33712447
vt 0.24353489 0.34212881
vt 0.19642624 0.33859098
vt 0.18634361 0.34212881
vt 0.31645238 0.14767462
vt 0.31200439 0.15342379
vt 0.31870422 0.15622967
vt 0.30727860 0.15764427
vt 0.32123598 0.15105629
vt 0.32215771 0.15987468
vt 0.31697875 0.17731869
vt 0.31699571 0.17164600
vt 0.30814093 0.17168546
vt 0.30616739 0.16644436
vt 0.31518134 0.16501331
vt 0.32290748 0.16669118
vt 0.30658552 0.16196895
vt 0.32290748 0.17754918
vt 0.32056853 0.14713776
vt 0.35465041 0.18451816
vt 0.35550660 0.19225270
vt 0.34834081 0.19245011
vt 0.34571052 0.18712014
vt 0.35524383 0.20207131
vt 0.34376416 0.19602823
vt 0.34522870 0.20164096
vt 0.33470389 0.20620596
vt 0.33197859 0.19573915
vt 0.33716631 0.19300079
vt 0.33519360 0.18751007
vt 0.32632491 0.19267404
vt 0.34247288 0.20796067
vt 0.32536721 0.19946647
vt 0.32706144 0.20135927
vt 0.32174766 0.20640165
vt 0.32478335 0.20796067
vt 0.31585902 0.19692916
vt 0.31932521 0.18712628
vt 0.32826599 0.18381035
vt 0.40274274 0.68612355
vt 0.40136325 0.67463052
vt 0.40638217 0.68177700
vt 0.40529630 0.66511071
vt 0.41203049 0.67077774
vt 0.41467199 0.66055459
vt 0.41806167 0.67451733
vt 0.41806167 0.72314191
vt 0.41283494 0.71871477
vt 0.41479313 0.72584975
vt 0.40646997 0.71603596
vt 0.40180612 0.69902968
vt 0.40132159 0.69339639
vt 0.43060350 0.78304833
vt 0.43567580 0.78615230
vt 0.43436173 0.79016566
vt 0.43307504 0.78130591
vt 0.43121853 0.79357135
vt 0.44008809 0.78705323
vt 0.44008809 0.79740608
vt 0.43039647 0.79533744
vt 0.83607298 0.78846157
vt 0.83127755 0.79109007
vt 0.83958822 0.79740608
vt 0.83154476 0.79740608
vt 0.84449339 0.79305667
vt 0.05947137 0.87350821
vt 0.06668244 0.87795198
vt 0.05987912 0.88148481
vt 0.06070481 0.86806798
vt 0.06727415 0.87468266
vt 0.07273632 0.88148481
vt 0.07444934 0.87651533
vt 0.42334801 0.61042768
vt 0.41975826 0.60367990
vt 0.41672963 0.60674953
vt 0.41982839 0.61556011
vt 0.41300568 0.60241503
vt 0.41099784 0.60885310
vt 0.41491175 0.65462625
vt 0.41932279 0.65115041
vt 0.40939921 0.65530670
vt 0.42334798 0.65642709
vt 0.41004393 0.65966010
vt 0.41571009 0.62784690
vt 0.42111939 0.63094294
vt 0.40674904 0.64172155
vt 0.41067064 0.62608564
vt 0.40396476 0.62881321
vt 0.40610486 0.61940789
vt 0.77644277 0.94756597
vt 0.78017622 0.95483005
vt 0.77576637 0.95247990
vt 0.76431715 0.94951266
vt 0.76897645 0.94233632
vt 0.77737617 0.94214249
vt 0.77421445 0.93915057
vt 0.78017622 0.93694097
vt 0.08197135 0.85960746
vt 0.07458438 0.85554564
vt 0.07470808 0.86295497
vt 0.08942731 0.86695474
vt 0.08620188 0.86209404
vt 0.08346145 0.86690795
vt 0.08620188 0.86851114
vt 0.07961510 0.87334627
vt 0.07444934 0.87096834
vt 0.07594169 0.87790698
vt 0.97310627 0.70796067
vt 0.97181791 0.69901609
vt 0.96543390 0.70093912
vt 0.96431720 0.70796067
vt 0.97841412 0.70438373
vt 0.16901046 0.54348415
vt 0.17532995 0.54695886
vt 0.17966464 0.54037565
vt 0.17491518 0.53936696
vt 0.16737279 0.53705955
vt 0.16079295 0.54314780
vt 0.18184285 0.53190494
vt 0.18281938 0.54586536
vt 0.17551272 0.52931875
vt 0.17979433 0.52370304
vt 0.18281938 0.52383000
vt 0.16432995 0.53046292
vt 0.04096916 0.34660107
vt 0.03752211 0.33765650
vt 0.03278369 0.34284818
vt 0.03215859 0.34660107
vt 0.11780467 0.06001431
vt 0.12290749 0.06216460
vt 0.11762115 0.05325723
vt 0.12290749 0.05053669
vt 0.28502202 0.56610531
vt 0.27749935 0.56734461
vt 0.28105539 0.56042939
vt 0.28388703 0.57110912
vt 0.27221876 0.56286728
vt 0.27092510 0.57110912
vt 0.27962270 0.55679786
vt 0.21646920 0.11376166
vt 0.21634218 0.10639727
vt 0.22136629 0.11296189
vt 0.22381034 0.10589808
vt 0.23039648 0.09794277
vt 0.21453744 0.11860919
vt 0.22345616 0.11689943
vt 0.22248508 0.12298751
vt 0.23039648 0.11795694
vt 0.48061675 0.55411446
vt 0.48942730 0.55411446
vt 0.48517567 0.54785329
vt 0.15991190 0.73343915
vt 0.16528492 0.73302323
vt 0.15996230 0.72837931
vt 0.16784140 0.72495526
vt 0.16784139 0.73926657
vt 0.32110718 0.09168160
vt 0.32186741 0.09805793
vt 0.31321585 0.09709549
vt 0.32466960 0.09223527
vt 0.31414509 0.10240078
vt 0.32466960 0.10241503
vt 0.02715973 0.84159678
vt 0.02911414 0.83948183
vt 0.03644432 0.84270191
vt 0.01894273 0.84182304
vt 0.03958069 0.83707345
vt 0.04703039 0.83497316
vt 0.07547977 0.85339093
vt 0.08035302 0.84168828
vt 0.08676171 0.84463203
vt 0.06278094 0.83936942
vt 0.06376631 0.85638535
vt 0.05417633 0.84525448
vt 0.05496598 0.85512406
vt 0.04591511 0.85256988
vt 0.04515785 0.85733455
vt 0.03044664 0.85049194
vt 0.10289883 0.84540796
vt 0.08914770 0.85236180
vt 0.08309703 0.85297465
vt 0.09708023 0.85180771
vt 0.10599290 0.84958380
vt 0.11356521 0.84480041
vt 0.11406337 0.85188752
vt 0.12443297 0.84455347
vt 0.12192676 0.85285449
vt 0.13266695 0.85461110
vt 0.14079352 0.85536581
vt 0.13765801 0.84453750
vt 0.15094258 0.84454453
vt 0.14963962 0.85733455
vt 0.15638767 0.84884685
vt 0.65725291 0.42123675
vt 0.65165812 0.41804588
vt 0.65154183 0.42750907
vt 0.65595156 0.43115866
vt 0.67401981 0.42402065
vt 0.67193270 0.41224766
vt 0.68631434 0.42340940
vt 0.66496533 0.43306994
vt 0.67602682 0.43575811
vt 0.68046987 0.43216425
vt 0.68111545 0.44308501
vt 0.69144124 0.44477403
vt 0.68650675 0.42986131
vt 0.68786484 0.44948310
vt 0.67996246 0.41490877
vt 0.67671299 0.44604599
vt 0.68838513 0.42650861
vt 0.69207048 0.41531599
vt 0.68533313 0.41288209
vt 0.67933202 0.44899714
vt 0.68162054 0.40563506
vt 0.69207048 0.45214665
vt 0.67561316 0.40832978
vt 0.46740088 0.55858678
vt 0.46069750 0.55232561
vt 0.45770925 0.55858678
vt 0.53354901 0.51616454
vt 0.52981466 0.52370304
vt 0.52643174 0.51688802
vt 0.54091859 0.52162623
vt 0.54088193 0.51386404
vt 0.55072182 0.51828885
vt 0.54751527 0.52308917
vt 0.55359173 0.52370304
vt 0.55636871 0.51869047
vt 0.56980085 0.52129573
vt 0.57136565 0.51486176
vt 0.64096916 0.43978763
vt 0.63683754 0.44115150
vt 0.63303965 0.42959380
vt 0.63555747 0.44767439
vt 0.63998991 0.43242854
vt 0.64096916 0.42441857
vt 0.92290747 0.79114491
vt 0.91909653 0.78488374
vt 0.91409689 0.79114491
vt 0.91922861 0.17754918
vt 0.91497797 0.18828267
vt 0.92026430 0.18828261
vt 0.31497794 0.59883720
vt 0.31321585 0.61210233
vt 0.31497797 0.62889004
vt 0.31388298 0.63640428
vt 0.39251101 0.64729047
vt 0.39436367 0.65429336
vt 0.39691630 0.65345907
vt 0.39691630 0.64177102
vt 0.18436655 0.00406939
vt 0.18423644 0.00801331
vt 0.18971209 0.00930029
vt 0.19515419 0.00313061
vt 0.17753305 0.00677425
vt 0.19515419 0.01475847
vt 0.18085924 0.01286584
vt 0.18955304 0.01318276
vt 0.12648603 0.32423973
vt 0.11625081 0.32960641
vt 0.11321586 0.32658505
vt 0.12995595 0.32960641
vt 0.21928912 0.34600085
vt 0.22370598 0.34825552
vt 0.22216605 0.33855098
vt 0.21453744 0.34050751
vt 0.22687225 0.34120679
vt 0.21984334 0.35017890
vt 0.22670509 0.35017890
vt 0.54511887 0.09883720
vt 0.53949773 0.10509837
vt 0.54835147 0.10509837
vt 0.55286342 0.10090929
vt 0.53700441 0.10175705
vt 0.96255505 0.16234350
vt 0.95759398 0.16608465
vt 0.96255505 0.17299163
vt 0.95638764 0.17350680
vt 0.95815879 0.17754918
vt 0.65418500 0.49239713
vt 0.65771216 0.48431927
vt 0.66123348 0.49124789
vt 0.66123348 0.48345256
vt 0.90792954 0.41636848
vt 0.90375322 0.41152072
vt 0.90503210 0.41612101
vt 0.89799052 0.41618079
vt 0.89647579 0.40464592
vt 0.90124303 0.40384614
vt 0.90792954 0.40416163
vt 0.20226502 0.83711118
vt 0.20679669 0.84451860
vt 0.20026603 0.84161603
vt 0.20925111 0.83851415
vt 0.19635087 0.84676236
vt 0.20060812 0.84823990
vt 0.19578257 0.85196781
vt 0.19502026 0.83742100
vt 0.19334699 0.83924854
vt 0.18775280 0.83982915
vt 0.18944341 0.85073435
vt 0.18062842 0.83923274
vt 0.18219133 0.84819770
vt 0.17130481 0.84159207
vt 0.17361553 0.85196781
vt 0.16903402 0.84767979
vt 0.16607930 0.84256947
vt 0.18209425 0.83272332
vt 0.17678908 0.83484793
vt 0.18803661 0.83228981
vt 0.18281938 0.72853309
vt 0.17751002 0.73216951
vt 0.18281938 0.73926657
vt 0.17665198 0.73018116
vt 0.83477795 0.17486584
vt 0.83127755 0.18202150
vt 0.83832598 0.18202144
vt 0.70231754 0.44452000
vt 0.70055318 0.43885958
vt 0.69559473 0.44229376
vt 0.70528632 0.44333380
vt 0.70528632 0.45035779
vt 0.69564945 0.44806361
vt 0.69586855 0.43604648
vt 0.72571594 0.87366575
vt 0.71602482 0.86806798
vt 0.71876675 0.87493193
vt 0.70881057 0.87093425
vt 0.71103203 0.88148481
vt 0.72731280 0.87140507
vt 0.72508556 0.88148481
vt 0.90206742 0.38953489
vt 0.90264314 0.38321602
vt 0.89471364 0.38093698
vt 0.89653468 0.38733828
vt 0.90206742 0.37432915
vt 0.43718138 0.08601224
vt 0.44560450 0.09084576
vt 0.44881544 0.09849507
vt 0.44288334 0.09729892
vt 0.43202990 0.08657837
vt 0.44585681 0.10887909
vt 0.46123347 0.11042953
vt 0.44511423 0.11314845
vt 0.43419117 0.08171803
vt 0.42210877 0.08028471
vt 0.43805680 0.08288234
vt 0.42559454 0.10519075
vt 0.38616711 0.08885604
vt 0.40088791 0.08582634
vt 0.40098906 0.10366213
vt 0.35505024 0.07697916
vt 0.41385806 0.10315210
vt 0.41488558 0.08651274
vt 0.42327553 0.08778429
vt 0.35467631 0.08430612
vt 0.37885147 0.10291165
vt 0.36735660 0.09807223
vt 0.35896799 0.10572201
vt 0.36483347 0.10785592
vt 0.34424835 0.11019540
vt 0.35107487 0.08219975
vt 0.38251805 0.10546494
vt 0.33413264 0.10715574
vt 0.41866609 0.10788220
vt 0.35280818 0.10272694
vt 0.35561180 0.09792125
vt 0.34390932 0.09710705
vt 0.34810808 0.09335458
vt 0.34204561 0.08825797
vt 0.33573514 0.09144521
vt 0.33712068 0.08064157
vt 0.41068631 0.07676697
vt 0.35093382 0.07468694
vt 0.33125219 0.08698499
vt 0.32731277 0.10410529
vt 0.34135699 0.07832015
vt 0.33341783 0.11314845
vt 0.54140967 0.32960641
vt 0.53436124 0.32378912
vt 0.54140967 0.32245082
vt 0.51517916 0.46042323
vt 0.50799251 0.46049809
vt 0.50857931 0.45402300
vt 0.51336735 0.45139217
vt 0.51383233 0.46564174
vt 0.52004141 0.46624899
vt 0.50440526 0.46501654
vt 0.50695682 0.46824688
vt 0.52494556 0.46344072
vt 0.51941150 0.45733529
vt 0.52339435 0.45901424
vt 0.52699381 0.45680189
vt 0.52055484 0.45123267
vt 0.52731276 0.44677997
vt 0.52407223 0.46824688
vt 0.82370496 0.19420397
vt 0.82273656 0.19874585
vt 0.83106774 0.20796067
vt 0.82329261 0.20223731
vt 0.82585120 0.20769864
vt 0.82808495 0.19182324
vt 0.83480173 0.20242125
vt 0.82456321 0.19145530
vt 0.82571763 0.18291593
vt 0.83480173 0.18522656
vt 0.83381641 0.19511610
vt 0.82129145 0.18779141
vt 0.81277531 0.18957710
vt 0.81494242 0.18424004
vt 0.81396157 0.19401884
vt 0.09559471 0.94079393
vt 0.10264317 0.93962431
vt 0.10264317 0.94677997
vt 0.96079296 0.52807242
vt 0.95671183 0.52571172
vt 0.96048290 0.51956046
vt 0.95527643 0.51923078
vt 0.94530541 0.52157557
vt 0.94821495 0.52817529
vt 0.93524230 0.52807242
vt 0.53700441 0.92978531
vt 0.54317182 0.92978531
vt 0.54266590 0.92084080
vt 0.04692726 0.71981305
vt 0.04047709 0.72455019
vt 0.03480176 0.71779966
vt 0.04978522 0.73837209
vt 0.04575205 0.73542833
vt 0.05248973 0.72998744
vt 0.05441769 0.73672801
vt 0.04841594 0.72751796
vt 0.03830937 0.73448700
vt 0.03940151 0.73803908
vt 0.05030156 0.72367954
vt 0.05643886 0.72572321
vt 0.04591740 0.72272652
vt 0.06319915 0.73007411
vt 0.07092511 0.73803908
vt 0.03604746 0.72326529
vt 0.43656388 0.32960641
vt 0.43448326 0.32513416
vt 0.42599118 0.32960641
vt 0.48107281 0.00044721
vt 0.47352979 0.00079471
vt 0.47869539 0.00775230
vt 0.46997109 0.00385344
vt 0.46828192 0.00939178
vt 0.48374692 0.00939173
vt 0.48766521 0.00289071
vt 0.43732157 0.28232491
vt 0.43832600 0.28756708
vt 0.42863438 0.28756708
vt 0.43290511 0.28041148
vt 0.01013216 0.08720928
vt 0.00279666 0.08094811
vt 0.00220264 0.08720928
vt 0.26265484 0.50223613
vt 0.26470602 0.49630570
vt 0.26035243 0.48755610
vt 0.26957357 0.49021029
vt 0.27268723 0.50111604
vt 0.26762190 0.47695673
vt 0.26097777 0.46922576
vt 0.26882833 0.46879327
vt 0.26635700 0.46198571
vt 0.27268720 0.46266365
vt 0.44185087 0.74992120
vt 0.44361231 0.73969179
vt 0.43927696 0.73926657
vt 0.43436393 0.74068767
vt 0.43197149 0.74864960
vt 0.43765464 0.75781208
vt 0.44361234 0.75864273
vt 0.42984480 0.75830632
vt 0.43301195 0.76252234
vt 0.42645064 0.75163037
vt 0.42334801 0.75917727
vt 0.79797721 0.63946712
vt 0.80417740 0.63672507
vt 0.79837757 0.64317185
vt 0.81118238 0.63207012
vt 0.80285674 0.62785107
vt 0.78683782 0.63380855
vt 0.79312706 0.62138671
vt 0.79121953 0.64717537
vt 0.77835488 0.64563704
vt 0.79326731 0.64981174
vt 0.67679924 0.63424170
vt 0.66166842 0.63118070
vt 0.66200507 0.62209409
vt 0.65604621 0.62331432
vt 0.67928904 0.62229210
vt 0.68875372 0.63387269
vt 0.70061404 0.60923570
vt 0.68583471 0.60755831
vt 0.68508452 0.63941693
vt 0.70886624 0.63661551
vt 0.69554538 0.64403909
vt 0.71781969 0.61159432
vt 0.70661467 0.65099496
vt 0.71490175 0.65613526
vt 0.73671407 0.63849097
vt 0.75027233 0.65870875
vt 0.76325190 0.65939659
vt 0.75437474 0.63964045
vt 0.74056548 0.61516452
vt 0.75907236 0.67893785
vt 0.76987463 0.64487582
vt 0.72686976 0.66083944
vt 0.74174619 0.66798002
vt 0.76026928 0.63260227
vt 0.78004032 0.63268888
vt 0.78241265 0.65690756
vt 0.78044134 0.66393489
vt 0.70631838 0.58800650
vt 0.68932825 0.59173769
vt 0.72858739 0.59731740
vt 0.75741249 0.58006608
vt 0.73319417 0.57870126
vt 0.76414305 0.62544173
vt 0.76959068 0.67321414
vt 0.74515247 0.56928831
vt 0.76103491 0.55294681
vt 0.77997363 0.60947078
vt 0.74763674 0.67835677
vt 0.76878691 0.69095719
vt 0.76764327 0.71989810
vt 0.73740762 0.69681889
vt 0.72869027 0.66740257
vt 0.71975768 0.66339087
vt 0.71652693 0.68471205
vt 0.71106017 0.65937710
vt 0.69573367 0.66381401
vt 0.77880353 0.68298984
vt 0.77181756 0.57614839
vt 0.77428663 0.54951024
vt 0.78873998 0.62087917
vt 0.78514445 0.66569471
vt 0.66776019 0.60454994
vt 0.64819217 0.60813975
vt 0.64945191 0.61817896
vt 0.74971819 0.55379850
vt 0.72933698 0.56700385
vt 0.64337528 0.60866433
vt 0.78369963 0.57408923
vt 0.79337943 0.60169423
vt 0.64612371 0.58556849
vt 0.64200670 0.60170072
vt 0.63775462 0.59794295
vt 0.63265926 0.59266239
vt 0.66946006 0.58581662
vt 0.71082610 0.70465732
vt 0.73726672 0.72708422
vt 0.68983561 0.69740462
vt 0.69651365 0.67622906
vt 0.67352557 0.69138777
vt 0.66376555 0.65984935
vt 0.64881217 0.67516142
vt 0.70108140 0.65319419
vt 0.75881994 0.74284434
vt 0.63733113 0.64773297
vt 0.58555001 0.65440643
vt 0.60765141 0.63086772
vt 0.59737498 0.62630284
vt 0.55558538 0.63676023
vt 0.51804739 0.66245610
vt 0.50532192 0.64755118
vt 0.46384853 0.67129141
vt 0.43332711 0.65284801
vt 0.43650094 0.67556405
vt 0.46496716 0.61135811
vt 0.43105817 0.63809758
vt 0.51117617 0.63440782
vt 0.56152463 0.60062343
vt 0.50010520 0.61025459
vt 0.51326740 0.60924298
vt 0.42787361 0.61189359
vt 0.44220653 0.70292276
vt 0.50970793 0.68633544
vt 0.57647932 0.67577451
vt 0.59028280 0.61434358
vt 0.61658782 0.62934041
vt 0.58511329 0.59274650
vt 0.55278701 0.58481520
vt 0.59391367 0.59979337
vt 0.47889113 0.71437305
vt 0.44469282 0.71756214
vt 0.52655107 0.72802812
vt 0.55557477 0.72309661
vt 0.55549663 0.69459128
vt 0.58862573 0.71851832
vt 0.60710049 0.69977099
vt 0.63214195 0.71662176
vt 0.47315016 0.73649269
vt 0.61869991 0.67594022
vt 0.65860325 0.71534467
vt 0.67523253 0.71367991
vt 0.45115095 0.74284434
vt 0.79732603 0.66009289
vt 0.57617950 0.58594316
vt 0.56481743 0.57866538
vt 0.55361444 0.57109118
vt 0.51655895 0.54952210
vt 0.52129614 0.56810856
vt 0.50422609 0.55935198
vt 0.53503281 0.58399320
vt 0.51980972 0.57796711
vt 0.54162449 0.55996686
vt 0.52847922 0.54924458
vt 0.69118190 0.58136249
vt 0.63456422 0.63696063
vt 0.69167417 0.64923245
vt 0.70984298 0.72072440
vt 0.75131726 0.53441685
vt 0.73468924 0.54184496
vt 0.73509818 0.55057031
vt 0.72457129 0.54849476
vt 0.71091437 0.52448142
vt 0.68516862 0.51901293
vt 0.68657923 0.50440198
vt 0.69375736 0.49336696
vt 0.71735007 0.51572013
vt 0.74093819 0.52750915
vt 0.67640716 0.50538212
vt 0.72492999 0.51040685
vt 0.69925392 0.48585868
vt 0.52044928 0.54369140
vt 0.50275755 0.55146545
vt 0.50591689 0.57038140
vt 0.72903037 0.55726093
vt 0.71562004 0.56529176
vt 0.49813738 0.59296578
vt 0.42522526 0.58953255
vt 0.42674863 0.60761380
vt 0.46108624 0.59150696
vt 0.47227752 0.57174385
vt 0.69711882 0.53552628
vt 0.65619904 0.57145995
vt 0.67478573 0.56384444
vt 0.63682169 0.57162744
vt 0.66850954 0.51570451
vt 0.80276990 0.61274916
vt 0.69480520 0.56652892
vt 0.68537629 0.49300772
vt 0.66962653 0.49078894
vt 0.67264646 0.48116231
vt 0.66139644 0.48118281
vt 0.66984034 0.46755373
vt 0.67669749 0.47276777
vt 0.64283174 0.47008002
vt 0.65034878 0.45924973
vt 0.62483609 0.44805145
vt 0.61574483 0.45941138
vt 0.59815717 0.44115281
vt 0.56942999 0.44358695
vt 0.57256585 0.43336314
vt 0.68682909 0.48084617
vt 0.69287282 0.48530281
vt 0.49038526 0.56406194
vt 0.65202647 0.55960321
vt 0.62992662 0.55516678
vt 0.44763017 0.57079315
vt 0.42398140 0.57619560
vt 0.80198848 0.62430912
vt 0.60865730 0.55100441
vt 0.42293349 0.56483519
vt 0.46631393 0.56302464
vt 0.64631009 0.64281702
vt 0.76267821 0.53386235
vt 0.80770290 0.59612757
vt 0.68616724 0.52993917
vt 0.75481969 0.52235872
vt 0.44544235 0.56148958
vt 0.72974879 0.50299805
vt 0.70363003 0.47983146
vt 0.67551565 0.65324092
vt 0.67642146 0.64160806
vt 0.66572654 0.63647854
vt 0.71298891 0.54677141
vt 0.78364062 0.54603517
vt 0.79720873 0.57107723
vt 0.67072237 0.50441879
vt 0.81541848 0.60399723
vt 0.81477660 0.60860407
vt 0.77328855 0.52975959
vt 0.76455158 0.51825863
vt 0.72113711 0.48061860
vt 0.42158592 0.55848163
vt 0.74094784 0.49673700
vt 0.70944732 0.46906370
vt 0.79448611 0.67379206
vt 0.78851593 0.67498845
vt 0.70641440 0.40588677
vt 0.71286392 0.40679801
vt 0.70533520 0.41293716
vt 0.69911897 0.41239917
vt 0.70774704 0.41717196
vt 0.71526593 0.41687810
vt 0.72093970 0.41199887
vt 0.69920057 0.40249956
vt 0.70572340 0.39937389
vt 0.72058755 0.42060882
vt 0.72704911 0.41598719
vt 0.73083699 0.42262971
vt 0.70010149 0.42098963
vt 0.70981127 0.42262971
vt 0.87844020 0.47271913
vt 0.87316030 0.47794557
vt 0.87179238 0.47430879
vt 0.88072103 0.47898632
vt 0.88035321 0.48230803
vt 0.88291883 0.48434705
vt 0.86916298 0.48434705
vt 0.88678414 0.48044300
vt 0.22265300 0.24026227
vt 0.22775331 0.23300534
vt 0.22116584 0.23513591
vt 0.21894273 0.24078196
vt 0.22775331 0.24194992
vt 0.18229730 0.12601203
vt 0.18810573 0.12602746
vt 0.17577092 0.11837161
vt 0.17897688 0.12794077
vt 0.18371181 0.13372093
vt 0.17786358 0.11668706
vt 0.17578502 0.13162673
vt 0.18810573 0.11388671
vt 0.18217519 0.11046511
vt 0.08936241 0.04964221
vt 0.09031275 0.05617952
vt 0.09465438 0.05151230
vt 0.09471366 0.05679786
vt 0.08590309 0.05679786
vt 0.44061294 0.94763869
vt 0.43493566 0.94848663
vt 0.44176680 0.95626539
vt 0.42590272 0.95511961
vt 0.43127537 0.94352466
vt 0.42621273 0.94735897
vt 0.42470643 0.94391435
vt 0.44229153 0.94436693
vt 0.43773362 0.93962431
vt 0.43478367 0.96357554
vt 0.44361234 0.96136016
vt 0.42752394 0.96693283
vt 0.43350509 0.96767843
vt 0.42633620 0.97457695
vt 0.42079833 0.96288997
vt 0.41940579 0.96492213
vt 0.41682681 0.95933026
vt 0.42330739 0.95806766
vt 0.41550940 0.95959055
vt 0.41826856 0.97094858
vt 0.42033550 0.97947472
vt 0.41277534 0.97589427
vt 0.42491782 0.98621154
vt 0.41824761 0.95677567
vt 0.43515727 0.98174143
vt 0.43674299 0.98617482
vt 0.43767262 0.98082590
vt 0.43716869 0.97100621
vt 0.44361234 0.98703039
vt 0.41606307 0.95532250
vt 0.00748899 0.90551496
vt 0.00751825 0.89669055
vt 0.01189427 0.89923555
vt 0.01189427 0.90921289
vt 0.88061672 0.84928441
vt 0.88942730 0.84928441
vt 0.88568032 0.84391773
vt 0.85199422 0.65693760
vt 0.85518157 0.65149701
vt 0.84695297 0.65383577
vt 0.84913439 0.66388583
vt 0.85220504 0.66179240
vt 0.85594714 0.66183722
vt 0.85300398 0.64884973
vt 0.83163083 0.64767867
vt 0.82863438 0.65118343
vt 0.83193356 0.65373284
vt 0.83037752 0.66211450
vt 0.83554453 0.66767997
vt 0.82877845 0.67176157
vt 0.83582252 0.67754918
vt 0.84102702 0.67643893
vt 0.84418708 0.67087102
vt 0.84044808 0.64823002
vt 0.83636117 0.64801317
vt 0.83841145 0.64239246
vt 0.84969074 0.64716285
vt 0.84967619 0.63659430
vt 0.85594714 0.63799089
vt 0.84490639 0.63326800
vt 0.83724487 0.63517570
vt 0.83980781 0.62692404
vt 0.84856057 0.62946248
vt 0.83118713 0.63993251
vt 0.82964635 0.63356537
vt 0.83471382 0.62187093
vt 0.84379762 0.61493737
vt 0.19518524 0.23276567
vt 0.19968213 0.23363560
vt 0.19575223 0.23874021
vt 0.18939903 0.23475426
vt 0.18898678 0.24016100
vt 0.19971472 0.22584975
vt 0.20248286 0.24016100
vt 0.21365638 0.22871208
vt 0.21296817 0.23486996
vt 0.54757708 0.83855098
vt 0.55726874 0.83855098
vt 0.55218256 0.83407873
vt 0.91674006 0.02012521
vt 0.92202646 0.02012521
vt 0.92076272 0.01207513
vt 0.20572688 0.00134170
vt 0.20572688 0.00760287
vt 0.19867842 0.00421929
vt 0.45110756 0.76878357
vt 0.45098564 0.77371591
vt 0.44266322 0.77054912
vt 0.44185022 0.77415025
vt 0.45682821 0.77415025
vt 0.89605469 0.74317414
vt 0.90180421 0.74641412
vt 0.89930755 0.74016100
vt 0.90704846 0.74236536
vt 0.89559472 0.74882841
vt 0.90102339 0.75360113
vt 0.89928705 0.75805008
vt 0.90704846 0.74890089
vt 0.59603524 0.47093022
vt 0.59339207 0.46187449
vt 0.59603524 0.45483005
vt 0.99515420 0.82871199
vt 0.98757541 0.82794821
vt 0.98988718 0.82273030
vt 0.98252618 0.82578522
vt 0.98061252 0.82871199
vt 0.97576493 0.82320309
vt 0.96872246 0.82236910
vt 0.97552013 0.81941789
vt 0.98229271 0.82070434
vt 0.97854197 0.81890923
vt 0.98596859 0.81529516
vt 0.55892068 0.85322821
vt 0.55465877 0.84768969
vt 0.56025010 0.84999102
vt 0.55856323 0.84212881
vt 0.56960350 0.85644007
vt 0.55336487 0.84977609
vt 0.55414551 0.85644007
vt 0.55087519 0.84355515
vt 0.54275131 0.85250825
vt 0.54229075 0.84843689
vt 0.56852216 0.84475118
vt 0.86262959 0.65010160
vt 0.86123347 0.65608227
vt 0.86828196 0.65608227
vt 0.86827290 0.64892668
vt 0.74140972 0.31056297
vt 0.74757707 0.30893147
vt 0.74749643 0.31673354
vt 0.74198467 0.31887299
vt 0.74749643 0.30635059
vt 0.82461017 0.15339893
vt 0.82649505 0.14620119
vt 0.83087903 0.15173596
vt 0.81956714 0.14468569
vt 0.82863194 0.13372093
vt 0.81806165 0.13750219
vt 0.82948667 0.14007825
vt 0.83961976 0.13796961
vt 0.84736401 0.13587773
vt 0.85751218 0.14407980
vt 0.84724253 0.14559776
vt 0.85531598 0.15001917
vt 0.86235189 0.15190065
vt 0.87145621 0.15339893
vt 0.86718428 0.14195108
vt 0.87809372 0.15218681
vt 0.87869138 0.14486951
vt 0.88590306 0.14984494
vt 0.60801822 0.49418604
vt 0.61053491 0.48801100
vt 0.61454391 0.49418604
vt 0.61741155 0.49156010
vt 0.61894274 0.48465502
vt 0.60748899 0.47987479
vt 0.72995597 0.86627907
vt 0.73219943 0.86091232
vt 0.73960876 0.86238873
vt 0.73964757 0.86627907
vt 0.80934995 0.19007158
vt 0.80660790 0.19722718
vt 0.81277531 0.19722718
vt 0.38722467 0.48255813
vt 0.39691630 0.48255813
vt 0.39289567 0.47808588
vt 0.91321588 0.02101970
vt 0.90969163 0.01706845
vt 0.91321588 0.00939178
vt 0.93020576 0.17909163
vt 0.92644805 0.17472863
vt 0.93436122 0.17414075
vt 0.92378855 0.18094075
vt 0.93186378 0.16949910
vt 0.92780471 0.18381035
vt 0.93436122 0.18262196
vt 0.99955946 0.81049979
vt 0.99708796 0.81261182
vt 0.99137956 0.80024654
vt 0.97771472 0.80976534
vt 0.98322433 0.80361366
vt 0.96364766 0.80582255
vt 0.96317995 0.81261182
vt 0.97025430 0.79830056
vt 0.95903087 0.80465335
vt 0.40014875 0.34302330
vt 0.39867842 0.33540010
vt 0.40219045 0.33818817
vt 0.40572688 0.34290075
vt 0.40572688 0.32960641
vt 0.75814980 0.86538464
vt 0.76487952 0.86081904
vt 0.76636368 0.86330962
vt 0.76089227 0.85807443
vt 0.75821733 0.85425818
vt 0.77255261 0.86128098
vt 0.77312773 0.86538464
vt 0.76061910 0.84928441
vt 0.20866261 0.82908231
vt 0.20748898 0.83407873
vt 0.21481073 0.83407873
vt 0.21256280 0.82692307
vt 0.22334802 0.83032322
vt 0.16255507 0.91010731
vt 0.16255507 0.91905189
vt 0.15814978 0.91584885
vt 0.36784142 0.01296961
vt 0.36328104 0.00939178
vt 0.35550660 0.01296955
vt 0.38281938 0.84212881
vt 0.39074889 0.84212881
vt 0.38758951 0.83676207
vt 0.29984474 0.62222797
vt 0.29866189 0.62859917
vt 0.29259527 0.62822062
vt 0.29696065 0.61656797
vt 0.30510211 0.61715996
vt 0.30881056 0.62600791
vt 0.30715513 0.63103759
vt 0.28494436 0.61373174
vt 0.28755262 0.62124282
vt 0.28241068 0.62453622
vt 0.29117641 0.61233097
vt 0.27865705 0.61869413
vt 0.27775344 0.61492085
vt 0.27596375 0.62316102
vt 0.27776945 0.62693781
vt 0.27109367 0.63103759
vt 0.26828194 0.62651390
vt 0.27305183 0.61812347
vt 0.29594448 0.61225402
vt 0.65859032 0.45751345
vt 0.65498233 0.44946337
vt 0.65330398 0.45751345
vt 0.36167401 0.07130444
vt 0.35652655 0.07078141
vt 0.35602742 0.06395352
vt 0.34234414 0.07050461
vt 0.33771133 0.06764507
vt 0.34824497 0.06666136
vt 0.33524230 0.07130444
vt 0.35052022 0.07200360
vt 0.76868403 0.74755466
vt 0.76411128 0.74491239
vt 0.76883221 0.74016100
vt 0.77224672 0.74217153
vt 0.76189733 0.75000000
vt 0.77208114 0.74999994
vt 0.75991189 0.74578178
vt 0.02775330 0.68041050
vt 0.02343265 0.67658997
vt 0.01997132 0.67980665
vt 0.02616191 0.68470484
vt 0.01541850 0.67391837
vt 0.02227536 0.66930908
vt 0.02775330 0.66681576
vt 0.02024257 0.66795492
vt 0.99162996 0.63908768
vt 0.98634362 0.63329792
vt 0.99162996 0.63193202
vt 0.96960354 0.34033990
vt 0.96255505 0.33709311
vt 0.96960354 0.33497316
vt 0.13675041 0.37819326
vt 0.13057229 0.38112998
vt 0.13040195 0.37676454
vt 0.13267043 0.37254024
vt 0.13709238 0.38416815
vt 0.14581499 0.38416815
vt 0.14008157 0.37325543
vt 0.14442325 0.37831652
vt 0.12466960 0.37461305
vt 0.50616741 0.74159068
vt 0.50969166 0.73300534
vt 0.50969166 0.74373883
vt 0.68130261 0.55320925
vt 0.66799796 0.54363453
vt 0.68854624 0.55590338
vt 0.66347301 0.54764676
vt 0.67968887 0.53914005
vt 0.65881163 0.53175312
vt 0.65487885 0.54131532
vt 0.65485394 0.55293679
vt 0.64889866 0.55590338
vt 0.82868588 0.94946331
vt 0.82158589 0.95304114
vt 0.83127755 0.95304114
vt 0.39515418 0.18958569
vt 0.40044051 0.18470484
vt 0.40044051 0.19186044
vt 0.77841300 0.31658190
vt 0.77615249 0.32297045
vt 0.78123212 0.31904417
vt 0.78207630 0.31471527
vt 0.77150273 0.32146633
vt 0.76567858 0.33225954
vt 0.77584416 0.33013082
vt 0.77007663 0.33695525
vt 0.77882260 0.32878613
vt 0.77559096 0.31440067
vt 0.77497858 0.33996069
vt 0.77064079 0.34256446
vt 0.78207636 0.34391773
vt 0.78281939 0.33612037
vt 0.76343614 0.32694244
vt 0.76522785 0.31626987
vt 0.77097672 0.31717467
vt 0.87634349 0.11294615
vt 0.86944890 0.11527097
vt 0.86847109 0.11090469
vt 0.87082815 0.10661858
vt 0.88055009 0.10766906
vt 0.87819672 0.10033870
vt 0.86763757 0.09973168
vt 0.87621158 0.11836725
vt 0.86755568 0.12188482
vt 0.85831892 0.11818445
vt 0.86180604 0.12951118
vt 0.85635692 0.12426645
vt 0.88499188 0.11704075
vt 0.85594714 0.13103759
vt 0.88420427 0.12152582
vt 0.88854623 0.12391794
vt 0.87114400 0.12479997
vt 0.86410987 0.10303032
vt 0.88054723 0.13103759
vt 0.88203305 0.11479777
vt 0.88530421 0.11071086
vt 0.22471495 0.55147374
vt 0.21912745 0.55322003
vt 0.22061260 0.54699242
vt 0.22467820 0.54427546
vt 0.21541850 0.55042630
vt 0.23553327 0.55042630
vt 0.23744494 0.54664755
vt 0.70507681 0.93425763
vt 0.70088106 0.93783540
vt 0.71233481 0.93783540
vt 0.10176212 0.74016100
vt 0.09115979 0.73837209
vt 0.08149780 0.74016100
vt 0.35550660 0.31261182
vt 0.35198238 0.30235761
vt 0.35550660 0.30187833
vt 0.12907489 0.06663686
vt 0.13700441 0.06663686
vt 0.13337852 0.06216460
vt 0.32555068 0.61682743
vt 0.32995594 0.61998159
vt 0.32995594 0.61225402
vt 0.32632831 0.62567085
vt 0.05649373 0.46198571
vt 0.06221388 0.46656883
vt 0.05863972 0.46885037
vt 0.05062659 0.46342325
vt 0.07092511 0.47271913
vt 0.04801762 0.47271913
vt 0.05268403 0.47170734
vt 0.81973302 0.58994627
vt 0.82189244 0.60019171
vt 0.82246697 0.58876038
vt 0.82246697 0.60330945
vt 0.81594735 0.58631486
vt 0.81541848 0.59584045
vt 0.00794598 0.27889943
vt 0.01054940 0.27636242
vt 0.01148702 0.28126919
vt 0.00572687 0.28309476
vt 0.01805048 0.28184170
vt 0.02051657 0.27057242
vt 0.02937943 0.27744532
vt 0.02580113 0.28309482
vt 0.03656388 0.27618515
vt 0.02572247 0.27122676
vt 0.10980308 0.99829996
vt 0.12041814 0.99492788
vt 0.11796588 0.99865830
vt 0.13154246 0.99098384
vt 0.10499670 0.99057800
vt 0.09460573 0.97922456
vt 0.09999838 0.97304362
vt 0.09719004 0.99231428
vt 0.11681365 0.98621696
vt 0.10928499 0.98429090
vt 0.08723192 0.97221577
vt 0.10741206 0.95976079
vt 0.12510179 0.95807475
vt 0.12003797 0.96753335
vt 0.10357912 0.96976203
vt 0.10656907 0.95135880
vt 0.14655530 0.96429235
vt 0.14386103 0.98551327
vt 0.15678708 0.98049635
vt 0.11823409 0.94050765
vt 0.15531710 0.95343256
vt 0.14094387 0.94306195
vt 0.16697791 0.95939088
vt 0.16672495 0.99341816
vt 0.17219999 0.98185587
vt 0.15158433 0.99478143
vt 0.11562674 0.92931706
vt 0.14363357 0.92894733
vt 0.10782760 0.94312727
vt 0.10842758 0.93321234
vt 0.10447817 0.93946767
vt 0.09453476 0.96784365
vt 0.19853653 0.99665380
vt 0.20660792 0.98710567
vt 0.15112612 0.94117761
vt 0.17933126 0.96858829
vt 0.14635849 0.93547219
vt 0.18312442 0.99865830
vt 0.20086165 0.97563607
vt 0.20583382 0.99790996
vt 0.10996894 0.92786193
vt 0.10251087 0.93387830
vt 0.15202174 0.92616743
vt 0.13273713 0.92123199
vt 0.11581635 0.91815740
vt 0.16462380 0.94121802
vt 0.15996639 0.93339229
vt 0.14967100 0.93632221
vt 0.10088298 0.96066058
vt 0.09726877 0.95054537
vt 0.09531409 0.95850134
vt 0.09866636 0.94856274
vt 0.15075676 0.92069829
vt 0.09006993 0.96278393
vt 0.09308030 0.94161677
vt 0.09009990 0.95555496
vt 0.08581483 0.94873977
vt 0.08256992 0.95489001
vt 0.08205982 0.95182669
vt 0.07649631 0.94565415
vt 0.07004406 0.93876189
vt 0.07785276 0.95730227
vt 0.08288422 0.96132368
vt 0.07688249 0.96525550
vt 0.08856012 0.96100670
vt 0.08575683 0.96807349
vt 0.08415558 0.97306383
vt 0.08121233 0.93436933
vt 0.09568028 0.95415604
vt 0.07127639 0.93062693
vt 0.24977973 0.12030411
vt 0.24713656 0.12496096
vt 0.24977973 0.13282645
vt 0.24750845 0.13192266
vt 0.76960355 0.35878557
vt 0.77419293 0.36004519
vt 0.76974988 0.36552244
vt 0.77665198 0.35554564
vt 0.77665198 0.36717355
vt 0.13281915 0.24752569
vt 0.12434355 0.24963450
vt 0.12258317 0.24669367
vt 0.11757153 0.25178891
vt 0.13692544 0.25178891
vt 0.12322611 0.23896706
vt 0.13876885 0.23770434
vt 0.11546402 0.24421209
vt 0.11519826 0.23487556
vt 0.12149529 0.22858942
vt 0.13225499 0.23076022
vt 0.13189450 0.22584975
vt 0.14845815 0.23241186
vt 0.10528634 0.23793280
vt 0.11192082 0.23138750
vt 0.14630328 0.23715234
vt 0.14372811 0.24385482
vt 0.02266937 0.94914699
vt 0.02899036 0.94767439
vt 0.02951542 0.95282137
vt 0.02158590 0.95617259
vt 0.02899039 0.96109122
vt 0.62487417 0.84838998
vt 0.61767215 0.84575897
vt 0.62511015 0.84401590
vt 0.62240142 0.84212881
vt 0.61718065 0.84838992
vt 0.28237885 0.31082290
vt 0.27797356 0.31048048
vt 0.28237885 0.30366731
vt 0.07057023 0.06390059
vt 0.06965443 0.07087028
vt 0.06640623 0.06934577
vt 0.06623192 0.05450487
vt 0.07357793 0.05143112
vt 0.07310331 0.07744473
vt 0.06564387 0.08087987
vt 0.07427707 0.09456003
vt 0.10703713 0.09115326
vt 0.12941171 0.08460057
vt 0.14341673 0.09064054
vt 0.14590639 0.08169222
vt 0.16331537 0.09046519
vt 0.11852594 0.07620871
vt 0.09166104 0.07262892
vt 0.13322419 0.07155949
vt 0.08615963 0.09398735
vt 0.07829971 0.07017082
vt 0.17051506 0.08467448
vt 0.18305410 0.09495270
vt 0.17214631 0.10748911
vt 0.20023291 0.10073894
vt 0.19833477 0.10901284
vt 0.21365638 0.11135960
vt 0.21327980 0.09874225
vt 0.06874199 0.10015947
vt 0.11816933 0.06760663
vt 0.06138892 0.09140861
vt 0.04863797 0.07582414
vt 0.04493321 0.09234464
vt 0.03534844 0.08363205
vt 0.02621606 0.07526338
vt 0.05082262 0.10027057
vt 0.02083279 0.06978583
vt 0.05418736 0.10819560
vt 0.06732345 0.10815716
vt 0.03646745 0.06536978
vt 0.05105662 0.06114268
vt 0.14307576 0.07137668
vt 0.08894131 0.06395990
vt 0.19335735 0.09075576
vt 0.17897952 0.08146310
vt 0.18993311 0.08692807
vt 0.21226442 0.09076440
vt 0.18713322 0.08393878
vt 0.00837004 0.06200832
vt 0.07863703 0.11135960
vt 0.29446042 0.58989269
vt 0.28942731 0.59525937
vt 0.29471365 0.59525937
vt 0.97136563 0.22031915
vt 0.97488987 0.21601075
vt 0.97488987 0.22495526
vt 0.44449338 0.97898030
vt 0.44008809 0.97638309
vt 0.44449338 0.97182471
vt 0.53436124 0.93425763
vt 0.53436124 0.93872988
vt 0.52731276 0.93756181
vt 0.24041334 0.22560310
vt 0.24449340 0.23032200
vt 0.24449340 0.22316635
vt 0.23547998 0.22802132
vt 0.23392071 0.22388887
vt 0.76784140 0.42173523
vt 0.76512492 0.41636848
vt 0.76167399 0.42173523
vt 0.86385405 0.40474057
vt 0.86211455 0.40831840
vt 0.87180614 0.40831840
vt 0.93083698 0.62835419
vt 0.92445773 0.62567085
vt 0.91850221 0.62835419
vt 0.24461178 0.60808301
vt 0.24438637 0.61158198
vt 0.23679245 0.60916668
vt 0.23853639 0.61620396
vt 0.25091657 0.61700225
vt 0.26617447 0.61540610
vt 0.26651981 0.61940968
vt 0.22775331 0.61294937
vt 0.22845566 0.61940968
vt 0.26180956 0.60910600
vt 0.24490899 0.60509837
vt 0.87797356 0.08899820
vt 0.87797356 0.09704828
vt 0.87444931 0.09349936
vt 0.10176212 0.92441863
vt 0.09470629 0.92626470
vt 0.09557329 0.93013680
vt 0.10022709 0.93067980
vt 0.09118943 0.93067980
vt 0.24713656 0.30433714
vt 0.25066081 0.30008948
vt 0.25066081 0.30813956
vt 0.34322637 0.52906978
vt 0.34845814 0.53159392
vt 0.34382960 0.53466642
vt 0.34845814 0.53966528
vt 0.34183836 0.53980321
vt 0.34052864 0.53503430
vt 0.30969164 0.33050090
vt 0.30518785 0.32781756
vt 0.30088106 0.33050090
vt 0.55752486 0.45125222
vt 0.56079292 0.44827485
vt 0.55245304 0.44886655
vt 0.56079292 0.43962431
vt 0.55198240 0.44319868
vt 0.29870820 0.90549326
vt 0.30095699 0.90205723
vt 0.30616739 0.90652955
vt 0.29118943 0.90652955
vt 0.32202643 0.83050090
vt 0.31701148 0.82602865
vt 0.31674010 0.83050090
vt 0.59912133 0.87372756
vt 0.60130399 0.87656271
vt 0.60484582 0.87343472
vt 0.59603524 0.87801665
vt 0.60484582 0.87969589
vt 0.04076153 0.11135960
vt 0.04422563 0.10709643
vt 0.04625551 0.11127132
vt 0.03093280 0.11127132
vt 0.02775330 0.10507768
vt 0.03337823 0.10062611
vt 0.04345808 0.10105348
vt 0.24185023 0.46019679
vt 0.24185023 0.46377456
vt 0.23568282 0.46316057
vt 0.43656388 0.86101890
vt 0.43832600 0.85196781
vt 0.43832600 0.86985689
vt 0.83303964 0.74183303
vt 0.83576763 0.74731666
vt 0.83366722 0.73690498
vt 0.84385711 0.74328595
vt 0.84358454 0.74667585
vt 0.84114844 0.73479426
vt 0.84826553 0.74367607
vt 0.85242289 0.74731666
vt 0.29647577 0.93414003
vt 0.30000001 0.93246871
vt 0.30000001 0.93962431
vt 0.78281939 0.95921105
vt 0.78634363 0.95483005
vt 0.78634363 0.96109122
vt 0.40088502 0.72853309
vt 0.40132159 0.71607012
vt 0.39955947 0.71607715
vt 0.40088502 0.70974958
vt 0.97136563 0.12711084
vt 0.96795595 0.12924868
vt 0.96535945 0.12583530
vt 0.96508080 0.11732078
vt 0.96036428 0.11716086
vt 0.95022029 0.12374699
vt 0.95076662 0.12924868
vt 0.95924914 0.10599285
vt 0.95645380 0.10930419
vt 0.95317471 0.10610670
vt 0.96618772 0.11343819
vt 0.82863438 0.02645057
vt 0.82769316 0.03371674
vt 0.82863438 0.04516995
vt 0.82357436 0.02326030
vt 0.82732511 0.00909442
vt 0.82005006 0.01165658
vt 0.82225025 0.00223613
vt 0.81860125 0.00254416
vt 0.81453747 0.03123766
vt 0.00308370 0.86627907
vt 0.01101322 0.86627907
vt 0.00777255 0.86359572
vt 0.15514746 0.71605301
vt 0.15814978 0.71064401
vt 0.15462555 0.71099883
vt 0.15814978 0.71690518
vt 0.02158590 0.85015380
vt 0.01982379 0.85465115
vt 0.01982379 0.84481215
vt 0.77841407 0.48166370
vt 0.77929515 0.48517847
vt 0.77841407 0.48971379
vt 0.02951542 0.34660107
vt 0.02951542 0.38315123
vt 0.01101322 0.36440790
vt 0.01271118 0.39311266
vt 0.97400880 0.67545867
vt 0.99762267 0.66949910
vt 0.99779737 0.69102287
vt 0.97830194 0.69846308
vt 0.99762267 0.70706618
vt 0.86216164 0.95027745
vt 0.84637421 0.93902946
vt 0.88165569 0.93394566
vt 0.85381657 0.93264920
vt 0.88502204 0.94759327
vt 0.83558434 0.93367773
vt 0.82900405 0.94718385
vt 0.84068048 0.94904548
vt 0.85140967 0.95125222
vt 0.82300562 0.93246871
vt 0.82002813 0.94783491
vt 0.80837005 0.94563949
vt 0.81883723 0.95125222
vt 0.14297171 0.12149328
vt 0.12867469 0.11364532
vt 0.15316212 0.09879005
vt 0.14844926 0.12937480
vt 0.13503239 0.10068083
vt 0.16441417 0.10614806
vt 0.11570850 0.10689175
vt 0.11096082 0.11885977
vt 0.10176212 0.11408854
vt 0.17111918 0.12073934
vt 0.12529008 0.13067281
vt 0.16160682 0.13583225
vt 0.14157259 0.13773763
vt 0.11771048 0.13908768
vt 0.15899152 0.09794277
vt 0.17038833 0.12674057
vt 0.17753305 0.13908768
vt 0.31938326 0.36449015
vt 0.33404148 0.35547221
vt 0.35110131 0.36449015
vt 0.34851408 0.35107338
vt 0.99328011 0.61530513
vt 0.97973108 0.58858037
vt 0.99476558 0.63475811
vt 0.99911326 0.63538486
vt 0.98952639 0.59987813
vt 0.99641144 0.60104078
vt 0.99505973 0.59467113
vt 0.98087722 0.58676422
vt 0.99870145 0.60604954
vt 0.98128301 0.58344120
vt 0.98931557 0.58228827
vt 0.98274207 0.57201707
vt 0.97864294 0.57114983
vt 0.97665197 0.56212246
vt 0.98524672 0.56072247
vt 0.98950821 0.57195914
vt 0.98825347 0.57730490
vt 0.98052126 0.54899275
vt 0.98846895 0.53848934
vt 0.98161268 0.53180319
vt 0.99124998 0.52760488
vt 0.99382722 0.51788419
vt 0.98650384 0.51647711
vt 0.99955946 0.50313061
vt 0.99955946 0.63908768
vt 0.88678414 0.85375673
vt 0.89450008 0.87992406
vt 0.89768612 0.87510687
vt 0.90440530 0.88340491
vt 0.90007216 0.88774598
vt 0.90440530 0.85496199
vt 0.89681405 0.85944861
vt 0.90407652 0.87453383
vt 0.89232743 0.85700369
vt 0.50300455 0.33224469
vt 0.50571829 0.32245082
vt 0.51762116 0.33074933
vt 0.50088108 0.32603073
vt 0.51692539 0.32598257
vt 0.51320249 0.33765650
vt 0.50106502 0.33765650
vt 0.14317180 0.83944541
vt 0.12731278 0.83944541
vt 0.13047700 0.83318424
vt 0.13979518 0.83549494
vt 0.76865631 0.75268334
vt 0.77929515 0.74910557
vt 0.77558017 0.75983900
vt 0.76784140 0.75857657
vt 0.77929509 0.75714016
vt 0.00660793 0.40831840
vt 0.00660793 0.39311266
vt 0.00075024 0.39592189
vt 0.00044053 0.40413666
vt 0.61013216 0.05936813
vt 0.61013216 0.04785329
vt 0.60252666 0.05589509
vt 0.60132158 0.06127012
vt 0.55228615 0.75447226
vt 0.54316038 0.75414425
vt 0.54494143 0.74642217
vt 0.55814976 0.75212193
vt 0.53612334 0.75447226
vt 0.25390875 0.48920429
vt 0.24842677 0.48524153
vt 0.24713656 0.49617505
vt 0.25299135 0.49895477
vt 0.25859031 0.49335086
vt 0.25233620 0.50402504
vt 0.25859028 0.50380796
vt 0.45947137 0.98703039
vt 0.45886552 0.98076922
vt 0.44889867 0.98703039
vt 0.41934928 0.16949910
vt 0.41718063 0.17486584
vt 0.42951542 0.17486584
vt 0.15110132 0.64803219
vt 0.15110132 0.65608227
vt 0.14405286 0.65334803
vt 0.46988901 0.51226377
vt 0.46968511 0.52125871
vt 0.46424899 0.51707155
vt 0.47445059 0.51468194
vt 0.46130824 0.51916033
vt 0.33904549 0.51677841
vt 0.33312997 0.52384591
vt 0.33066031 0.51552022
vt 0.35773727 0.50991249
vt 0.34949780 0.50343257
vt 0.31977853 0.50719142
vt 0.31219420 0.51357102
vt 0.38019493 0.50358707
vt 0.37379372 0.51601523
vt 0.29431835 0.51220357
vt 0.38731331 0.51707894
vt 0.39031300 0.52742004
vt 0.39835349 0.50825280
vt 0.40926731 0.51610726
vt 0.41687164 0.52857870
vt 0.32514212 0.49679434
vt 0.29207048 0.49933422
vt 0.37806424 0.49060822
vt 0.40114513 0.49576080
vt 0.34605235 0.49156952
vt 0.41191578 0.50870222
vt 0.41447890 0.49752367
vt 0.30813542 0.52547175
vt 0.39673421 0.53264761
vt 0.37246415 0.52440012
vt 0.36156884 0.53264761
vt 0.41617000 0.51739746
vt 0.42710224 0.50431383
vt 0.36774439 0.52532649
vt 0.34940442 0.53048074
vt 0.37042257 0.51926178
vt 0.43030173 0.51665139
vt 0.43430141 0.53091335
vt 0.43584916 0.51296377
vt 0.43789089 0.52639294
vt 0.45135623 0.52919632
vt 0.46805829 0.52317369
vt 0.46149832 0.51231188
vt 0.48439559 0.51625121
vt 0.47521573 0.50879562
vt 0.49823788 0.50709146
vt 0.32643172 0.15608227
vt 0.32643172 0.17754918
vt 0.32378855 0.16577393
vt 0.77312773 0.44767439
vt 0.76960355 0.44107270
vt 0.77312773 0.43336314
vt 0.78105730 0.29830050
vt 0.77991259 0.29114491
vt 0.77400881 0.29830050
vt 0.98193830 0.77683365
vt 0.98666412 0.77076793
vt 0.98898679 0.77683365
vt 0.98216569 0.77052343
vt 0.98522925 0.76610017
vt 0.57951540 0.91726297
vt 0.58535188 0.91358083
vt 0.57841408 0.91100180
vt 0.58810574 0.91726297
vt 0.25770926 0.92891401
vt 0.26740089 0.92889088
vt 0.26740089 0.93246871
vt 0.99867839 0.79472274
vt 0.99603522 0.78954172
vt 0.99867839 0.78309482
vt 0.23416369 0.95763332
vt 0.23127754 0.96377462
vt 0.23656388 0.96359915
vt 0.23656388 0.95751339
vt 0.16167401 0.45370775
vt 0.16431718 0.44320214
vt 0.16431718 0.45751345
vt 0.98281938 0.29651165
vt 0.99251103 0.29651165
vt 0.98751980 0.29382825
vt 0.54140967 0.08631486
vt 0.53727257 0.08273703
vt 0.53436124 0.08631486
vt 0.98993570 0.46377456
vt 0.98986787 0.46735239
vt 0.99779737 0.46735239
vt 0.39024788 0.39858353
vt 0.44414493 0.38944900
vt 0.39245361 0.39327705
vt 0.45279610 0.41786587
vt 0.41891354 0.37102503
vt 0.39086258 0.42117500
vt 0.47819448 0.39855129
vt 0.50091964 0.41307950
vt 0.45994189 0.44106472
vt 0.42950079 0.44710207
vt 0.49996483 0.45145011
vt 0.44199845 0.46486378
vt 0.41884843 0.47081518
vt 0.37644318 0.45431042
vt 0.40372178 0.47411883
vt 0.35234579 0.39142919
vt 0.35830384 0.40215486
vt 0.32350796 0.40042591
vt 0.34099263 0.40653253
vt 0.33486795 0.37437218
vt 0.32637537 0.37207139
vt 0.35140908 0.37343436
vt 0.37378174 0.37707424
vt 0.37373182 0.47927308
vt 0.38439536 0.40636075
vt 0.50181013 0.38098490
vt 0.52702600 0.44521606
vt 0.56050110 0.41377306
vt 0.55481368 0.43402576
vt 0.36432201 0.40554500
vt 0.46724719 0.45847750
vt 0.46560907 0.36632901
vt 0.35210097 0.46576774
vt 0.35362959 0.47758424
vt 0.35395479 0.44927204
vt 0.35902038 0.42949986
vt 0.37696853 0.42798680
vt 0.31924698 0.36743635
vt 0.30549017 0.39790869
vt 0.30771598 0.36406207
vt 0.31490123 0.35764074
vt 0.29578999 0.35189676
vt 0.32190558 0.34608662
vt 0.32665426 0.33460820
vt 0.28864098 0.33690393
vt 0.25487980 0.35738921
vt 0.24987201 0.35047102
vt 0.28687567 0.36681861
vt 0.20034428 0.36456060
vt 0.19700404 0.35724646
vt 0.40455669 0.35067189
vt 0.45957348 0.34440041
vt 0.21244614 0.37405193
vt 0.17889467 0.36266255
vt 0.19079266 0.37678152
vt 0.42236492 0.42225844
vt 0.58497918 0.42235619
vt 0.21292408 0.39196783
vt 0.17321326 0.39437366
vt 0.18774247 0.39563310
vt 0.22910511 0.41117108
vt 0.26862821 0.41862255
vt 0.24094136 0.42098200
vt 0.24108215 0.43278885
vt 0.21733399 0.43367541
vt 0.27201366 0.43560445
vt 0.26361468 0.44119370
vt 0.25556257 0.44609535
vt 0.23476353 0.45576823
vt 0.20677555 0.44970822
vt 0.22561944 0.46025741
vt 0.21215490 0.46616554
vt 0.28002131 0.42884058
vt 0.27316093 0.40917301
vt 0.20514829 0.42422992
vt 0.19379792 0.46271968
vt 0.16955717 0.38640249
vt 0.21975234 0.46493542
vt 0.21353856 0.47001475
vt 0.17344110 0.41004419
vt 0.16290066 0.37872159
vt 0.15743563 0.40148973
vt 0.15230888 0.41792196
vt 0.20554107 0.47355181
vt 0.16217652 0.42692089
vt 0.13362230 0.42875969
vt 0.14709438 0.44345140
vt 0.16887252 0.43939257
vt 0.12827039 0.41509187
vt 0.11057269 0.42913216
vt 0.11573751 0.41937149
vt 0.14244272 0.40883905
vt 0.17864054 0.42478037
vt 0.60469121 0.41740531
vt 0.59563583 0.39923215
vt 0.16281365 0.36198407
vt 0.64425915 0.39000589
vt 0.60884476 0.38266742
vt 0.57769769 0.38886982
vt 0.55281472 0.39628243
vt 0.60435456 0.36046386
vt 0.65550154 0.37711108
vt 0.56239921 0.36735851
vt 0.63964844 0.41110158
vt 0.65942895 0.40758109
vt 0.24941064 0.44943655
vt 0.24203311 0.45354748
vt 0.49562353 0.36253107
vt 0.54432094 0.40371752
vt 0.66235238 0.35602540
vt 0.60903257 0.34934294
vt 0.65653014 0.33985639
vt 0.68235695 0.34192461
vt 0.67885000 0.33066851
vt 0.68409824 0.35781646
vt 0.61205018 0.33014226
vt 0.36786047 0.36820185
vt 0.36480987 0.36609697
vt 0.37352452 0.36114752
vt 0.39807472 0.37322199
vt 0.54155648 0.36051393
vt 0.68308163 0.37880194
vt 0.26235238 0.36973548
vt 0.50203013 0.34179693
vt 0.52690530 0.35508126
vt 0.53548086 0.33560425
vt 0.67107046 0.40579700
vt 0.69039708 0.38918817
vt 0.69117957 0.39951253
vt 0.69048512 0.38034010
vt 0.71367556 0.39591563
vt 0.71288991 0.38153160
vt 0.69628108 0.37863708
vt 0.19332290 0.43539655
vt 0.20207323 0.40870738
vt 0.27416164 0.39158762
vt 0.37844720 0.35552287
vt 0.57434577 0.33892471
vt 0.71959621 0.37437010
vt 0.69325185 0.36059320
vt 0.71565050 0.36288691
vt 0.70004290 0.34204829
vt 0.71530098 0.34111285
vt 0.72069710 0.34413862
vt 0.72152358 0.33325851
vt 0.74622709 0.33857030
vt 0.74735975 0.37787402
vt 0.75173628 0.36372030
vt 0.75896996 0.35243654
vt 0.75903082 0.33283079
vt 0.75880086 0.37921005
vt 0.75080961 0.32887101
vt 0.75876260 0.40727407
vt 0.74925220 0.40597844
vt 0.75006455 0.41541356
vt 0.74714929 0.43103182
vt 0.75850046 0.43497384
vt 0.73858559 0.39741164
vt 0.74893683 0.43944430
vt 0.75876260 0.31887299
vt 0.73556191 0.41396660
vt 0.73560685 0.44516498
vt 0.72881645 0.38681364
vt 0.72150600 0.39528680
vt 0.71693516 0.38913512
vt 0.69350070 0.34521115
vt 0.69364530 0.33467412
vt 0.68606710 0.33662301
vt 0.68521941 0.34320843
vt 0.53711581 0.37427306
vt 0.74383706 0.45368314
vt 0.28475666 0.39758927
vt 0.72029895 0.36446965
vt 0.68966711 0.35920262
vt 0.73805702 0.46193153
vt 0.73263437 0.46197724
vt 0.72638732 0.47310370
vt 0.73030591 0.47865981
vt 0.74003583 0.46473503
vt 0.74878675 0.46353948
vt 0.74020588 0.48166370
vt 0.27453038 0.40044940
vt 0.15243915 0.37211835
vt 0.14231938 0.36599481
vt 0.13937733 0.35707533
vt 0.13564165 0.36295521
vt 0.12170756 0.36124313
vt 0.75477868 0.45065844
vt 0.63744491 0.25447226
vt 0.59001911 0.25447226
vt 0.58634359 0.24285251
vt 0.60948360 0.23121643
vt 0.03155103 0.47802305
vt 0.06035242 0.49508047
vt 0.00484581 0.49508047
vt 0.04535634 0.47361362
vt 0.77224672 0.39376199
vt 0.77407616 0.40769923
vt 0.78412253 0.38392723
vt 0.78115743 0.40732801
vt 0.79074889 0.40100276
vt 0.79074889 0.37611806
vt 0.77530932 0.41393536
vt 0.77994597 0.42723060
vt 0.77446973 0.42525542
vt 0.77511328 0.43515205
vt 0.55404085 0.06693232
vt 0.51321584 0.08720928
vt 0.54272908 0.05679786
vt 0.54308200 0.07563788
vt 0.56062245 0.08720928
vt 0.59251100 0.06747657
vt 0.22422907 0.99686939
vt 0.24725132 0.98193634
vt 0.25330397 0.99686939
vt 0.23054884 0.97898030
vt 0.92677295 0.28908372
vt 0.92026430 0.28637010
vt 0.92819381 0.30366731
vt 0.92819381 0.28220034
vt 0.90660447 0.61445910
vt 0.89056259 0.63435102
vt 0.88932651 0.66326141
vt 0.91037738 0.63876426
vt 0.87465256 0.65153688
vt 0.91651195 0.63066328
vt 0.88864356 0.61689299
vt 0.88321495 0.61823046
vt 0.87402773 0.67372632
vt 0.91674006 0.59418863
vt 0.90294325 0.59145415
vt 0.90782624 0.66646904
vt 0.88861388 0.68012261
vt 0.87602961 0.62060803
vt 0.87693846 0.69100982
vt 0.88970298 0.71281219
vt 0.89790028 0.70042354
vt 0.90091723 0.70912087
vt 0.87726766 0.57834995
vt 0.86966115 0.59597707
vt 0.88979131 0.57685095
vt 0.86355734 0.58312780
vt 0.90236741 0.57633162
vt 0.90094692 0.56932020
vt 0.91020107 0.57320577
vt 0.88333142 0.69843191
vt 0.88273376 0.72121882
vt 0.87569398 0.74081761
vt 0.89001006 0.74441075
vt 0.88055265 0.75149429
vt 0.86469835 0.75930029
vt 0.85735250 0.75689501
vt 0.86567181 0.73846287
vt 0.86976057 0.72801524
vt 0.87380451 0.70175034
vt 0.85046196 0.75364816
vt 0.84647274 0.76831961
vt 0.84402305 0.76012844
vt 0.86711115 0.76660383
vt 0.88200718 0.76327264
vt 0.87122136 0.78219742
vt 0.87866688 0.77725941
vt 0.88495481 0.79230016
vt 0.89439076 0.78294760
vt 0.83469301 0.77145553
vt 0.87664986 0.79708409
vt 0.88329637 0.79863924
vt 0.87714058 0.80479270
vt 0.88248032 0.81855482
vt 0.89136833 0.79126066
vt 0.89154005 0.76370269
vt 0.86908525 0.79850489
vt 0.87347597 0.80476129
vt 0.86520106 0.79860234
vt 0.86349487 0.78566635
vt 0.86082935 0.80446327
vt 0.87950861 0.81859815
vt 0.89213467 0.80492806
vt 0.89710927 0.80479985
vt 0.85651469 0.78668696
vt 0.87254292 0.81324238
vt 0.88905454 0.80773902
vt 0.84963882 0.77535099
vt 0.87051398 0.81918788
vt 0.87942070 0.82411242
vt 0.87713647 0.83324581
vt 0.82951540 0.78976011
vt 0.86013520 0.77941626
vt 0.89824426 0.79401404
vt 0.89728189 0.81285852
vt 0.89439201 0.81793827
vt 0.90312338 0.82435620
vt 0.89856315 0.83407873
vt 0.90527827 0.83234560
vt 0.88695109 0.82270259
vt 0.86328965 0.69116837
vt 0.85882938 0.67036164
vt 0.90187830 0.78126454
vt 0.91256714 0.57488829
vt 0.87418294 0.60384059
vt 0.90653509 0.82014924
vt 0.89826834 0.76699948
vt 0.90913075 0.82535356
vt 0.85333884 0.78076261
vt 0.90126133 0.79304367
vt 0.90048903 0.80348969
vt 0.90622473 0.79013240
vt 0.90639025 0.79771596
vt 0.90019315 0.79911703
vt 0.90650940 0.80557704
vt 0.90872300 0.80206901
vt 0.91388506 0.80780321
vt 0.91249526 0.79875249
vt 0.91674006 0.80525613
vt 0.72792011 0.93844455
vt 0.73716772 0.94914299
vt 0.70881057 0.94570625
vt 0.75004596 0.93604654
vt 0.71941286 0.95483619
vt 0.74512792 0.95840788
vt 0.75721782 0.94184715
vt 0.75739610 0.95475876
vt 0.77753305 0.95840788
vt 0.28942731 0.59883720
vt 0.29865858 0.59925491
vt 0.28968522 0.60778177
vt 0.30264318 0.60778177
vt 0.92229766 0.76611227
vt 0.92834407 0.76760608
vt 0.92838269 0.76030618
vt 0.92065126 0.75613189
vt 0.91565531 0.76040155
vt 0.91239750 0.75486326
vt 0.93367088 0.76102316
vt 0.91409928 0.76588410
vt 0.93576658 0.76979291
vt 0.94178581 0.76748627
vt 0.94101501 0.76209223
vt 0.93282402 0.75051928
vt 0.95486838 0.76250684
vt 0.95282418 0.75362128
vt 0.94747436 0.77156442
vt 0.93165988 0.77764386
vt 0.93706399 0.77718562
vt 0.90628809 0.76449680
vt 0.92224884 0.75289774
vt 0.91737229 0.77109551
vt 0.94147897 0.77087742
vt 0.94668472 0.77930987
vt 0.94230556 0.78810823
vt 0.93800151 0.78628862
vt 0.95312035 0.78123540
vt 0.95074159 0.79472274
vt 0.95970184 0.78340894
vt 0.95997500 0.79418659
vt 0.96744692 0.78254986
vt 0.96753412 0.77696937
vt 0.96786904 0.79323387
vt 0.97577095 0.78639179
vt 0.92828268 0.77982187
vt 0.91237634 0.77540177
vt 0.93097091 0.74058062
vt 0.93241972 0.73045266
vt 0.92346925 0.72530454
vt 0.93369949 0.72256720
vt 0.91522133 0.72681248
vt 0.91585547 0.71082610
vt 0.92603409 0.70580280
vt 0.91678041 0.69336826
vt 0.90616739 0.68724304
vt 0.92171884 0.69312131
vt 0.92535526 0.69543988
vt 0.92573619 0.68864787
vt 0.93000907 0.69863647
vt 0.91621602 0.68083447
vt 0.92751539 0.68084168
vt 0.92848754 0.67413706
vt 0.93948698 0.68050593
vt 0.93788612 0.68441451
vt 0.94441867 0.68576807
vt 0.94628435 0.68070638
vt 0.94877255 0.69962555
vt 0.95375097 0.68803287
vt 0.96670157 0.69520730
vt 0.96841812 0.67963034
vt 0.96780300 0.66781402
vt 0.97508150 0.66716117
vt 0.97577095 0.66055459
vt 0.95821267 0.70638573
vt 0.93885213 0.67007965
vt 0.93534833 0.69329500
vt 0.94537455 0.71196580
vt 0.94434732 0.72125077
vt 0.93544716 0.72997928
vt 0.00748899 0.17128801
vt 0.00132159 0.17128801
vt 0.00362814 0.14266551
vt 0.59568006 0.06484795
vt 0.57577091 0.06484795
vt 0.58632541 0.05322003
vt 0.60044050 0.05700094
vt 0.35903084 0.35375667
vt 0.36696035 0.35233080
vt 0.36072311 0.34418482
vt 0.36696035 0.34033990
vt 0.39552772 0.07496893
vt 0.40159509 0.07003993
vt 0.40660793 0.08025473
vt 0.39743796 0.08094811
vt 0.39096352 0.07825696
vt 0.39130917 0.07267171
vt 0.38445839 0.08025473
vt 0.38364330 0.07055551
vt 0.38606843 0.06305903
vt 0.38105726 0.06591338
vt 0.04965194 0.36354411
vt 0.05920815 0.35866785
vt 0.04874710 0.35732663
vt 0.06089550 0.36449015
vt 0.04546414 0.36094522
vt 0.04484275 0.35214639
vt 0.05821260 0.34928441
vt 0.06299560 0.36249238
vt 0.04449339 0.35577846
vt 0.06299560 0.35215545
vt 0.41277534 0.49329162
vt 0.42498443 0.48881936
vt 0.42687225 0.49329162
vt 0.60044050 0.73837209
vt 0.58701676 0.73662746
vt 0.59027922 0.73042935
vt 0.58633369 0.72882336
vt 0.58282036 0.73757255
vt 0.58125681 0.73327243
vt 0.57935435 0.73070496
vt 0.57882750 0.72227192
vt 0.57469761 0.72241241
vt 0.57207894 0.72600269
vt 0.58481371 0.72372454
vt 0.59745055 0.72247487
vt 0.57226861 0.73785055
vt 0.56607932 0.73837209
vt 0.67533040 0.32245082
vt 0.66740090 0.32281363
vt 0.67533034 0.32871199
vt 0.29997838 0.01993400
vt 0.30664536 0.01130491
vt 0.30423301 0.02156454
vt 0.29662403 0.02429438
vt 0.31369919 0.01631093
vt 0.31802577 0.00945622
vt 0.31071696 0.02154773
vt 0.32040995 0.01972181
vt 0.30818349 0.00496453
vt 0.30358508 0.00698024
vt 0.29377955 0.00960600
vt 0.29797530 0.01458305
vt 0.29160076 0.01416880
vt 0.29461804 0.02304131
vt 0.28462887 0.00935018
vt 0.28237885 0.01964247
vt 0.29021659 0.01963276
vt 0.29484248 0.00402504
vt 0.32290986 0.01643699
vt 0.32995594 0.02549195
vt 0.28293025 0.02297395
vt 0.29008645 0.02549195
vt 0.13083701 0.35375667
vt 0.12643172 0.35375667
vt 0.12786555 0.34570658
vt 0.06434344 0.33676207
vt 0.07180617 0.34570658
vt 0.06035242 0.34570658
vt 0.73845381 0.98493242
vt 0.73530239 0.99322236
vt 0.74292165 0.99160391
vt 0.73348016 0.98639268
vt 0.75286341 0.99008358
vt 0.73627049 0.98130196
vt 0.73861957 0.97766626
vt 0.73887950 0.99597496
vt 0.74443108 0.98143321
vt 0.74455422 0.97643989
vt 0.74252933 0.97321028
vt 0.74820447 0.97289228
vt 0.74722672 0.98136538
vt 0.75286341 0.97182471
vt 0.80312455 0.29114491
vt 0.80925113 0.29919499
vt 0.80308372 0.29919499
vt 0.04919384 0.88615215
vt 0.04421090 0.88247901
vt 0.05369499 0.88062972
vt 0.04332336 0.89132380
vt 0.03665929 0.88875175
vt 0.04874591 0.87453663
vt 0.04240821 0.86966717
vt 0.04067673 0.87626249
vt 0.03807403 0.86806798
vt 0.03314545 0.87875277
vt 0.02960102 0.87053633
vt 0.02416761 0.88082659
vt 0.01917247 0.87436503
vt 0.01402973 0.87654799
vt 0.01461001 0.88456976
vt 0.02055233 0.88679838
vt 0.01693290 0.89132380
vt 0.00837004 0.88224429
vt 0.03994985 0.88349289
vt 0.04916529 0.86836290
vt 0.05418502 0.87306482
vt 0.33450302 0.01207513
vt 0.33006394 0.02280855
vt 0.32907489 0.01249707
vt 0.33929560 0.02280861
vt 0.34147853 0.01420468
vt 0.35022026 0.01903969
vt 0.20660792 0.08631486
vt 0.19985144 0.08366090
vt 0.20294499 0.08005369
vt 0.19339207 0.08631486
vt 0.56803572 0.46573544
vt 0.56696731 0.47289991
vt 0.56100035 0.46785927
vt 0.57196468 0.47293591
vt 0.57353169 0.46448910
vt 0.55641025 0.47450805
vt 0.57914156 0.47450805
vt 0.57935238 0.46649963
vt 0.58370042 0.47270572
vt 0.56138510 0.45965993
vt 0.55569309 0.46842325
vt 0.56082851 0.45572448
vt 0.55755824 0.46439660
vt 0.55299014 0.46205461
vt 0.56405497 0.46494877
vt 0.54917347 0.46792185
vt 0.54755610 0.47278857
vt 0.54229075 0.46461296
vt 0.64449340 0.08005369
vt 0.64008808 0.08656478
vt 0.64449340 0.08810377
vt 0.86092037 0.45769501
vt 0.85574937 0.45387793
vt 0.86247557 0.45000851
vt 0.85588086 0.44984341
vt 0.84713656 0.45231736
vt 0.84849781 0.44858271
vt 0.84897304 0.46054602
vt 0.85791153 0.46848619
vt 0.86387807 0.45596993
vt 0.86012781 0.44778299
vt 0.86560172 0.44767439
vt 0.86914551 0.45213103
vt 0.86827433 0.45900369
vt 0.86498070 0.46485865
vt 0.86243987 0.47271913
vt 0.86914271 0.47271913
vt 0.87253243 0.47009534
vt 0.87356830 0.45673782
vt 0.00132159 0.67039359
vt 0.00497204 0.66323793
vt 0.01277533 0.67039359
vt 0.78722465 0.71737599
vt 0.77929515 0.71601075
vt 0.78154385 0.72523123
vt 0.78722465 0.72942758
vt 0.13027072 0.04465830
vt 0.13584673 0.04069769
vt 0.13592811 0.04865086
vt 0.12731278 0.05053669
vt 0.13965462 0.05053669
vt 0.14229076 0.04396617
vt 0.13889077 0.04096484
vt 0.67275441 0.85554564
vt 0.67797357 0.85912341
vt 0.67004406 0.85912341
vt 0.34676790 0.41411579
vt 0.34880942 0.41994631
vt 0.35110131 0.41629219
vt 0.34052864 0.41793191
vt 0.34072134 0.40980613
vt 0.35110131 0.40742397
vt 0.76343614 0.46336013
vt 0.76784140 0.46645796
vt 0.76784140 0.45661896
vt 0.36279970 0.89048314
vt 0.36746594 0.88886493
vt 0.36334607 0.88614154
vt 0.37585369 0.88988191
vt 0.37741441 0.89334714
vt 0.37176347 0.90138817
vt 0.36182579 0.91002762
vt 0.37913302 0.90357548
vt 0.37493315 0.94428819
vt 0.38986614 0.92279935
vt 0.38691589 0.95848233
vt 0.35628510 0.94790316
vt 0.35403490 0.97053653
vt 0.34265625 0.91482204
vt 0.40220100 0.96183664
vt 0.40587249 0.97915393
vt 0.40672141 0.93754578
vt 0.40748897 0.96171099
vt 0.39123851 0.98466611
vt 0.33256060 0.96648425
vt 0.32801676 0.98702919
vt 0.31287226 0.97871315
vt 0.31485429 0.96545148
vt 0.30431867 0.97013205
vt 0.30258638 0.95238352
vt 0.35750499 0.99214697
vt 0.38535601 0.90290761
vt 0.39423117 0.90233374
vt 0.40742585 0.92094636
vt 0.31999046 0.94053113
vt 0.34793836 0.88724494
vt 0.37670556 0.89918023
vt 0.40679330 0.90603244
vt 0.32860655 0.89194620
vt 0.32581657 0.91695607
vt 0.31604695 0.89536047
vt 0.30366558 0.91921544
vt 0.38689786 0.99657309
vt 0.33761561 0.93711710
vt 0.40742582 0.98611218
vt 0.30176210 0.93779337
vt 0.36362362 0.88327372
vt 0.40558165 0.90231735
vt 0.39880833 0.98891139
vt 0.39122078 0.99955279
vt 0.40304163 0.99785918
vt 0.80572689 0.69321793
vt 0.79597598 0.71511626
vt 0.78812861 0.69275492
vt 0.77328885 0.71511626
vt 0.77048457 0.69912750
f 1312/1312 1313/1313 1311/1311
f 1313/1313 1256/1256 1311/1311
f 3169/3169 3170/3170 3171/3171
f 3169/3169 3168/3168 3170/3170
f 5655/5655 5654/5654 5666/5666
f 5677/5677 5678/5678 5679/5679
f 5676/5676 5673/5673 5675/5675
f 5655/5655 5666/5666 5657/5657
f 5679/5679 5678/5678 5680/5680
f 5666/5666 5648/5648 5649/5649
f 655/655 640/640 646/646
f 5190/5190 5191/5191 5192/5192
f 5190/5190 5193/5193 5191/5191
f 1452/1452 1453/1453 1450/1450
f 1448/1448 1452/1452 1450/1450
f 1458/1458 1448/1448 1447/1447
f 1447/1447 1456/1456 1457/1457
f 1461/1461 1448/1448 1458/1458
f 1449/1449 1451/1451 1456/1456
f 1453/1453 1452/1452 1454/1454
f 1453/1453 1451/1451 1450/1450
f 4606/4606 4607/4607 4608/4608
f 1455/1455 1452/1452 1462/1462
f 1449/1449 1456/1456 1447/1447
f 1448/1448 1461/1461 1452/1452
f 1450/1450 1451/1451 1449/1449
f 1452/1452 1461/1461 1462/1462
f 1457/1457 1458/1458 1447/1447
f 1454/1454 1452/1452 1455/1455
f 1447/1447 1448/1448 1449/1449
f 1450/1450 1449/1449 1448/1448
f 4863/4863 4858/4858 4862/4862
f 4859/4859 4858/4858 4863/4863
f 4855/4855 4858/4858 4853/4853
f 4859/4859 4869/4869 4853/4853
f 4858/4858 4860/4860 4861/4861
f 4862/4862 4858/4858 4861/4861
f 4869/4869 4859/4859 4868/4868
f 4858/4858 4859/4859 4853/4853
f 4858/4858 4855/4855 4860/4860
f 3660/3660 3662/3662 3663/3663
f 3660/3660 3663/3663 3661/3661
f 3663/3663 3662/3662 3666/3666
f 4546/4546 4541/4541 4540/4540
f 4461/4461 4466/4466 4465/4465
f 2118/2118 2119/2119 2120/2120
f 3668/3668 3669/3669 3663/3663
f 4548/4548 4547/4547 4546/4546
f 3660/3660 3661/3661 3659/3659
f 4540/4540 4539/4539 4536/4536
f 3660/3660 3664/3664 3662/3662
f 4546/4546 4545/4545 4541/4541
f 2091/2091 2092/2092 2093/2093
f 2118/2118 2099/2099 2119/2119
f 2118/2118 2117/2117 2099/2099
f 2091/2091 2090/2090 2086/2086
f 2091/2091 2086/2086 2092/2092
f 3660/3660 3665/3665 3664/3664
f 1063/1063 1060/1060 1078/1078
f 1078/1078 1060/1060 1079/1079
f 1063/1063 1061/1061 1060/1060
f 4460/4460 4459/4459 4461/4461
f 2111/2111 2091/2091 2093/2093
f 2093/2093 2092/2092 2094/2094
f 2093/2093 2094/2094 2095/2095
f 2111/2111 2108/2108 2097/2097
f 2111/2111 2097/2097 2091/2091
f 1733/1733 1731/1731 1732/1732
f 1732/1732 1731/1731 1730/1730
f 2117/2117 2100/2100 2099/2099
f 2097/2097 2090/2090 2091/2091
f 2097/2097 2096/2096 2090/2090
f 2090/2090 2088/2088 2086/2086
f 2086/2086 2088/2088 2089/2089
f 2086/2086 2089/2089 2083/2083
f 2089/2089 2087/2087 2083/2083
f 2090/2090 2096/2096 2088/2088
f 3660/3660 3655/3655 3665/3665
f 2617/2617 2616/2616 2615/2615
f 2615/2615 2616/2616 2609/2609
f 2609/2609 2616/2616 2611/2611
f 1065/1065 1063/1063 1080/1080
f 1080/1080 1063/1063 1078/1078
f 1082/1082 1078/1078 1084/1084
f 1084/1084 1078/1078 1079/1079
f 1065/1065 1066/1066 1064/1064
f 1065/1065 1064/1064 1063/1063
f 4446/4446 4445/4445 4447/4447
f 4444/4444 4454/4454 4455/4455
f 2564/2564 2568/2568 2567/2567
f 1063/1063 1064/1064 1061/1061
f 4459/4459 4462/4462 4461/4461
f 2110/2110 2108/2108 2111/2111
f 4462/4462 4466/4466 4461/4461
f 2109/2109 2108/2108 2110/2110
f 1734/1734 1730/1730 1728/1728
f 1730/1730 1725/1725 1728/1728
f 1057/1057 1059/1059 1079/1079
f 1079/1079 1059/1059 1083/1083
f 2109/2109 2106/2106 2108/2108
f 2108/2108 2106/2106 2097/2097
f 1730/1730 1731/1731 1725/1725
f 4123/4123 4124/4124 4125/4125
f 1061/1061 1058/1058 1060/1060
f 1060/1060 1058/1058 1057/1057
f 1057/1057 1058/1058 1059/1059
f 1059/1059 1062/1062 1087/1087
f 2085/2085 2083/2083 2077/2077
f 1087/1087 1062/1062 1088/1088
f 2083/2083 2087/2087 2081/2081
f 2083/2083 2081/2081 2082/2082
f 2083/2083 2082/2082 2077/2077
f 2100/2100 2098/2098 2099/2099
f 2099/2099 2098/2098 2097/2097
f 2097/2097 2098/2098 2096/2096
f 2100/2100 2102/2102 2098/2098
f 2289/2289 2290/2290 2292/2292
f 2089/2089 2088/2088 2087/2087
f 2087/2087 2088/2088 2084/2084
f 2087/2087 2084/2084 2080/2080
f 2292/2292 2290/2290 2273/2273
f 2096/2096 2103/2103 2088/2088
f 2088/2088 2103/2103 2101/2101
f 2101/2101 2084/2084 2088/2088
f 2101/2101 2107/2107 2084/2084
f 2084/2084 2107/2107 2078/2078
f 2084/2084 2078/2078 2079/2079
f 4687/4687 4688/4688 4689/4689
f 1080/1080 1078/1078 1082/1082
f 1068/1068 1065/1065 1076/1076
f 1076/1076 1065/1065 1080/1080
f 4448/4448 4447/4447 4449/4449
f 1066/1066 1065/1065 1068/1068
f 4446/4446 4448/4448 4453/4453
f 4446/4446 4453/4453 4454/4454
f 2561/2561 2560/2560 2563/2563
f 4457/4457 4459/4459 4453/4453
f 4457/4457 4462/4462 4459/4459
f 4457/4457 4458/4458 4462/4462
f 4459/4459 4455/4455 4453/4453
f 4453/4453 4455/4455 4454/4454
f 1066/1066 1067/1067 1064/1064
f 1836/1836 1841/1841 1842/1842
f 2913/2913 2914/2914 2915/2915
f 1064/1064 1067/1067 1061/1061
f 1058/1058 1062/1062 1059/1059
f 2359/2359 2360/2360 2361/2361
f 2077/2077 2081/2081 2076/2076
f 2077/2077 2076/2076 2074/2074
f 2289/2289 2280/2280 2290/2290
f 2290/2290 2274/2274 2273/2273
f 2079/2079 2078/2078 2075/2075
f 2107/2107 2112/2112 2078/2078
f 2103/2103 2104/2104 2101/2101
f 2101/2101 2104/2104 2105/2105
f 2101/2101 2105/2105 2107/2107
f 2272/2272 2267/2267 2291/2291
f 2291/2291 2267/2267 2288/2288
f 3655/3655 3657/3657 3665/3665
f 863/863 822/822 795/795
f 1804/1804 1810/1810 1809/1809
f 1809/1809 1810/1810 1812/1812
f 1812/1812 1810/1810 1815/1815
f 1815/1815 1810/1810 1816/1816
f 4452/4452 4448/4448 4451/4451
f 4451/4451 4448/4448 4450/4450
f 4450/4450 4448/4448 4449/4449
f 4452/4452 4440/4440 4448/4448
f 1070/1070 1069/1069 1068/1068
f 4439/4439 4448/4448 4440/4440
f 4353/4353 4341/4341 4356/4356
f 1068/1068 1069/1069 1066/1066
f 4458/4458 4457/4457 4456/4456
f 4457/4457 4453/4453 4456/4456
f 4456/4456 4453/4453 4439/4439
f 4439/4439 4453/4453 4448/4448
f 2570/2570 2569/2569 2560/2560
f 2566/2566 2570/2570 2560/2560
f 2443/2443 2444/2444 2445/2445
f 1354/1354 1368/1368 1353/1353
f 4124/4124 4126/4126 4125/4125
f 1725/1725 1727/1727 1728/1728
f 4317/4317 4316/4316 4318/4318
f 4318/4318 4319/4319 4320/4320
f 1715/1715 1713/1713 1716/1716
f 2396/2396 2395/2395 2392/2392
f 2074/2074 2076/2076 2073/2073
f 2392/2392 2395/2395 2389/2389
f 2392/2392 2389/2389 2391/2391
f 2305/2305 2283/2283 2284/2284
f 2283/2283 2280/2280 2284/2284
f 2280/2280 2274/2274 2290/2290
f 4576/4576 4577/4577 4578/4578
f 4577/4577 4580/4580 4578/4578
f 2273/2273 2274/2274 2266/2266
f 2273/2273 2266/2266 2272/2272
f 2272/2272 2266/2266 2265/2265
f 2112/2112 2105/2105 2113/2113
f 2272/2272 2265/2265 2267/2267
f 2105/2105 2114/2114 2113/2113
f 3655/3655 3656/3656 3657/3657
f 795/795 822/822 799/799
f 1798/1798 1804/1804 1809/1809
f 3657/3657 3667/3667 3665/3665
f 1798/1798 1796/1796 1804/1804
f 1804/1804 1796/1796 1814/1814
f 1804/1804 1811/1811 1810/1810
f 4442/4442 4441/4441 4440/4440
f 1804/1804 1814/1814 1811/1811
f 598/598 601/601 600/600
f 598/598 600/600 599/599
f 1075/1075 1070/1070 1068/1068
f 4440/4440 4441/4441 4437/4437
f 4437/4437 4438/4438 4439/4439
f 4353/4353 4340/4340 4341/4341
f 1070/1070 1071/1071 1069/1069
f 4439/4439 4438/4438 4443/4443
f 4641/4641 4637/4637 4639/4639
f 2446/2446 2447/2447 2444/2444
f 1368/1368 1369/1369 1353/1353
f 4126/4126 4128/4128 4125/4125
f 1725/1725 1726/1726 1727/1727
f 4316/4316 4319/4319 4318/4318
f 4320/4320 4319/4319 4321/4321
f 4320/4320 4321/4321 4322/4322
f 2303/2303 2283/2283 2305/2305
f 2283/2283 2282/2282 2280/2280
f 2280/2280 2277/2277 2274/2274
f 1341/1341 1361/1361 1358/1358
f 4577/4577 4579/4579 4580/4580
f 2078/2078 2072/2072 2075/2075
f 4578/4578 4580/4580 4583/4583
f 2274/2274 2275/2275 2266/2266
f 2113/2113 2114/2114 2115/2115
f 598/598 599/599 597/597
f 794/794 841/841 795/795
f 1081/1081 1077/1077 1075/1075
f 595/595 601/601 598/598
f 1077/1077 1072/1072 1070/1070
f 1796/1796 1806/1806 1814/1814
f 4442/4442 4437/4437 4441/4441
f 4638/4638 4637/4637 4640/4640
f 5862/5862 5903/5903 5892/5892
f 1793/1793 1801/1801 1796/1796
f 1796/1796 1797/1797 1793/1793
f 1796/1796 1801/1801 1805/1805
f 1796/1796 1805/1805 1806/1806
f 1480/1480 1469/1469 1471/1471
f 1072/1072 1073/1073 1071/1071
f 1072/1072 1071/1071 1070/1070
f 4950/4950 4951/4951 4952/4952
f 4340/4340 4292/4292 4341/4341
f 4315/4315 4312/4312 4314/4314
f 1333/1333 1359/1359 1364/1364
f 4634/4634 4635/4635 4636/4636
f 4314/4314 4316/4316 4317/4317
f 4125/4125 4128/4128 4129/4129
f 2076/2076 2065/2065 2073/2073
f 5214/5214 5210/5210 5211/5211
f 2389/2389 2390/2390 2391/2391
f 2391/2391 2390/2390 2393/2393
f 2283/2283 2303/2303 2282/2282
f 2282/2282 2281/2281 2280/2280
f 2281/2281 2277/2277 2280/2280
f 2075/2075 2072/2072 2071/2071
f 2274/2274 2277/2277 2276/2276
f 2276/2276 2275/2275 2274/2274
f 2275/2275 2294/2294 2266/2266
f 2266/2266 2263/2263 2265/2265
f 2263/2263 2264/2264 2265/2265
f 2265/2265 2264/2264 2267/2267
f 2267/2267 2269/2269 2288/2288
f 1085/1085 1075/1075 1086/1086
f 1085/1085 1081/1081 1075/1075
f 5868/5868 5892/5892 5875/5875
f 5875/5875 5892/5892 5895/5895
f 5893/5893 5866/5866 5867/5867
f 5867/5867 5862/5862 5868/5868
f 1808/1808 1799/1799 1800/1800
f 1799/1799 1798/1798 1800/1800
f 5867/5867 5866/5866 5862/5862
f 5868/5868 5862/5862 5892/5892
f 595/595 603/603 601/601
f 1792/1792 1797/1797 1798/1798
f 1799/1799 1792/1792 1798/1798
f 1798/1798 1797/1797 1796/1796
f 1469/1469 1460/1460 1471/1471
f 4355/4355 4340/4340 4353/4353
f 1792/1792 1793/1793 1797/1797
f 1792/1792 1783/1783 1793/1793
f 2446/2446 2449/2449 2448/2448
f 1801/1801 1807/1807 1805/1805
f 1467/1467 1464/1464 1470/1470
f 1470/1470 1464/1464 1469/1469
f 1073/1073 1074/1074 1071/1071
f 2446/2446 2448/2448 2447/2447
f 2580/2580 2581/2581 2579/2579
f 4323/4323 4312/4312 4315/4315
f 2447/2447 2448/2448 2450/2450
f 4312/4312 4313/4313 4314/4314
f 4314/4314 4313/4313 4316/4316
f 5239/5239 5240/5240 5241/5241
f 1370/1370 1376/1376 1369/1369
f 4128/4128 4130/4130 4129/4129
f 1726/1726 1729/1729 1727/1727
f 1709/1709 1717/1717 1710/1710
f 5211/5211 5210/5210 5204/5204
f 2303/2303 2300/2300 2282/2282
f 2282/2282 2296/2296 2281/2281
f 4580/4580 4579/4579 4581/4581
f 4580/4580 4581/4581 4583/4583
f 2268/2268 2269/2269 2267/2267
f 2264/2264 2268/2268 2267/2267
f 2582/2582 2577/2577 2584/2584
f 5875/5875 5895/5895 5896/5896
f 5071/5071 5070/5070 5069/5069
f 1808/1808 1817/1817 1799/1799
f 1803/1803 1813/1813 1802/1802
f 1803/1803 1802/1802 1799/1799
f 1799/1799 1802/1802 1795/1795
f 1795/1795 1791/1791 1792/1792
f 1799/1799 1795/1795 1792/1792
f 1791/1791 1783/1783 1792/1792
f 1469/1469 1464/1464 1460/1460
f 1468/1468 1465/1465 1467/1467
f 1467/1467 1465/1465 1464/1464
f 4291/4291 4292/4292 4340/4340
f 4324/4324 4310/4310 4323/4323
f 4323/4323 4310/4310 4312/4312
f 4130/4130 4131/4131 4129/4129
f 1726/1726 1735/1735 1729/1729
f 5212/5212 5199/5199 5214/5214
f 5199/5199 5210/5210 5214/5214
f 5210/5210 5200/5200 5204/5204
f 1375/1375 1371/1371 1360/1360
f 2281/2281 2296/2296 2295/2295
f 2281/2281 2295/2295 2277/2277
f 1371/1371 1372/1372 1361/1361
f 1360/1360 1371/1371 1361/1361
f 1361/1361 1372/1372 1367/1367
f 2275/2275 2276/2276 2285/2285
f 1401/1401 1399/1399 1400/1400
f 2268/2268 2270/2270 2269/2269
f 2269/2269 2271/2271 2293/2293
f 893/893 883/883 878/878
f 5869/5869 5867/5867 5868/5868
f 1472/1472 1473/1473 1479/1479
f 5068/5068 5069/5069 5070/5070
f 3880/3880 3870/3870 3872/3872
f 1471/1471 1459/1459 1472/1472
f 1471/1471 1460/1460 1459/1459
f 4352/4352 4340/4340 4355/4355
f 3872/3872 3874/3874 3878/3878
f 3872/3872 3869/3869 3874/3874
f 3874/3874 3869/3869 3867/3867
f 1795/1795 1788/1788 1791/1791
f 1791/1791 1788/1788 1783/1783
f 1465/1465 1463/1463 1464/1464
f 1783/1783 1784/1784 1785/1785
f 1785/1785 1789/1789 1794/1794
f 4312/4312 4311/4311 4313/4313
f 1784/1784 1783/1783 1786/1786
f 1786/1786 1790/1790 1789/1789
f 1784/1784 1786/1786 1789/1789
f 4291/4291 4287/4287 4292/4292
f 4132/4132 4131/4131 4130/4130
f 5212/5212 5202/5202 5199/5199
f 2389/2389 2394/2394 2390/2390
f 5058/5058 5061/5061 5059/5059
f 5058/5058 5059/5059 5060/5060
f 1724/1724 1718/1718 1723/1723
f 4579/4579 4582/4582 4581/4581
f 2277/2277 2278/2278 2276/2276
f 1400/1400 1399/1399 1394/1394
f 2269/2269 2270/2270 2271/2271
f 5434/5434 5463/5463 5432/5432
f 5434/5434 5446/5446 5463/5463
f 5446/5446 5455/5455 5463/5463
f 5446/5446 5454/5454 5455/5455
f 5896/5896 5897/5897 5898/5898
f 3872/3872 3870/3870 3869/3869
f 3869/3869 3870/3870 3868/3868
f 3869/3869 3868/3868 3867/3867
f 1460/1460 1463/1463 1458/1458
f 4352/4352 4338/4338 4340/4340
f 1464/1464 1463/1463 1460/1460
f 1788/1788 1787/1787 1783/1783
f 1465/1465 1466/1466 1463/1463
f 4338/4338 4291/4291 4340/4340
f 5213/5213 5207/5207 5212/5212
f 1787/1787 1786/1786 1783/1783
f 4310/4310 4311/4311 4312/4312
f 5212/5212 5207/5207 5202/5202
f 991/991 981/981 982/982
f 4291/4291 4288/4288 4287/4287
f 981/981 991/991 962/962
f 981/981 961/961 982/982
f 5202/5202 5198/5198 5199/5199
f 5199/5199 5198/5198 5197/5197
f 962/962 961/961 981/981
f 1393/1393 1398/1398 1402/1402
f 1393/1393 1395/1395 1398/1398
f 2295/2295 2297/2297 2277/2277
f 1393/1393 1394/1394 1395/1395
f 5430/5430 5432/5432 5428/5428
f 2277/2277 2297/2297 2278/2278
f 5430/5430 5434/5434 5432/5432
f 2276/2276 2278/2278 2279/2279
f 2276/2276 2279/2279 2285/2285
f 5434/5434 5430/5430 5431/5431
f 5434/5434 5431/5431 5446/5446
f 5446/5446 5450/5450 5454/5454
f 5454/5454 5456/5456 5455/5455
f 5873/5873 5875/5875 5900/5900
f 5875/5875 5896/5896 5900/5900
f 5908/5908 5909/5909 5910/5910
f 5868/5868 5875/5875 5873/5873
f 5910/5910 5909/5909 5911/5911
f 5870/5870 5869/5869 5868/5868
f 593/593 595/595 596/596
f 5871/5871 5888/5888 5869/5869
f 5871/5871 5889/5889 5888/5888
f 594/594 565/565 602/602
f 1472/1472 1459/1459 1473/1473
f 3871/3871 3865/3865 3868/3868
f 3868/3868 3865/3865 3863/3863
f 1461/1461 1458/1458 1463/1463
f 4853/4853 4854/4854 4855/4855
f 4338/4338 4280/4280 4291/4291
f 5216/5216 5207/5207 5213/5213
f 4860/4860 4867/4867 4861/4861
f 4280/4280 4289/4289 4291/4291
f 4310/4310 4290/4290 4311/4311
f 4291/4291 4289/4289 4288/4288
f 4288/4288 4284/4284 4287/4287
f 4284/4284 4286/4286 4287/4287
f 960/960 961/961 962/962
f 992/992 960/960 962/962
f 961/961 967/967 969/969
f 997/997 967/967 988/988
f 967/967 972/972 988/988
f 988/988 972/972 989/989
f 4845/4845 4847/4847 4846/4846
f 5430/5430 5429/5429 5431/5431
f 1394/1394 1396/1396 1395/1395
f 1395/1395 1396/1396 1397/1397
f 1394/1394 1399/1399 1396/1396
f 2285/2285 2279/2279 2286/2286
f 5437/5437 5446/5446 5431/5431
f 5437/5437 5450/5450 5446/5446
f 5437/5437 5451/5451 5450/5450
f 5870/5870 5868/5868 5873/5873
f 5910/5910 5911/5911 5912/5912
f 5890/5890 5894/5894 5871/5871
f 5075/5075 5074/5074 5076/5076
f 3875/3875 3865/3865 3871/3871
f 1458/1458 1457/1457 1459/1459
f 4351/4351 4335/4335 4352/4352
f 1/1 2/2 3/3
f 4352/4352 4335/4335 4338/4338
f 4335/4335 4280/4280 4338/4338
f 5216/5216 5215/5215 5207/5207
f 5202/5202 5207/5207 5205/5205
f 5202/5202 5205/5205 5203/5203
f 4290/4290 4348/4348 4311/4311
f 958/958 985/985 959/959
f 958/958 959/959 960/960
f 960/960 959/959 961/961
f 967/967 968/968 972/972
f 5254/5254 5255/5255 5256/5256
f 5436/5436 5431/5431 5433/5433
f 5433/5433 5431/5431 5429/5429
f 5436/5436 5437/5437 5431/5431
f 2278/2278 2299/2299 2279/2279
f 1497/1497 1487/1487 1496/1496
f 2279/2279 2287/2287 2286/2286
f 1487/1487 1489/1489 1495/1495
f 1496/1496 1487/1487 1495/1495
f 5451/5451 5452/5452 5450/5450
f 5450/5450 5453/5453 5454/5454
f 5454/5454 5453/5453 5456/5456
f 5873/5873 5900/5900 5881/5881
f 5881/5881 5900/5900 5891/5891
f 5871/5871 5869/5869 5870/5870
f 758/758 756/756 757/757
f 878/878 883/883 879/879
f 3865/3865 3873/3873 3864/3864
f 5223/5223 5219/5219 5220/5220
f 5215/5215 5208/5208 5207/5207
f 5207/5207 5208/5208 5205/5205
f 5222/5222 5215/5215 5216/5216
f 4280/4280 4281/4281 4289/4289
f 4289/4289 4281/4281 4288/4288
f 4288/4288 4281/4281 4284/4284
f 4286/4286 4285/4285 4290/4290
f 987/987 986/986 984/984
f 5422/5422 5429/5429 5428/5428
f 5422/5422 5428/5428 5426/5426
f 986/986 965/965 984/984
f 965/965 983/983 984/984
f 983/983 965/965 959/959
f 983/983 959/959 985/985
f 5433/5433 5438/5438 5436/5436
f 959/959 963/963 961/961
f 963/963 966/966 961/961
f 961/961 966/966 967/967
f 967/967 966/966 968/968
f 968/968 973/973 977/977
f 1497/1497 1488/1488 1487/1487
f 2279/2279 2299/2299 2287/2287
f 1495/1495 1489/1489 1492/1492
f 5452/5452 5453/5453 5450/5450
f 5886/5886 5891/5891 5902/5902
f 5872/5872 5871/5871 5870/5870
f 5878/5878 5890/5890 5871/5871
f 5075/5075 5072/5072 5074/5074
f 3875/3875 3876/3876 3865/3865
f 2192/2192 2187/2187 2193/2193
f 2193/2193 2187/2187 2188/2188
f 2193/2193 2188/2188 2198/2198
f 1459/1459 1475/1475 1474/1474
f 1459/1459 1474/1474 1473/1473
f 5072/5072 5073/5073 5074/5074
f 4346/4346 4335/4335 4351/4351
f 5205/5205 5208/5208 5206/5206
f 5423/5423 5422/5422 5426/5426
f 4280/4280 4208/4208 4281/4281
f 998/998 986/986 987/987
f 5433/5433 5429/5429 5422/5422
f 5439/5439 5436/5436 5438/5438
f 965/965 964/964 959/959
f 964/964 963/963 959/959
f 977/977 973/973 979/979
f 1498/1498 1488/1488 1497/1497
f 966/966 973/973 968/968
f 1488/1488 1486/1486 1487/1487
f 1487/1487 1485/1485 1489/1489
f 1489/1489 1485/1485 1492/1492
f 1855/1855 1851/1851 1854/1854
f 5881/5881 5891/5891 5884/5884
f 5884/5884 5891/5891 5886/5886
f 5874/5874 5870/5870 5873/5873
f 878/878 879/879 880/880
f 881/881 878/878 880/880
f 927/927 925/925 928/928
f 894/894 895/895 884/884
f 3876/3876 3877/3877 3865/3865
f 2192/2192 2191/2191 2187/2187
f 5385/5385 5390/5390 5388/5388
f 4675/4675 4676/4676 4677/4677
f 4677/4677 4676/4676 4679/4679
f 5376/5376 5377/5377 5385/5385
f 4202/4202 4335/4335 4346/4346
f 5423/5423 5426/5426 5424/5424
f 5422/5422 5438/5438 5433/5433
f 4202/4202 4280/4280 4335/4335
f 4202/4202 4189/4189 4280/4280
f 4189/4189 4208/4208 4280/4280
f 4284/4284 4285/4285 4286/4286
f 998/998 996/996 986/986
f 996/996 990/990 986/986
f 990/990 965/965 986/986
f 5478/5478 5479/5479 5475/5475
f 990/990 971/971 965/965
f 965/965 971/971 964/964
f 5480/5480 5479/5479 5478/5478
f 966/966 976/976 973/973
f 964/964 974/974 963/963
f 963/963 970/970 966/966
f 966/966 975/975 976/976
f 963/963 974/974 970/970
f 970/970 975/975 966/966
f 1487/1487 1486/1486 1483/1483
f 1487/1487 1483/1483 1485/1485
f 1485/1485 1493/1493 1492/1492
f 1855/1855 1856/1856 1851/1851
f 1851/1851 1852/1852 1853/1853
f 1854/1854 1851/1851 1853/1853
f 5874/5874 5873/5873 5881/5881
f 5884/5884 5886/5886 5885/5885
f 5880/5880 5872/5872 5870/5870
f 5876/5876 5871/5871 5872/5872
f 5876/5876 5878/5878 5871/5871
f 927/927 926/926 925/925
f 550/550 565/565 555/555
f 5386/5386 5376/5376 5385/5385
f 5388/5388 5390/5390 5449/5449
f 5441/5441 5449/5449 5415/5415
f 5441/5441 5444/5444 5449/5449
f 5441/5441 5415/5415 5417/5417
f 2191/2191 2190/2190 2187/2187
f 2187/2187 2190/2190 2189/2189
f 2187/2187 2189/2189 2185/2185
f 2187/2187 2185/2185 2188/2188
f 4675/4675 4678/4678 4676/4676
f 5415/5415 5416/5416 5417/5417
f 5422/5422 5423/5423 5421/5421
f 5373/5373 5377/5377 5376/5376
f 5377/5377 5390/5390 5385/5385
f 5449/5449 5408/5408 5415/5415
f 5415/5415 5414/5414 5416/5416
f 5390/5390 5397/5397 5449/5449
f 5415/5415 5408/5408 5414/5414
f 5477/5477 5474/5474 5476/5476
f 5377/5377 5397/5397 5390/5390
f 5448/5448 5438/5438 5422/5422
f 5222/5222 5226/5226 5221/5221
f 5222/5222 5228/5228 5226/5226
f 4285/4285 4307/4307 4290/4290
f 4290/4290 4307/4307 4348/4348
f 4040/4040 4036/4036 4041/4041
f 1770/1770 1766/1766 1768/1768
f 5476/5476 5474/5474 5475/5475
f 5475/5475 5473/5473 5478/5478
f 973/973 993/993 979/979
f 2245/2245 2247/2247 2254/2254
f 60/60 61/61 75/75
f 964/964 980/980 974/974
f 5480/5480 5481/5481 5479/5479
f 2254/2254 2247/2247 2249/2249
f 56/56 60/60 70/70
f 5881/5881 5884/5884 5883/5883
f 5883/5883 5884/5884 5885/5885
f 5880/5880 5870/5870 5874/5874
f 5880/5880 5877/5877 5872/5872
f 5877/5877 5876/5876 5872/5872
f 5876/5876 5879/5879 5878/5878
f 4883/4883 4884/4884 4885/4885
f 5442/5442 5443/5443 5441/5441
f 5441/5441 5417/5417 5442/5442
f 5387/5387 5386/5386 5385/5385
f 5387/5387 5385/5385 5388/5388
f 5421/5421 5424/5424 5425/5425
f 5421/5421 5423/5423 5424/5424
f 3876/3876 3879/3879 3877/3877
f 1475/1475 1476/1476 1474/1474
f 5396/5396 5376/5376 5386/5386
f 5417/5417 5416/5416 5418/5418
f 5419/5419 5422/5422 5421/5421
f 5396/5396 5445/5445 5378/5378
f 5419/5419 5448/5448 5422/5422
f 5482/5482 5483/5483 5484/5484
f 5383/5383 5301/5301 5445/5445
f 5405/5405 5408/5408 5449/5449
f 5416/5416 5414/5414 5448/5448
f 5445/5445 5375/5375 5378/5378
f 5375/5375 5374/5374 5378/5378
f 5378/5378 5374/5374 5376/5376
f 5376/5376 5374/5374 5373/5373
f 5383/5383 5277/5277 5301/5301
f 5408/5408 5407/5407 5414/5414
f 5464/5464 5466/5466 5467/5467
f 5373/5373 5372/5372 5377/5377
f 5397/5397 5403/5403 5405/5405
f 5408/5408 5405/5405 5403/5403
f 5408/5408 5403/5403 5407/5407
f 5407/5407 5440/5440 5414/5414
f 4284/4284 4283/4283 4285/4285
f 5277/5277 5282/5282 5301/5301
f 4208/4208 4282/4282 4281/4281
f 4281/4281 4282/4282 4283/4283
f 4281/4281 4283/4283 4284/4284
f 4034/4034 4021/4021 4032/4032
f 5473/5473 5475/5475 5474/5474
f 5472/5472 5473/5473 5474/5474
f 4032/4032 4021/4021 4023/4023
f 1768/1768 1758/1758 1769/1769
f 1758/1758 1765/1765 1769/1769
f 4005/4005 4004/4004 4007/4007
f 1765/1765 1773/1773 1771/1771
f 1769/1769 1765/1765 1771/1771
f 971/971 978/978 964/964
f 60/60 59/59 61/61
f 978/978 980/980 964/964
f 4293/4293 4269/4269 4294/4294
f 56/56 55/55 60/60
f 60/60 55/55 59/59
f 2247/2247 2248/2248 2249/2249
f 56/56 53/53 55/55
f 1485/1485 1483/1483 1484/1484
f 1485/1485 1484/1484 1493/1493
f 1856/1856 1857/1857 1851/1851
f 5881/5881 5883/5883 5882/5882
f 926/926 896/896 925/925
f 5387/5387 5388/5388 5389/5389
f 727/727 710/710 839/839
f 5427/5427 5421/5421 5425/5425
f 5493/5493 5492/5492 5495/5495
f 5413/5413 5396/5396 5386/5386
f 925/925 896/896 919/919
f 895/895 887/887 884/884
f 2186/2186 2185/2185 2183/2183
f 2180/2180 2182/2182 2181/2181
f 2180/2180 2197/2197 2182/2182
f 5483/5483 5482/5482 5485/5485
f 2185/2185 2189/2189 2184/2184
f 2185/2185 2184/2184 2183/2183
f 2183/2183 2184/2184 2180/2180
f 2184/2184 2196/2196 2180/2180
f 5226/5226 5227/5227 5209/5209
f 5280/5280 5277/5277 5307/5307
f 5277/5277 5383/5383 5307/5307
f 5280/5280 5278/5278 5277/5277
f 4285/4285 4337/4337 4307/4307
f 5373/5373 5370/5370 5372/5372
f 4283/4283 4303/4303 4285/4285
f 5276/5276 5277/5277 5278/5278
f 5374/5374 5375/5375 5370/5370
f 5374/5374 5370/5370 5373/5373
f 5372/5372 5380/5380 5397/5397
f 5372/5372 5397/5397 5377/5377
f 4189/4189 4188/4188 4208/4208
f 1768/1768 1766/1766 1758/1758
f 4030/4030 4018/4018 4013/4013
f 5305/5305 5300/5300 5276/5276
f 5277/5277 5276/5276 5279/5279
f 5464/5464 5465/5465 5466/5466
f 5375/5375 5384/5384 5370/5370
f 2239/2239 2241/2241 2242/2242
f 4013/4013 4007/4007 4009/4009
f 5277/5277 5279/5279 5282/5282
f 5301/5301 5283/5283 5384/5384
f 5279/5279 5283/5283 5282/5282
f 5282/5282 5283/5283 5301/5301
f 2242/2242 2241/2241 2244/2244
f 4007/4007 4008/4008 4009/4009
f 2242/2242 2244/2244 2245/2245
f 994/994 993/993 995/995
f 2245/2245 2244/2244 2246/2246
f 2245/2245 2246/2246 2247/2247
f 1765/1765 1764/1764 1773/1773
f 61/61 63/63 64/64
f 1764/1764 1782/1782 1773/1773
f 62/62 63/63 61/61
f 59/59 62/62 61/61
f 2246/2246 2248/2248 2247/2247
f 4275/4275 4269/4269 4293/4293
f 1481/1481 1482/1482 1483/1483
f 1486/1486 1481/1481 1483/1483
f 1483/1483 1482/1482 1484/1484
f 1859/1859 1858/1858 1856/1856
f 1856/1856 1858/1858 1857/1857
f 5887/5887 5874/5874 5882/5882
f 5899/5899 5874/5874 5887/5887
f 5899/5899 5880/5880 5874/5874
f 5877/5877 5879/5879 5876/5876
f 926/926 922/922 896/896
f 564/564 555/555 566/566
f 555/555 564/564 554/554
f 555/555 554/554 550/550
f 5391/5391 5386/5386 5387/5387
f 5391/5391 5387/5387 5389/5389
f 5417/5417 5418/5418 5420/5420
f 707/707 837/837 832/832
f 5420/5420 5421/5421 5427/5427
f 5420/5420 5419/5419 5421/5421
f 5486/5486 5482/5482 5487/5487
f 1475/1475 1477/1477 1476/1476
f 4676/4676 4681/4681 4680/4680
f 4676/4676 4680/4680 4679/4679
f 919/919 911/911 920/920
f 4683/4683 4681/4681 4682/4682
f 4682/4682 4681/4681 4676/4676
f 2189/2189 2194/2194 2184/2184
f 2194/2194 2195/2195 2184/2184
f 2184/2184 2195/2195 2196/2196
f 2180/2180 2196/2196 2197/2197
f 4346/4346 4211/4211 4202/4202
f 5395/5395 5278/5278 5280/5280
f 5291/5291 5278/5278 5298/5298
f 5298/5298 5278/5278 5395/5395
f 5232/5232 5194/5194 5228/5228
f 5291/5291 5292/5292 5276/5276
f 5291/5291 5276/5276 5278/5278
f 5403/5403 5406/5406 5407/5407
f 4283/4283 4345/4345 4303/4303
f 1767/1767 1763/1763 1766/1766
f 5293/5293 5294/5294 5292/5292
f 5293/5293 5292/5292 5291/5291
f 5292/5292 5305/5305 5276/5276
f 5402/5402 5404/5404 5403/5403
f 2243/2243 2240/2240 2239/2239
f 5397/5397 5402/5402 5403/5403
f 1766/1766 1759/1759 1758/1758
f 4028/4028 4022/4022 4016/4016
f 5380/5380 5402/5402 5397/5397
f 2239/2239 2240/2240 2241/2241
f 4208/4208 4209/4209 4296/4296
f 4208/4208 4296/4296 4282/4282
f 5384/5384 5303/5303 5370/5370
f 5300/5300 5281/5281 5276/5276
f 5281/5281 5279/5279 5276/5276
f 5281/5281 5331/5331 5279/5279
f 1765/1765 1758/1758 1760/1760
f 65/65 66/66 64/64
f 63/63 65/65 64/64
f 59/59 67/67 62/62
f 55/55 54/54 59/59
f 69/69 57/57 58/58
f 58/58 57/57 53/53
f 53/53 57/57 54/54
f 1851/1851 1857/1857 1852/1852
f 5907/5907 5901/5901 5905/5905
f 5905/5905 5901/5901 5880/5880
f 5270/5270 5271/5271 5272/5272
f 5901/5901 5877/5877 5880/5880
f 922/922 923/923 897/897
f 716/716 829/829 718/718
f 709/709 832/832 843/843
f 919/919 896/896 904/904
f 904/904 911/911 919/919
f 547/547 548/548 549/549
f 920/920 911/911 921/921
f 5295/5295 5291/5291 5297/5297
f 5297/5297 5291/5291 5298/5298
f 5295/5295 5293/5293 5291/5291
f 4202/4202 4211/4211 4201/4201
f 10/10 11/11 12/12
f 5191/5191 5194/5194 5192/5192
f 5403/5403 5404/5404 5406/5406
f 4025/4025 4022/4022 4028/4028
f 4282/4282 4296/4296 4283/4283
f 5370/5370 5369/5369 5372/5372
f 5372/5372 5379/5379 5380/5380
f 4208/4208 4188/4188 4209/4209
f 5303/5303 5369/5369 5370/5370
f 1758/1758 1759/1759 1760/1760
f 5384/5384 5283/5283 5303/5303
f 62/62 76/76 63/63
f 5331/5331 5285/5285 5279/5279
f 2246/2246 2255/2255 2248/2248
f 1481/1481 1490/1490 1482/1482
f 1482/1482 1490/1490 1484/1484
f 1857/1857 1860/1860 1852/1852
f 5905/5905 5899/5899 5906/5906
f 5907/5907 5905/5905 5906/5906
f 922/922 897/897 896/896
f 904/904 905/905 911/911
f 954/954 944/944 948/948
f 5399/5399 5327/5327 5383/5383
f 5297/5297 5392/5392 5393/5393
f 4347/4347 4211/4211 4346/4346
f 5297/5297 5298/5298 5392/5392
f 5392/5392 5298/5298 5395/5395
f 5296/5296 5313/5313 5293/5293
f 5296/5296 5293/5293 5295/5295
f 5313/5313 5314/5314 5293/5293
f 5411/5411 5447/5447 5314/5314
f 474/474 481/481 482/482
f 4202/4202 4184/4184 4189/4189
f 5366/5366 5361/5361 5364/5364
f 2240/2240 2250/2250 2244/2244
f 5366/5366 5365/5365 5361/5361
f 5369/5369 5379/5379 5372/5372
f 4209/4209 4297/4297 4296/4296
f 5303/5303 5332/5332 5369/5369
f 2244/2244 2251/2251 2246/2246
f 2246/2246 2251/2251 2253/2253
f 5468/5468 5469/5469 5470/5470
f 5289/5289 5285/5285 5331/5331
f 2246/2246 2253/2253 2255/2255
f 57/57 72/72 71/71
f 4339/4339 4332/4332 4354/4354
f 5285/5285 5284/5284 5279/5279
f 5279/5279 5284/5284 5283/5283
f 1775/1775 1782/1782 1777/1777
f 4269/4269 4270/4270 4271/4271
f 73/73 72/72 57/57
f 4339/4339 4328/4328 4332/4332
f 4268/4268 4269/4269 4274/4274
f 4275/4275 4274/4274 4269/4269
f 4328/4328 4329/4329 4332/4332
f 1491/1491 1490/1490 1481/1481
f 929/929 930/930 918/918
f 929/929 918/918 924/924
f 924/924 912/912 923/923
f 923/923 912/912 897/897
f 713/713 712/712 711/711
f 718/718 696/696 716/716
f 5461/5461 5459/5459 5460/5460
f 948/948 944/944 943/943
f 5326/5326 5307/5307 5327/5327
f 5393/5393 5392/5392 5394/5394
f 5014/5014 5015/5015 5016/5016
f 5392/5392 5395/5395 5412/5412
f 5323/5323 5411/5411 5314/5314
f 5323/5323 5314/5314 5315/5315
f 5315/5315 5314/5314 5313/5313
f 5411/5411 5457/5457 5447/5447
f 5333/5333 5337/5337 5411/5411
f 4201/4201 4184/4184 4202/4202
f 5364/5364 5358/5358 5367/5367
f 5337/5337 5349/5349 5411/5411
f 5349/5349 5457/5457 5411/5411
f 473/473 471/471 474/474
f 2240/2240 2252/2252 2250/2250
f 4189/4189 4184/4184 4188/4188
f 5364/5364 5361/5361 5358/5358
f 4296/4296 4297/4297 4309/4309
f 5365/5365 5362/5362 5361/5361
f 2244/2244 2250/2250 2251/2251
f 1762/1762 1761/1761 1772/1772
f 5304/5304 5332/5332 5303/5303
f 5283/5283 5302/5302 5303/5303
f 4333/4333 4302/4302 4328/4328
f 4333/4333 4328/4328 4339/4339
f 5283/5283 5284/5284 5286/5286
f 4268/4268 4250/4250 4269/4269
f 4328/4328 4299/4299 4329/4329
f 339/339 340/340 363/363
f 930/930 915/915 918/918
f 924/924 918/918 912/912
f 912/912 899/899 897/897
f 896/896 897/897 898/898
f 698/698 718/718 700/700
f 5459/5459 5371/5371 5460/5460
f 672/672 717/717 716/716
f 5459/5459 5458/5458 5371/5371
f 5458/5458 5356/5356 5371/5371
f 5356/5356 5352/5352 5330/5330
f 5412/5412 5395/5395 5326/5326
f 5315/5315 5313/5313 5316/5316
f 5330/5330 5333/5333 5328/5328
f 5328/5328 5411/5411 5398/5398
f 5352/5352 5334/5334 5330/5330
f 5334/5334 5333/5333 5330/5330
f 5328/5328 5333/5333 5411/5411
f 5411/5411 5323/5323 5398/5398
f 5334/5334 5335/5335 5333/5333
f 5357/5357 5355/5355 5334/5334
f 5334/5334 5355/5355 5335/5335
f 5335/5335 5336/5336 5333/5333
f 5355/5355 5410/5410 5335/5335
f 5335/5335 5410/5410 5336/5336
f 5367/5367 5358/5358 5357/5357
f 5357/5357 5358/5358 5355/5355
f 474/474 475/475 476/476
f 474/474 476/476 481/481
f 5333/5333 5336/5336 5337/5337
f 5358/5358 5360/5360 5355/5355
f 5360/5360 5368/5368 5355/5355
f 5355/5355 5368/5368 5410/5410
f 473/473 472/472 471/471
f 4184/4184 4185/4185 4188/4188
f 5361/5361 5360/5360 5358/5358
f 478/478 469/469 472/472
f 5338/5338 5337/5337 5336/5336
f 5361/5361 5362/5362 5360/5360
f 5337/5337 5348/5348 5349/5349
f 382/382 381/381 364/364
f 1675/1675 1677/1677 1682/1682
f 5303/5303 5302/5302 5304/5304
f 4325/4325 4302/4302 4333/4333
f 5469/5469 5468/5468 5471/5471
f 73/73 74/74 72/72
f 4269/4269 4250/4250 4270/4270
f 1491/1491 1494/1494 1490/1490
f 1494/1494 1501/1501 1490/1490
f 4302/4302 4299/4299 4328/4328
f 1490/1490 1501/1501 1499/1499
f 915/915 913/913 918/918
f 918/918 913/913 912/912
f 899/899 898/898 897/897
f 940/940 952/952 941/941
f 5371/5371 5324/5324 5329/5329
f 5371/5371 5330/5330 5324/5324
f 861/861 835/835 834/834
f 835/835 833/833 834/834
f 5328/5328 5398/5398 5321/5321
f 5321/5321 5398/5398 5323/5323
f 5321/5321 5323/5323 5317/5317
f 5323/5323 5315/5315 5317/5317
f 5317/5317 5315/5315 5316/5316
f 5324/5324 5330/5330 5328/5328
f 474/474 471/471 475/475
f 5488/5488 5489/5489 5490/5490
f 5350/5350 5336/5336 5410/5410
f 467/467 469/469 478/478
f 5336/5336 5350/5350 5338/5338
f 5360/5360 5363/5363 5368/5368
f 4188/4188 4185/4185 4209/4209
f 5338/5338 5339/5339 5337/5337
f 4209/4209 4185/4185 4181/4181
f 4209/4209 4181/4181 4297/4297
f 4297/4297 4276/4276 4309/4309
f 5339/5339 5341/5341 5337/5337
f 5337/5337 5341/5341 5348/5348
f 4325/4325 4295/4295 4302/4302
f 5311/5311 5289/5289 5312/5312
f 5283/5283 5286/5286 5302/5302
f 5285/5285 5287/5287 5284/5284
f 5284/5284 5306/5306 5286/5286
f 3908/3908 3909/3909 3910/3910
f 4302/4302 4301/4301 4299/4299
f 3910/3910 3909/3909 3911/3911
f 340/340 339/339 335/335
f 899/899 900/900 898/898
f 653/653 830/830 870/870
f 864/864 861/861 834/834
f 5324/5324 5328/5328 5321/5321
f 481/481 476/476 483/483
f 469/469 471/471 472/472
f 467/467 465/465 466/466
f 5368/5368 5363/5363 5409/5409
f 5488/5488 5491/5491 5489/5489
f 5409/5409 5340/5340 5350/5350
f 5350/5350 5340/5340 5338/5338
f 5362/5362 5363/5363 5360/5360
f 5340/5340 5339/5339 5338/5338
f 463/463 464/464 465/465
f 5339/5339 5342/5342 5341/5341
f 4270/4270 4272/4272 4273/4273
f 5310/5310 5289/5289 5311/5311
f 5310/5310 5308/5308 5289/5289
f 4250/4250 4272/4272 4270/4270
f 4295/4295 4298/4298 4302/4302
f 4302/4302 4298/4298 4301/4301
f 5287/5287 5306/5306 5284/5284
f 5325/5325 5324/5324 5322/5322
f 4347/4347 4336/4336 4211/4211
f 469/469 470/470 471/471
f 4326/4326 4306/4306 4327/4327
f 4309/4309 4217/4217 4305/4305
f 4327/4327 4306/4306 4331/4331
f 459/459 462/462 463/463
f 4297/4297 4181/4181 4276/4276
f 4276/4276 4217/4217 4309/4309
f 5343/5343 5342/5342 5339/5339
f 4267/4267 4250/4250 4268/4268
f 5288/5288 5287/5287 5285/5285
f 4301/4301 4237/4237 4299/4299
f 5317/5317 5318/5318 5319/5319
f 5320/5320 5317/5317 5319/5319
f 729/729 838/838 722/722
f 4211/4211 4190/4190 4201/4201
f 475/475 477/477 489/489
f 475/475 489/489 476/476
f 362/362 344/344 371/371
f 371/371 344/344 361/361
f 470/470 477/477 471/471
f 467/467 466/466 468/468
f 467/467 468/468 469/469
f 465/465 464/464 466/466
f 463/463 462/462 464/464
f 4305/4305 4304/4304 4326/4326
f 4304/4304 4306/4306 4326/4326
f 5345/5345 5344/5344 5339/5339
f 5345/5345 5346/5346 5344/5344
f 5344/5344 5343/5343 5339/5339
f 5343/5343 5344/5344 5381/5381
f 455/455 458/458 459/459
f 4266/4266 4250/4250 4267/4267
f 4250/4250 4240/4240 4272/4272
f 5289/5289 5308/5308 5299/5299
f 4295/4295 4241/4241 4298/4298
f 5289/5289 5288/5288 5285/5285
f 4299/4299 4237/4237 4243/4243
f 4299/4299 4243/4243 4300/4300
f 664/664 731/731 663/663
f 548/548 551/551 549/549
f 4211/4211 4336/4336 4212/4212
f 4201/4201 4190/4190 4184/4184
f 469/469 468/468 470/470
f 4184/4184 4183/4183 4185/4185
f 4183/4183 4181/4181 4185/4185
f 4305/4305 4217/4217 4304/4304
f 458/458 462/462 459/459
f 4181/4181 4182/4182 4276/4276
f 4182/4182 4217/4217 4276/4276
f 5344/5344 5382/5382 5381/5381
f 455/455 449/449 458/458
f 454/454 449/449 455/455
f 4266/4266 4249/4249 4250/4250
f 5299/5299 5290/5290 5289/5289
f 5289/5289 5290/5290 5288/5288
f 4298/4298 4237/4237 4301/4301
f 641/641 730/730 645/645
f 651/651 831/831 652/652
f 4211/4211 4212/4212 4190/4190
f 4217/4217 4213/4213 4304/4304
f 4213/4213 4306/4306 4304/4304
f 445/445 449/449 454/454
f 4249/4249 4240/4240 4250/4250
f 5308/5308 5309/5309 5299/5299
f 4295/4295 4242/4242 4241/4241
f 431/431 442/442 445/445
f 548/548 552/552 551/551
f 307/307 304/304 308/308
f 3450/3450 3452/3452 3453/3453
f 4835/4835 4832/4832 4831/4831
f 4833/4833 4834/4834 4830/4830
f 4832/4832 4830/4830 4831/4831
f 4838/4838 4824/4824 4827/4827
f 5345/5345 5347/5347 5346/5346
f 4272/4272 4240/4240 4273/4273
f 4273/4273 4240/4240 4242/4242
f 4273/4273 4242/4242 4295/4295
f 4298/4298 4241/4241 4237/4237
f 548/548 553/553 552/552
f 3450/3450 3456/3456 3455/3455
f 4779/4779 4774/4774 4781/4781
f 3450/3450 3455/3455 3451/3451
f 3967/3967 3965/3965 3966/3966
f 4837/4837 4839/4839 4840/4840
f 3636/3636 3637/3637 3638/3638
f 4780/4780 4778/4778 4779/4779
f 4779/4779 4778/4778 4774/4774
f 4774/4774 4778/4778 4775/4775
f 4774/4774 4775/4775 4776/4776
f 3450/3450 3451/3451 3452/3452
f 3912/3912 3914/3914 3915/3915
f 3966/3966 3965/3965 3960/3960
f 4839/4839 4805/4805 4840/4840
f 3960/3960 3962/3962 3966/3966
f 4836/4836 4838/4838 4839/4839
f 4839/4839 4838/4838 4805/4805
f 3956/3956 3959/3959 3957/3957
f 3957/3957 3961/3961 3960/3960
f 4831/4831 4829/4829 4838/4838
f 3474/3474 3478/3478 3479/3479
f 4834/4834 4841/4841 4830/4830
f 4833/4833 4830/4830 4832/4832
f 4838/4838 4829/4829 4824/4824
f 3479/3479 3473/3473 3474/3474
f 3474/3474 3473/3473 3472/3472
f 4824/4824 4829/4829 4823/4823
f 4967/4967 4968/4968 4969/4969
f 3462/3462 3459/3459 3461/3461
f 4830/4830 4828/4828 4829/4829
f 4842/4842 4823/4823 4822/4822
f 3461/3461 3459/3459 3458/3458
f 3457/3457 3463/3463 3458/3458
f 3771/3771 3772/3772 3770/3770
f 3935/3935 3936/3936 3937/3937
f 3770/3770 3769/3769 3768/3768
f 3771/3771 3770/3770 3765/3765
f 3770/3770 3768/3768 3765/3765
f 464/464 480/480 479/479
f 462/462 480/480 464/464
f 458/458 486/486 462/462
f 449/449 522/522 458/458
f 5345/5345 5351/5351 5347/5347
f 5347/5347 5353/5353 5346/5346
f 442/442 449/449 445/445
f 3849/3849 3848/3848 3844/3844
f 4249/4249 4247/4247 4240/4240
f 460/460 425/425 426/426
f 426/426 421/421 427/427
f 4237/4237 4238/4238 4243/4243
f 561/561 560/560 554/554
f 554/554 560/560 553/553
f 5625/5625 5619/5619 5626/5626
f 5618/5618 5635/5635 5619/5619
f 5628/5628 5627/5627 5625/5625
f 5627/5627 5624/5624 5625/5625
f 5625/5625 5624/5624 5619/5619
f 5619/5619 5624/5624 5623/5623
f 5619/5619 5623/5623 5611/5611
f 5619/5619 5611/5611 5618/5618
f 3972/3972 3969/3969 3971/3971
f 5611/5611 5612/5612 5609/5609
f 5612/5612 5613/5613 5609/5609
f 5630/5630 5629/5629 5628/5628
f 5612/5612 5615/5615 5613/5613
f 3451/3451 3454/3454 3452/3452
f 3912/3912 3913/3913 3914/3914
f 3965/3965 3964/3964 3960/3960
f 5615/5615 5616/5616 5613/5613
f 4784/4784 4780/4780 4779/4779
f 4783/4783 4782/4782 4778/4778
f 4778/4778 4782/4782 4775/4775
f 3477/3477 3478/3478 3474/3474
f 3477/3477 3474/3474 3455/3455
f 3960/3960 3964/3964 3963/3963
f 4805/4805 4788/4788 4780/4780
f 4780/4780 4788/4788 4783/4783
f 3480/3480 3479/3479 3478/3478
f 4843/4843 4841/4841 4834/4834
f 4805/4805 4824/4824 4822/4822
f 4805/4805 4822/4822 4788/4788
f 3464/3464 3459/3459 3462/3462
f 3464/3464 3460/3460 3459/3459
f 3459/3459 3460/3460 3457/3457
f 3473/3473 3469/3469 3472/3472
f 2643/2643 2644/2644 2645/2645
f 3472/3472 3469/3469 3471/3471
f 3460/3460 3465/3465 3457/3457
f 4825/4825 4789/4789 4823/4823
f 4823/4823 4789/4789 4822/4822
f 2644/2644 2646/2646 2645/2645
f 3469/3469 3466/3466 3468/3468
f 3457/3457 3465/3465 3463/3463
f 3549/3549 3551/3551 3550/3550
f 3548/3548 3549/3549 3550/3550
f 3768/3768 3763/3763 3765/3765
f 3466/3466 3467/3467 3468/3468
f 2646/2646 2651/2651 2652/2652
f 3470/3470 3467/3467 3463/3463
f 3936/3936 3935/3935 3939/3939
f 2954/2954 2938/2938 2942/2942
f 3789/3789 3782/3782 3786/3786
f 4184/4184 4172/4172 4183/4183
f 462/462 486/486 480/480
f 4183/4183 4165/4165 4181/4181
f 4181/4181 4160/4160 4182/4182
f 4182/4182 4205/4205 4217/4217
f 5351/5351 5359/5359 5347/5347
f 5347/5347 5354/5354 5353/5353
f 442/442 450/450 449/449
f 4251/4251 4247/4247 4249/4249
f 427/427 430/430 431/431
f 431/431 430/430 442/442
f 4242/4242 4239/4239 4241/4241
f 425/425 421/421 426/426
f 427/427 421/421 422/422
f 3141/3141 3143/3143 3145/3145
f 4491/4491 4497/4497 4493/4493
f 2435/2435 2433/2433 2434/2434
f 552/552 556/556 551/551
f 3973/3973 3967/3967 3974/3974
f 3974/3974 3967/3967 3969/3969
f 4349/4349 4308/4308 4336/4336
f 2432/2432 2431/2431 2430/2430
f 3973/3973 3965/3965 3967/3967
f 5609/5609 5613/5613 5614/5614
f 2431/2431 2424/2424 2430/2430
f 3975/3975 3964/3964 3965/3965
f 3975/3975 3965/3965 3973/3973
f 4336/4336 4308/4308 4212/4212
f 3455/3455 3476/3476 3451/3451
f 3451/3451 3476/3476 3454/3454
f 2424/2424 2413/2413 2423/2423
f 2429/2429 2424/2424 2423/2423
f 3476/3476 3475/3475 3454/3454
f 4788/4788 4782/4782 4783/4783
f 4782/4782 4777/4777 4775/4775
f 2655/2655 2654/2654 2650/2650
f 2650/2650 2654/2654 2653/2653
f 4788/4788 4787/4787 4782/4782
f 3471/3471 3460/3460 3464/3464
f 3475/3475 3471/3471 3464/3464
f 4788/4788 4785/4785 4787/4787
f 2644/2644 2653/2653 2649/2649
f 2644/2644 2649/2649 2647/2647
f 2962/2962 2961/2961 2960/2960
f 2647/2647 2648/2648 2646/2646
f 3784/3784 3781/3781 3780/3780
f 3766/3766 3767/3767 3768/3768
f 2938/2938 2941/2941 2942/2942
f 3778/3778 3779/3779 3780/3780
f 3780/3780 3781/3781 3778/3778
f 2957/2957 2940/2940 2955/2955
f 3782/3782 3783/3783 3778/3778
f 369/369 352/352 351/351
f 4183/4183 4172/4172 4165/4165
f 4165/4165 4160/4160 4181/4181
f 4213/4213 4215/4215 4216/4216
f 4160/4160 4161/4161 4182/4182
f 5347/5347 5359/5359 5354/5354
f 2439/2439 2438/2438 2437/2437
f 2436/2436 2435/2435 2437/2437
f 3309/3309 3315/3315 3311/3311
f 3144/3144 3142/3142 3141/3141
f 3093/3093 3094/3094 3095/3095
f 5606/5606 5607/5607 5603/5603
f 2436/2436 2433/2433 2435/2435
f 3141/3141 3142/3142 3143/3143
f 5603/5603 5604/5604 5605/5605
f 5603/5603 5605/5605 5606/5606
f 5605/5605 5621/5621 5606/5606
f 5605/5605 5609/5609 5621/5621
f 557/557 558/558 556/556
f 5609/5609 5614/5614 5621/5621
f 5040/5040 5037/5037 5041/5041
f 5614/5614 5637/5637 5621/5621
f 4349/4349 4350/4350 4308/4308
f 2876/2876 2877/2877 2878/2878
f 5640/5640 5668/5668 5667/5667
f 4308/4308 4203/4203 4212/4212
f 2413/2413 2416/2416 2422/2422
f 4203/4203 4190/4190 4212/4212
f 4782/4782 4787/4787 4777/4777
f 4787/4787 4791/4791 4777/4777
f 3676/3676 3677/3677 3678/3678
f 4785/4785 4786/4786 4787/4787
f 4190/4190 4186/4186 4184/4184
f 2960/2960 2956/2956 2944/2944
f 2936/2936 2937/2937 2939/2939
f 4785/4785 4789/4789 4786/4786
f 4786/4786 4790/4790 4787/4787
f 4787/4787 4790/4790 4791/4791
f 4791/4791 4790/4790 4792/4792
f 2961/2961 2959/2959 2960/2960
f 2937/2937 2936/2936 2935/2935
f 4789/4789 4793/4793 4786/4786
f 4061/4061 4052/4052 4055/4055
f 2935/2935 2938/2938 2937/2937
f 4804/4804 4815/4815 4803/4803
f 4804/4804 4803/4803 4802/4802
f 4802/4802 4803/4803 4793/4793
f 4184/4184 4186/4186 4172/4172
f 4055/4055 4056/4056 4057/4057
f 2955/2955 2940/2940 2935/2935
f 2935/2935 2934/2934 2955/2955
f 2935/2935 2940/2940 2938/2938
f 4056/4056 4059/4059 4058/4058
f 4057/4057 4056/4056 4058/4058
f 4058/4058 4059/4059 4060/4060
f 5769/5769 5767/5767 5766/5766
f 5767/5767 5771/5771 5768/5768
f 5766/5766 5767/5767 5768/5768
f 2940/2940 2943/2943 2941/2941
f 2941/2941 2943/2943 2945/2945
f 4217/4217 4205/4205 4213/4213
f 4161/4161 4205/4205 4182/4182
f 442/442 430/430 450/450
f 4247/4247 4230/4230 4240/4240
f 422/422 430/430 427/427
f 3836/3836 3835/3835 3844/3844
f 5077/5077 5079/5079 5081/5081
f 424/424 421/421 425/425
f 4241/4241 4239/4239 4237/4237
f 658/658 644/644 659/659
f 5684/5684 5681/5681 5683/5683
f 3308/3308 3309/3309 3310/3310
f 3308/3308 3307/3307 3309/3309
f 3309/3309 3311/3311 3310/3310
f 5620/5620 5610/5610 5607/5607
f 5607/5607 5608/5608 5620/5620
f 3318/3318 3314/3314 3301/3301
f 3318/3318 3319/3319 3320/3320
f 3318/3318 3301/3301 3319/3319
f 5670/5670 5671/5671 5672/5672
f 5039/5039 5037/5037 5040/5040
f 3325/3325 3321/3321 3319/3319
f 3319/3319 3321/3321 3320/3320
f 5641/5641 5621/5621 5639/5639
f 5621/5621 5638/5638 5639/5639
f 3323/3323 3324/3324 3322/3322
f 3323/3323 3322/3322 3321/3321
f 5638/5638 5640/5640 5639/5639
f 5716/5716 5710/5710 5709/5709
f 2872/2872 2875/2875 2876/2876
f 2876/2876 2875/2875 2877/2877
f 2877/2877 2875/2875 2880/2880
f 5640/5640 5667/5667 5643/5643
f 5667/5667 5649/5649 5643/5643
f 1907/1907 1908/1908 1909/1909
f 1907/1907 1904/1904 1908/1908
f 1909/1909 1908/1908 1910/1910
f 1917/1917 1905/1905 1907/1907
f 1908/1908 1919/1919 1910/1910
f 4777/4777 4791/4791 4799/4799
f 5668/5668 5664/5664 5667/5667
f 1917/1917 1918/1918 1905/1905
f 1908/1908 1920/1920 1919/1919
f 3683/3683 3681/3681 3677/3677
f 2944/2944 2936/2936 2939/2939
f 4799/4799 4791/4791 4797/4797
f 351/351 305/305 338/338
f 352/352 305/305 351/351
f 3680/3680 3673/3673 3682/3682
f 3679/3679 3680/3680 3682/3682
f 2956/2956 2958/2958 2934/2934
f 2934/2934 2935/2935 2936/2936
f 2956/2956 2934/2934 2936/2936
f 4791/4791 4792/4792 4797/4797
f 4803/4803 4800/4800 4793/4793
f 4052/4052 4047/4047 4055/4055
f 4055/4055 4047/4047 4056/4056
f 4793/4793 4790/4790 4786/4786
f 4793/4793 4795/4795 4794/4794
f 4790/4790 4793/4793 4794/4794
f 4790/4790 4794/4794 4792/4792
f 2948/2948 2947/2947 2940/2940
f 2940/2940 2947/2947 2943/2943
f 2947/2947 2946/2946 2943/2943
f 5767/5767 5770/5770 5784/5784
f 2946/2946 2945/2945 2943/2943
f 4213/4213 4206/4206 4214/4214
f 4213/4213 4214/4214 4215/4215
f 4240/4240 4239/4239 4242/4242
f 423/423 421/421 424/424
f 560/560 562/562 553/553
f 3302/3302 3312/3312 3313/3313
f 3051/3051 3052/3052 3047/3047
f 3312/3312 3306/3306 3308/3308
f 3313/3313 3312/3312 3308/3308
f 3306/3306 3307/3307 3308/3308
f 5685/5685 5686/5686 5681/5681
f 5685/5685 5681/5681 5684/5684
f 5681/5681 5682/5682 5683/5683
f 3302/3302 3314/3314 3312/3312
f 3300/3300 3301/3301 3302/3302
f 3302/3302 3301/3301 3314/3314
f 5636/5636 5622/5622 5610/5610
f 557/557 552/552 553/553
f 5043/5043 5042/5042 5039/5039
f 3306/3306 3316/3316 3307/3307
f 3301/3301 3304/3304 3319/3319
f 5038/5038 5037/5037 5039/5039
f 5038/5038 5035/5035 5037/5037
f 5645/5645 5644/5644 5650/5650
f 5639/5639 5640/5640 5642/5642
f 5642/5642 5640/5640 5643/5643
f 5642/5642 5643/5643 5644/5644
f 5643/5643 5646/5646 5644/5644
f 5644/5644 5646/5646 5650/5650
f 5646/5646 5647/5647 5648/5648
f 5646/5646 5651/5651 5650/5650
f 5172/5172 5169/5169 5171/5171
f 5643/5643 5649/5649 5647/5647
f 5643/5643 5647/5647 5646/5646
f 5651/5651 5652/5652 5650/5650
f 5708/5708 5707/5707 5705/5705
f 2415/2415 2413/2413 2412/2412
f 2412/2412 2413/2413 2414/2414
f 2415/2415 2416/2416 2413/2413
f 2415/2415 2417/2417 2416/2416
f 5673/5673 5674/5674 5675/5675
f 4308/4308 4150/4150 4203/4203
f 1904/1904 1906/1906 1908/1908
f 5667/5667 5664/5664 5657/5657
f 1904/1904 1905/1905 1906/1906
f 5657/5657 5664/5664 5659/5659
f 3677/3677 3681/3681 3680/3680
f 3681/3681 3675/3675 3673/3673
f 3680/3680 3681/3681 3673/3673
f 3675/3675 3672/3672 3673/3673
f 4792/4792 4798/4798 4797/4797
f 2951/2951 2952/2952 2949/2949
f 2951/2951 2949/2949 2950/2950
f 5772/5772 5785/5785 5771/5771
f 2950/2950 2949/2949 2948/2948
f 5767/5767 5773/5773 5772/5772
f 5767/5767 5772/5772 5771/5771
f 4800/4800 4795/4795 4793/4793
f 2948/2948 2949/2949 2947/2947
f 5787/5787 5788/5788 5789/5789
f 4794/4794 4796/4796 4792/4792
f 4792/4792 4796/4796 4798/4798
f 4090/4090 4091/4091 4092/4092
f 4795/4795 4808/4808 4794/4794
f 2947/2947 2953/2953 2946/2946
f 5792/5792 5790/5790 5791/5791
f 4092/4092 4091/4091 4105/4105
f 4205/4205 4206/4206 4213/4213
f 3846/3846 3834/3834 3836/3836
f 5077/5077 5078/5078 5079/5079
f 5079/5079 5078/5078 5080/5080
f 4248/4248 4230/4230 4247/4247
f 4240/4240 4231/4231 4239/4239
f 4239/4239 4233/4233 4237/4237
f 4237/4237 4235/4235 4238/4238
f 3047/3047 3049/3049 3051/3051
f 5044/5044 5042/5042 5043/5043
f 3300/3300 3303/3303 3301/3301
f 3499/3499 3495/3495 3503/3503
f 3303/3303 3304/3304 3301/3301
f 5641/5641 5639/5639 5642/5642
f 5642/5642 5644/5644 5645/5645
f 2259/2259 2256/2256 2258/2258
f 2256/2256 2257/2257 2258/2258
f 5035/5035 5036/5036 5037/5037
f 5707/5707 5709/5709 5710/5710
f 5649/5649 5648/5648 5647/5647
f 5169/5169 5170/5170 5171/5171
f 5707/5707 5706/5706 5705/5705
f 2872/2872 2873/2873 2874/2874
f 2872/2872 2874/2874 2875/2875
f 2873/2873 2879/2879 2874/2874
f 2882/2882 2881/2881 2873/2873
f 2873/2873 2881/2881 2879/2879
f 5171/5171 5170/5170 5173/5173
f 5651/5651 5654/5654 5653/5653
f 4330/4330 4150/4150 4308/4308
f 5651/5651 5653/5653 5652/5652
f 2415/2415 2418/2418 2417/2417
f 2884/2884 2881/2881 2883/2883
f 4203/4203 4178/4178 4190/4190
f 4178/4178 4186/4186 4190/4190
f 1918/1918 1911/1911 1905/1905
f 1905/1905 1911/1911 1906/1906
f 5657/5657 5659/5659 5658/5658
f 358/358 298/298 352/352
f 4054/4054 4053/4053 4051/4051
f 4051/4051 4053/4053 4048/4048
f 4797/4797 4798/4798 4806/4806
f 4797/4797 4806/4806 4811/4811
f 4047/4047 4048/4048 4049/4049
f 4047/4047 4049/4049 4050/4050
f 5775/5775 5774/5774 5773/5773
f 4798/4798 4796/4796 4809/4809
f 4800/4800 4801/4801 4795/4795
f 4795/4795 4810/4810 4808/4808
f 4091/4091 4098/4098 4105/4105
f 5782/5782 5783/5783 5780/5780
f 4794/4794 4819/4819 4796/4796
f 4160/4160 4158/4158 4161/4161
f 4161/4161 4158/4158 4205/4205
f 4206/4206 4210/4210 4214/4214
f 4248/4248 4229/4229 4230/4230
f 5046/5046 5049/5049 5047/5047
f 5084/5084 5078/5078 5085/5085
f 5047/5047 5054/5054 5048/5048
f 4230/4230 4231/4231 4240/4240
f 4239/4239 4231/4231 4233/4233
f 4237/4237 4233/4233 4235/4235
f 615/615 640/640 616/616
f 567/567 562/562 560/560
f 3047/3047 3050/3050 3048/3048
f 3047/3047 3048/3048 3049/3049
f 3053/3053 3054/3054 3049/3049
f 3016/3016 3015/3015 3007/3007
f 3493/3493 3491/3491 3499/3499
f 3500/3500 3493/3493 3499/3499
f 3499/3499 3491/3491 3495/3495
f 3022/3022 3019/3019 3023/3023
f 3495/3495 3494/3494 3503/3503
f 2256/2256 2260/2260 2257/2257
f 5714/5714 5706/5706 5707/5707
f 2882/2882 2883/2883 2881/2881
f 2881/2881 2884/2884 2879/2879
f 5654/5654 5655/5655 5653/5653
f 2884/2884 2885/2885 2879/2879
f 5653/5653 5655/5655 5656/5656
f 5653/5653 5656/5656 5665/5665
f 2427/2427 2425/2425 2426/2426
f 2426/2426 2425/2425 2420/2420
f 5657/5657 5656/5656 5655/5655
f 2427/2427 2428/2428 2425/2425
f 5657/5657 5658/5658 5656/5656
f 4147/4147 4145/4145 4148/4148
f 1918/1918 1921/1921 1911/1911
f 1911/1911 1912/1912 1906/1906
f 1912/1912 1916/1916 1914/1914
f 1912/1912 1914/1914 1913/1913
f 1912/1912 1913/1913 1906/1906
f 1906/1906 1913/1913 1915/1915
f 3674/3674 3672/3672 3675/3675
f 5658/5658 5659/5659 5660/5660
f 4186/4186 4177/4177 4172/4172
f 355/355 298/298 358/358
f 2593/2593 2594/2594 2595/2595
f 2595/2595 2597/2597 2596/2596
f 2597/2597 2598/2598 2596/2596
f 4100/4100 4097/4097 4102/4102
f 5772/5772 5774/5774 5785/5785
f 5775/5775 5776/5776 5774/5774
f 4102/4102 4097/4097 4091/4091
f 5775/5775 5777/5777 5776/5776
f 4818/4818 4817/4817 4800/4800
f 4817/4817 4801/4801 4800/4800
f 4798/4798 4809/4809 4807/4807
f 4097/4097 4098/4098 4091/4091
f 5781/5781 5780/5780 5777/5777
f 5777/5777 5778/5778 5776/5776
f 3158/3158 3151/3151 3156/3156
f 5793/5793 5794/5794 5795/5795
f 4810/4810 4816/4816 4821/4821
f 4808/4808 4819/4819 4794/4794
f 3163/3163 3162/3162 3158/3158
f 3162/3162 3151/3151 3158/3158
f 5780/5780 5779/5779 5777/5777
f 5253/5253 5251/5251 5250/5250
f 5777/5777 5779/5779 5778/5778
f 4816/4816 4820/4820 4821/4821
f 421/421 420/420 422/422
f 5050/5050 5049/5049 5046/5046
f 2349/2349 2352/2352 2353/2353
f 4953/4953 4954/4954 4955/4955
f 2350/2350 2346/2346 2349/2349
f 2349/2349 2348/2348 2352/2352
f 3692/3692 3691/3691 3697/3697
f 3004/3004 3007/3007 3003/3003
f 3691/3691 3694/3694 3690/3690
f 2344/2344 2345/2345 2346/2346
f 3016/3016 3007/3007 3004/3004
f 3007/3007 3012/3012 3005/3005
f 3492/3492 3491/3491 3493/3493
f 3492/3492 3484/3484 3491/3491
f 3490/3490 3495/3495 3491/3491
f 3495/3495 3490/3490 3494/3494
f 2997/2997 2996/2996 2995/2995
f 5260/5260 5261/5261 5262/5262
f 5260/5260 5262/5262 5263/5263
f 2257/2257 2262/2262 2258/2258
f 5715/5715 5706/5706 5714/5714
f 3905/3905 3906/3906 3907/3907
f 3505/3505 3497/3497 3498/3498
f 4694/4694 4690/4690 4699/4699
f 4706/4706 4694/4694 4699/4699
f 5859/5859 5860/5860 5861/5861
f 4145/4145 4144/4144 4148/4148
f 4150/4150 4149/4149 4203/4203
f 4203/4203 4149/4149 4178/4178
f 4178/4178 4177/4177 4186/4186
f 355/355 299/299 298/298
f 2589/2589 2587/2587 2588/2588
f 2992/2992 2991/2991 2993/2993
f 2587/2587 2586/2586 2588/2588
f 2593/2593 2585/2585 2594/2594
f 2593/2593 2596/2596 2586/2586
f 2586/2586 2596/2596 2599/2599
f 5660/5660 5662/5662 5661/5661
f 2593/2593 2595/2595 2596/2596
f 4103/4103 4104/4104 4096/4096
f 4095/4095 4097/4097 4100/4100
f 4172/4172 4168/4168 4165/4165
f 4103/4103 4096/4096 4101/4101
f 4101/4101 4096/4096 4095/4095
f 1522/1522 1521/1521 1508/1508
f 4097/4097 4094/4094 4098/4098
f 1521/1521 1523/1523 1520/1520
f 4098/4098 4094/4094 4099/4099
f 1523/1523 1524/1524 1520/1520
f 488/488 526/526 450/450
f 4808/4808 4820/4820 4819/4819
f 4160/4160 4159/4159 4158/4158
f 4205/4205 4156/4156 4206/4206
f 4206/4206 4207/4207 4210/4210
f 430/430 432/432 488/488
f 420/420 432/432 422/422
f 422/422 432/432 430/430
f 5050/5050 5052/5052 5051/5051
f 5050/5050 5051/5051 5049/5049
f 5083/5083 5078/5078 5084/5084
f 423/423 419/419 421/421
f 5135/5135 5114/5114 5113/5113
f 3107/3107 3106/3106 3105/3105
f 616/616 642/642 617/617
f 4138/4138 4137/4137 4140/4140
f 4140/4140 4137/4137 4142/4142
f 4140/4140 4142/4142 4143/4143
f 3692/3692 3694/3694 3691/3691
f 3798/3798 3799/3799 3800/3800
f 3484/3484 3482/3482 3490/3490
f 3484/3484 3490/3490 3491/3491
f 3490/3490 3482/3482 3494/3494
f 3496/3496 3497/3497 3494/3494
f 3496/3496 3498/3498 3497/3497
f 4694/4694 4695/4695 4691/4691
f 4694/4694 4706/4706 4705/4705
f 4694/4694 4691/4691 4690/4690
f 4690/4690 4691/4691 4692/4692
f 3229/3229 3230/3230 3233/3233
f 4148/4148 4149/4149 4150/4150
f 4148/4148 4144/4144 4149/4149
f 3377/3377 3373/3373 3375/3375
f 3377/3377 3378/3378 3373/3373
f 5025/5025 5026/5026 5027/5027
f 2585/2585 2586/2586 2587/2587
f 4168/4168 4163/4163 4165/4165
f 4806/4806 4798/4798 4807/4807
f 4806/4806 4807/4807 4813/4813
f 4093/4093 4094/4094 4095/4095
f 4096/4096 4093/4093 4095/4095
f 4095/4095 4094/4094 4097/4097
f 3194/3194 3183/3183 3195/3195
f 3195/3195 3183/3183 3184/3184
f 4809/4809 4812/4812 4807/4807
f 3184/3184 3183/3183 3180/3180
f 4817/4817 4826/4826 4801/4801
f 3156/3156 3151/3151 3154/3154
f 4163/4163 4159/4159 4160/4160
f 1528/1528 1527/1527 1526/1526
f 1526/1526 1525/1525 1524/1524
f 5794/5794 5793/5793 5796/5796
f 1526/1526 1527/1527 1525/1525
f 4801/4801 4826/4826 4816/4816
f 3170/3170 3168/3168 3163/3163
f 3163/3163 3168/3168 3162/3162
f 4158/4158 4156/4156 4205/4205
f 3175/3175 3171/3171 3174/3174
f 4156/4156 4157/4157 4207/4207
f 4156/4156 4207/4207 4206/4206
f 5052/5052 5053/5053 5051/5051
f 419/419 420/420 421/421
f 3701/3701 3699/3699 3692/3692
f 3692/3692 3693/3693 3694/3694
f 3693/3693 3695/3695 3694/3694
f 3481/3481 3482/3482 3483/3483
f 3483/3483 3482/3482 3484/3484
f 3485/3485 3494/3494 3482/3482
f 3485/3485 3489/3489 3496/3496
f 4695/4695 4694/4694 4704/4704
f 4695/4695 4696/4696 4691/4691
f 3231/3231 3229/3229 3232/3232
f 3231/3231 3228/3228 3229/3229
f 3229/3229 3228/3228 3230/3230
f 3228/3228 3225/3225 3230/3230
f 3228/3228 3223/3223 3225/3225
f 3223/3223 3224/3224 3225/3225
f 3225/3225 3224/3224 3227/3227
f 2590/2590 2587/2587 2589/2589
f 3516/3516 3518/3518 3514/3514
f 2590/2590 2585/2585 2587/2587
f 3514/3514 3515/3515 3516/3516
f 3516/3516 3515/3515 3517/3517
f 4177/4177 4171/4171 4172/4172
f 4172/4172 4171/4171 4168/4168
f 2404/2404 2403/2403 2398/2398
f 2398/2398 2403/2403 2399/2399
f 1506/1506 1507/1507 1508/1508
f 4165/4165 4163/4163 4160/4160
f 2399/2399 2407/2407 2402/2402
f 3156/3156 3155/3155 3157/3157
f 3180/3180 3179/3179 3175/3175
f 3154/3154 3155/3155 3156/3156
f 3172/3172 3173/3173 3169/3169
f 3173/3173 3165/3165 3169/3169
f 3169/3169 3165/3165 3168/3168
f 3168/3168 3165/3165 3162/3162
f 3162/3162 3165/3165 3151/3151
f 4277/4277 4229/4229 4248/4248
f 420/420 433/433 432/432
f 5083/5083 5082/5082 5078/5078
f 4231/4231 4230/4230 4228/4228
f 4235/4235 4233/4233 4234/4234
f 5114/5114 5111/5111 5113/5113
f 5158/5158 5157/5157 5160/5160
f 2987/2987 2984/2984 2983/2983
f 5264/5264 5265/5265 5266/5266
f 3104/3104 3120/3120 3119/3119
f 3109/3109 3104/3104 3119/3119
f 5814/5814 5810/5810 5812/5812
f 3696/3696 3695/3695 3693/3693
f 5814/5814 5812/5812 5813/5813
f 3704/3704 3695/3695 3696/3696
f 3483/3483 3501/3501 3481/3481
f 3481/3481 3485/3485 3482/3482
f 3486/3486 3487/3487 3485/3485
f 3481/3481 3486/3486 3485/3485
f 3485/3485 3487/3487 3489/3489
f 4695/4695 4697/4697 4696/4696
f 4696/4696 4698/4698 4691/4691
f 4144/4144 4151/4151 4149/4149
f 4149/4149 4151/4151 4152/4152
f 3224/3224 3223/3223 3226/3226
f 4178/4178 4174/4174 4177/4177
f 4174/4174 4171/4171 4177/4177
f 2320/2320 2321/2321 2318/2318
f 2403/2403 2411/2411 2399/2399
f 3521/3521 3523/3523 3519/3519
f 1505/1505 1503/1503 1502/1502
f 1502/1502 1503/1503 1504/1504
f 1502/1502 1504/1504 1506/1506
f 1506/1506 1504/1504 1507/1507
f 3157/3157 3160/3160 3161/3161
f 3183/3183 3187/3187 3182/3182
f 3183/3183 3182/3182 3180/3180
f 3159/3159 3160/3160 3157/3157
f 432/432 457/457 484/484
f 432/432 484/484 488/488
f 2910/2910 2907/2907 2909/2909
f 3179/3179 3172/3172 3171/3171
f 4158/4158 4159/4159 4154/4154
f 3180/3180 3172/3172 3179/3179
f 3180/3180 3181/3181 3172/3172
f 3171/3171 3172/3172 3169/3169
f 4154/4154 4156/4156 4158/4158
f 4154/4154 4155/4155 4156/4156
f 4156/4156 4155/4155 4157/4157
f 4277/4277 4227/4227 4229/4229
f 5089/5089 5088/5088 5087/5087
f 5087/5087 5086/5086 5083/5083
f 5083/5083 5086/5086 5082/5082
f 4229/4229 4228/4228 4230/4230
f 4231/4231 4232/4232 4233/4233
f 2982/2982 2984/2984 2985/2985
f 2232/2232 2238/2238 2228/2228
f 5017/5017 5018/5018 5019/5019
f 2984/2984 2987/2987 2986/2986
f 3009/3009 2999/2999 3008/3008
f 5267/5267 5268/5268 5269/5269
f 5156/5156 5157/5157 5158/5158
f 5159/5159 5156/5156 5158/5158
f 2665/2665 2666/2666 2667/2667
f 2982/2982 2989/2989 2983/2983
f 2982/2982 2983/2983 2984/2984
f 2999/2999 3002/3002 3008/3008
f 3700/3700 3699/3699 3701/3701
f 3700/3700 3698/3698 3699/3699
f 3002/3002 3010/3010 3008/3008
f 3702/3702 3703/3703 3696/3696
f 3020/3020 3021/3021 3026/3026
f 3488/3488 3489/3489 3487/3487
f 3952/3952 3950/3950 3953/3953
f 3953/3953 3950/3950 3954/3954
f 4701/4701 4700/4700 4697/4697
f 4697/4697 4700/4700 4696/4696
f 4700/4700 4702/4702 4703/4703
f 4700/4700 4703/4703 4698/4698
f 4700/4700 4698/4698 4696/4696
f 3266/3266 3267/3267 3268/3268
f 3643/3643 3644/3644 3645/3645
f 2310/2310 2306/2306 2309/2309
f 4149/4149 4152/4152 4178/4178
f 4178/4178 4152/4152 4174/4174
f 2309/2309 2306/2306 2308/2308
f 4144/4144 4146/4146 4151/4151
f 4146/4146 4153/4153 4151/4151
f 341/341 360/360 315/315
f 2307/2307 2317/2317 2316/2316
f 2316/2316 2317/2317 2318/2318
f 2317/2317 2319/2319 2318/2318
f 2318/2318 2319/2319 2320/2320
f 2319/2319 2322/2322 2320/2320
f 2320/2320 2322/2322 2323/2323
f 4684/4684 4685/4685 4686/4686
f 2323/2323 2322/2322 2326/2326
f 3519/3519 3520/3520 3521/3521
f 3519/3519 3522/3522 3520/3520
f 3194/3194 3187/3187 3183/3183
f 3194/3194 3193/3193 3187/3187
f 3161/3161 3160/3160 3164/3164
f 3988/3988 3987/3987 3983/3983
f 2909/2909 2907/2907 2906/2906
f 3989/3989 3985/3985 3984/3984
f 2906/2906 2907/2907 2908/2908
f 5830/5830 5820/5820 5829/5829
f 2907/2907 2911/2911 2908/2908
f 2908/2908 2911/2911 2912/2912
f 5829/5829 5820/5820 5828/5828
f 3584/3584 3579/3579 3582/3582
f 3180/3180 3182/3182 3181/3181
f 3151/3151 3152/3152 3153/3153
f 3151/3151 3153/3153 3154/3154
f 3173/3173 3167/3167 3165/3165
f 433/433 457/457 432/432
f 4277/4277 4334/4334 4227/4227
f 4227/4227 4228/4228 4229/4229
f 3165/3165 3167/3167 3166/3166
f 4231/4231 4228/4228 4232/4232
f 4232/4232 4234/4234 4233/4233
f 4235/4235 4234/4234 4236/4236
f 2228/2228 2227/2227 2225/2225
f 2670/2670 2668/2668 2671/2671
f 5018/5018 5020/5020 5019/5019
f 5020/5020 5022/5022 5019/5019
f 3702/3702 3698/3698 3700/3700
f 5806/5806 5809/5809 5808/5808
f 5810/5810 5807/5807 5812/5812
f 5812/5812 5807/5807 5813/5813
f 2893/2893 2894/2894 2895/2895
f 3486/3486 3488/3488 3487/3487
f 3486/3486 3502/3502 3488/3488
f 3952/3952 3951/3951 3950/3950
f 4701/4701 4702/4702 4700/4700
f 2314/2314 2312/2312 2315/2315
f 2314/2314 2311/2311 2312/2312
f 2311/2311 2310/2310 2312/2312
f 2312/2312 2310/2310 2313/2313
f 2306/2306 2307/2307 2308/2308
f 3358/3358 3370/3370 3364/3364
f 3358/3358 3360/3360 3361/3361
f 2319/2319 2324/2324 2322/2322
f 4384/4384 4381/4381 4383/4383
f 5833/5833 5831/5831 5834/5834
f 2322/2322 2325/2325 2326/2326
f 5834/5834 5831/5831 5835/5835
f 3920/3920 3922/3922 3917/3917
f 1504/1504 1509/1509 1507/1507
f 5836/5836 5837/5837 5838/5838
f 3579/3579 3580/3580 3581/3581
f 3579/3579 3581/3581 3582/3582
f 3155/3155 3176/3176 3159/3159
f 4162/4162 4154/4154 4159/4159
f 5820/5820 5827/5827 5828/5828
f 1746/1746 1745/1745 1747/1747
f 3831/3831 3829/3829 3828/3828
f 5088/5088 5086/5086 5087/5087
f 5021/5021 5020/5020 5018/5018
f 5021/5021 5023/5023 5020/5020
f 3592/3592 3589/3589 3591/3591
f 2226/2226 2213/2213 2225/2225
f 2227/2227 2226/2226 2225/2225
f 5801/5801 5797/5797 5806/5806
f 5808/5808 5801/5801 5806/5806
f 5797/5797 5811/5811 5806/5806
f 2806/2806 2800/2800 2803/2803
f 4563/4563 4564/4564 4565/4565
f 4616/4616 4615/4615 4630/4630
f 5810/5810 5799/5799 5807/5807
f 2893/2893 2896/2896 2894/2894
f 4612/4612 4617/4617 4618/4618
f 4612/4612 4618/4618 4613/4613
f 3488/3488 3502/3502 3504/3504
f 3949/3949 3950/3950 3951/3951
f 3950/3950 3949/3949 3955/3955
f 4643/4643 4642/4642 4646/4646
f 3931/3931 3928/3928 3930/3930
f 3557/3557 3553/3553 3555/3555
f 4151/4151 4179/4179 4152/4152
f 4174/4174 4170/4170 4171/4171
f 3365/3365 3367/3367 3364/3364
f 4171/4171 4170/4170 4168/4168
f 4170/4170 4169/4169 4168/4168
f 3359/3359 3362/3362 3360/3360
f 4381/4381 4382/4382 4383/4383
f 5842/5842 5839/5839 5841/5841
f 5833/5833 5832/5832 5831/5831
f 1211/1211 1176/1176 1221/1221
f 4163/4163 4164/4164 4159/4159
f 5818/5818 5819/5819 5820/5820
f 5826/5826 5818/5818 5820/5820
f 1191/1191 1183/1183 1220/1220
f 1220/1220 1183/1183 1211/1211
f 4159/4159 4164/4164 4162/4162
f 5820/5820 5819/5819 5821/5821
f 3632/3632 3633/3633 3634/3634
f 1519/1519 1518/1518 1511/1511
f 3182/3182 3185/3185 3181/3181
f 3185/3185 3186/3186 3172/3172
f 3181/3181 3185/3185 3172/3172
f 3186/3186 3149/3149 3173/3173
f 3172/3172 3186/3186 3173/3173
f 3190/3190 3191/3191 3153/3153
f 3152/3152 3190/3190 3153/3153
f 1744/1744 1745/1745 1746/1746
f 1219/1219 1214/1214 1218/1218
f 1217/1217 1215/1215 1216/1216
f 1744/1744 1740/1740 1745/1745
f 4343/4343 4334/4334 4344/4344
f 4334/4334 4223/4223 4227/4227
f 419/419 428/428 420/420
f 3328/3328 3329/3329 3330/3330
f 3328/3328 3330/3330 3331/3331
f 2509/2509 2514/2514 2510/2510
f 2509/2509 2510/2510 2511/2511
f 2511/2511 2510/2510 2513/2513
f 570/570 568/568 569/569
f 3589/3589 3590/3590 3591/3591
f 2800/2800 2802/2802 2803/2803
f 3591/3591 3590/3590 3593/3593
f 2805/2805 2801/2801 2800/2800
f 3896/3896 3898/3898 3900/3900
f 2800/2800 2801/2801 2802/2802
f 172/172 154/154 175/175
f 3758/3758 3755/3755 3757/3757
f 3755/3755 3759/3759 3760/3760
f 4875/4875 4879/4879 4876/4876
f 4876/4876 4878/4878 4877/4877
f 4875/4875 4876/4876 4877/4877
f 3760/3760 3761/3761 3762/3762
f 154/154 167/167 132/132
f 5761/5761 5758/5758 5757/5757
f 5757/5757 5755/5755 5749/5749
f 5757/5757 5749/5749 5753/5753
f 5749/5749 5751/5751 5753/5753
f 167/167 166/166 132/132
f 5749/5749 5752/5752 5750/5750
f 5750/5750 5756/5756 5751/5751
f 5749/5749 5750/5750 5751/5751
f 166/166 107/107 132/132
f 107/107 93/93 132/132
f 3929/3929 3932/3932 3930/3930
f 3928/3928 3929/3929 3930/3930
f 3823/3823 3822/3822 3825/3825
f 107/107 105/105 93/93
f 3553/3553 3556/3556 3554/3554
f 3553/3553 3554/3554 3555/3555
f 4265/4265 4179/4179 4151/4151
f 4179/4179 4174/4174 4152/4152
f 147/147 105/105 107/107
f 3554/3554 3559/3559 3555/3555
f 3554/3554 3558/3558 3559/3559
f 3366/3366 3372/3372 3367/3367
f 3732/3732 3735/3735 3736/3736
f 147/147 106/106 105/105
f 3735/3735 3737/3737 3736/3736
f 4087/4087 4088/4088 4089/4089
f 4385/4385 4382/4382 4381/4381
f 152/152 158/158 153/153
f 5832/5832 5825/5825 5831/5831
f 5839/5839 5840/5840 5841/5841
f 3193/3193 3192/3192 3187/3187
f 3192/3192 3188/3188 3187/3187
f 1211/1211 1183/1183 1176/1176
f 4163/4163 4166/4166 4164/4164
f 5831/5831 5825/5825 5818/5818
f 5818/5818 5825/5825 5819/5819
f 1509/1509 1510/1510 1507/1507
f 3187/3187 3188/3188 3182/3182
f 3632/3632 3634/3634 3635/3635
f 1511/1511 1512/1512 1510/1510
f 1511/1511 1510/1510 1509/1509
f 3182/3182 3188/3188 3185/3185
f 3148/3148 3149/3149 3186/3186
f 3185/3185 3146/3146 3186/3186
f 1737/1737 1740/1740 1738/1738
f 1738/1738 1740/1740 1744/1744
f 433/433 456/456 457/457
f 4343/4343 4342/4342 4334/4334
f 4727/4727 4726/4726 4711/4711
f 5024/5024 5023/5023 5021/5021
f 2233/2233 2219/2219 2226/2226
f 2226/2226 2219/2219 2213/2213
f 1256/1256 1245/1245 1311/1311
f 2803/2803 2802/2802 2804/2804
f 5797/5797 5798/5798 5799/5799
f 5799/5799 5798/5798 5802/5802
f 3755/3755 3758/3758 3759/3759
f 3759/3759 3761/3761 3760/3760
f 3565/3565 3567/3567 3561/3561
f 4936/4936 4937/4937 4938/4938
f 154/154 132/132 149/149
f 5759/5759 5758/5758 5760/5760
f 149/149 132/132 141/141
f 141/141 132/132 130/130
f 5755/5755 5757/5757 5758/5758
f 5754/5754 5749/5749 5755/5755
f 5749/5749 5754/5754 5752/5752
f 3527/3527 3524/3524 3526/3526
f 130/130 132/132 93/93
f 3933/3933 3929/3929 3928/3928
f 3929/3929 3934/3934 3932/3932
f 3556/3556 3558/3558 3554/3554
f 3734/3734 3735/3735 3732/3732
f 2203/2203 2204/2204 2211/2211
f 4168/4168 4169/4169 4163/4163
f 4987/4987 4988/4988 4989/4989
f 4169/4169 4175/4175 4163/4163
f 4989/4989 4990/4990 4991/4991
f 2977/2977 2981/2981 2978/2978
f 4163/4163 4167/4167 4166/4166
f 152/152 153/153 106/106
f 1191/1191 1184/1184 1183/1183
f 1507/1507 1510/1510 1513/1513
f 5825/5825 5824/5824 5819/5819
f 1736/1736 1737/1737 1738/1738
f 5819/5819 5822/5822 5821/5821
f 3185/3185 3189/3189 3146/3146
f 3149/3149 3150/3150 3173/3173
f 1219/1219 1206/1206 1214/1214
f 5822/5822 5823/5823 5821/5821
f 1518/1518 1517/1517 1511/1511
f 1511/1511 1517/1517 1516/1516
f 4278/4278 4342/4342 4343/4343
f 4342/4342 4223/4223 4334/4334
f 433/433 434/434 456/456
f 428/428 429/429 420/420
f 420/420 429/429 433/433
f 4228/4228 4246/4246 4232/4232
f 4232/4232 4245/4245 4234/4234
f 656/656 570/570 569/569
f 5115/5115 5112/5112 5111/5111
f 5111/5111 5112/5112 5113/5113
f 5119/5119 5116/5116 5111/5111
f 2031/2031 2030/2030 2028/2028
f 3348/3348 3350/3350 3349/3349
f 2030/2030 2029/2029 2028/2028
f 4623/4623 4624/4624 4619/4619
f 4619/4619 4621/4621 4623/4623
f 4622/4622 4620/4620 4619/4619
f 4619/4619 4620/4620 4621/4621
f 3563/3563 3560/3560 3562/3562
f 3560/3560 3561/3561 3562/3562
f 4734/4734 4733/4733 4731/4731
f 3530/3530 3528/3528 3524/3524
f 3524/3524 3525/3525 3526/3526
f 3948/3948 3947/3947 3946/3946
f 130/130 93/93 91/91
f 130/130 91/91 131/131
f 2062/2062 2061/2061 2060/2060
f 93/93 92/92 91/91
f 2057/2057 2058/2058 2056/2056
f 4265/4265 4204/4204 4179/4179
f 4179/4179 4180/4180 4174/4174
f 4180/4180 4170/4170 4174/4174
f 2055/2055 2056/2056 2041/2041
f 105/105 92/92 93/93
f 2203/2203 2199/2199 2204/2204
f 105/105 106/106 92/92
f 4988/4988 4990/4990 4989/4989
f 4163/4163 4175/4175 4167/4167
f 5846/5846 5843/5843 5845/5845
f 5846/5846 5845/5845 5847/5847
f 1184/1184 1174/1174 1183/1183
f 1183/1183 1174/1174 1176/1176
f 106/106 153/153 114/114
f 5845/5845 5848/5848 5847/5847
f 3192/3192 3196/3196 3188/3188
f 3356/3356 3352/3352 3354/3354
f 1510/1510 1512/1512 1513/1513
f 1209/1209 1185/1185 1195/1195
f 1194/1194 1195/1195 1184/1184
f 3188/3188 3189/3189 3185/3185
f 3146/3146 3147/3147 3148/3148
f 1214/1214 1185/1185 1209/1209
f 524/524 456/456 523/523
f 3148/3148 3147/3147 3149/3149
f 3147/3147 3150/3150 3149/3149
f 4278/4278 4199/4199 4342/4342
f 4223/4223 4224/4224 4227/4227
f 4227/4227 4224/4224 4228/4228
f 4224/4224 4246/4246 4228/4228
f 4232/4232 4246/4246 4245/4245
f 4245/4245 4244/4244 4234/4234
f 4234/4234 4244/4244 4236/4236
f 3942/3942 3943/3943 3944/3944
f 3942/3942 3941/3941 3943/3943
f 5116/5116 5115/5115 5111/5111
f 5804/5804 5805/5805 5803/5803
f 2219/2219 2214/2214 2213/2213
f 2213/2213 2214/2214 2215/2215
f 4625/4625 4621/4621 4626/4626
f 2929/2929 2933/2933 2927/2927
f 571/571 576/576 573/573
f 753/753 827/827 844/844
f 3563/3563 3562/3562 3564/3564
f 848/848 851/851 849/849
f 4728/4728 4729/4729 4730/4730
f 141/141 130/130 137/137
f 137/137 130/130 131/131
f 131/131 91/91 88/88
f 3945/3945 3946/3946 3947/3947
f 3615/3615 3616/3616 3617/3617
f 3615/3615 3617/3617 3618/3618
f 3723/3723 3720/3720 3719/3719
f 3650/3650 3646/3646 3648/3648
f 4265/4265 4357/4357 4204/4204
f 4204/4204 4180/4180 4179/4179
f 92/92 90/90 91/91
f 7/7 8/8 9/9
f 2041/2041 2038/2038 2042/2042
f 4176/4176 4175/4175 4169/4169
f 2203/2203 2202/2202 2199/2199
f 106/106 96/96 92/92
f 2202/2202 2200/2200 2199/2199
f 2199/2199 2200/2200 2201/2201
f 2200/2200 2205/2205 2201/2201
f 5843/5843 5844/5844 5845/5845
f 5850/5850 5851/5851 5852/5852
f 5845/5845 5849/5849 5848/5848
f 1742/1742 1741/1741 1739/1739
f 1512/1512 1514/1514 1513/1513
f 3188/3188 3196/3196 3189/3189
f 3352/3352 3353/3353 3354/3354
f 1197/1197 1198/1198 1210/1210
f 1206/1206 1199/1199 1172/1172
f 1206/1206 1172/1172 1214/1214
f 4225/4225 4199/4199 4278/4278
f 4224/4224 4261/4261 4246/4246
f 433/433 429/429 434/434
f 5115/5115 5118/5118 5112/5112
f 2236/2236 2224/2224 2218/2218
f 5116/5116 5117/5117 5115/5115
f 2231/2231 2218/2218 2214/2214
f 4625/4625 4627/4627 4628/4628
f 4629/4629 4625/4625 4628/4628
f 5245/5245 5248/5248 5246/5246
f 5245/5245 5246/5246 5247/5247
f 571/571 575/575 576/576
f 3573/3573 3570/3570 3569/3569
f 2783/2783 2782/2782 2791/2791
f 3097/3097 3098/3098 3099/3099
f 2685/2685 2679/2679 2684/2684
f 4729/4729 4732/4732 4730/4730
f 137/137 131/131 138/138
f 2684/2684 2681/2681 2686/2686
f 131/131 88/88 138/138
f 88/88 81/81 138/138
f 2686/2686 2681/2681 2687/2687
f 3615/3615 3619/3619 3616/3616
f 3725/3725 3720/3720 3724/3724
f 3616/3616 3620/3620 3621/3621
f 90/90 89/89 88/88
f 3718/3718 3719/3719 3720/3720
f 3718/3718 3721/3721 3719/3719
f 3646/3646 3647/3647 3648/3648
f 2858/2858 2837/2837 2839/2839
f 407/407 402/402 408/408
f 3647/3647 3649/3649 3648/3648
f 1377/1377 1382/1382 1384/1384
f 3996/3996 3992/3992 3994/3994
f 3992/3992 3993/3993 3994/3994
f 4170/4170 4173/4173 4169/4169
f 2041/2041 2040/2040 2038/2038
f 96/96 94/94 92/92
f 2200/2200 2206/2206 2205/2205
f 2200/2200 2207/2207 2206/2206
f 4175/4175 4196/4196 4167/4167
f 1743/1743 1741/1741 1742/1742
f 114/114 112/112 106/106
f 106/106 112/112 96/96
f 1222/1222 1171/1171 1197/1197
f 1195/1195 1185/1185 1184/1184
f 4198/4198 4199/4199 4225/4225
f 3355/3355 3353/3353 3352/3352
f 3255/3255 3254/3254 3257/3257
f 3131/3131 3135/3135 3134/3134
f 3129/3129 3131/3131 3134/3134
f 1172/1172 1185/1185 1214/1214
f 4342/4342 4199/4199 4223/4223
f 523/523 438/438 525/525
f 3257/3257 3254/3254 3260/3260
f 1241/1241 1229/1229 1240/1240
f 3132/3132 3130/3130 3129/3129
f 1198/1198 1200/1200 1210/1210
f 1210/1210 1200/1200 1201/1201
f 456/456 438/438 523/523
f 3133/3133 3130/3130 3132/3132
f 1240/1240 1229/1229 1228/1228
f 3129/3129 3130/3130 3131/3131
f 434/434 438/438 456/456
f 2024/2024 2019/2019 2018/2018
f 2218/2218 2217/2217 2214/2214
f 2004/2004 2006/2006 2011/2011
f 3075/3075 3072/3072 3080/3080
f 2019/2019 2023/2023 2021/2021
f 2217/2217 2215/2215 2214/2214
f 3064/3064 3061/3061 3067/3067
f 5248/5248 5249/5249 5246/5246
f 3056/3056 3058/3058 3057/3057
f 2795/2795 2785/2785 2786/2786
f 2780/2780 2785/2785 2788/2788
f 845/845 848/848 847/847
f 2679/2679 2681/2681 2684/2684
f 138/138 81/81 140/140
f 140/140 81/81 139/139
f 2681/2681 2688/2688 2687/2687
f 3337/3337 3336/3336 3338/3338
f 4970/4970 4971/4971 4972/4972
f 4970/4970 4972/4972 4973/4973
f 3616/3616 3619/3619 3620/3620
f 2362/2362 2363/2363 2364/2364
f 4357/4357 4358/4358 4204/4204
f 407/407 404/404 402/402
f 88/88 89/89 85/85
f 88/88 85/85 82/82
f 3990/3990 3995/3995 3991/3991
f 3992/3992 3991/3991 3993/3993
f 2040/2040 2039/2039 2038/2038
f 2039/2039 2033/2033 2038/2038
f 94/94 95/95 90/90
f 2038/2038 2033/2033 2037/2037
f 92/92 94/94 90/90
f 4195/4195 4196/4196 4175/4175
f 96/96 113/113 94/94
f 2207/2207 2208/2208 2206/2206
f 1224/1224 1223/1223 1222/1222
f 1222/1222 1223/1223 1196/1196
f 1156/1156 1174/1174 1184/1184
f 2732/2732 2734/2734 2741/2741
f 1172/1172 1156/1156 1185/1185
f 438/438 452/452 525/525
f 1229/1229 1230/1230 1227/1227
f 428/428 441/441 429/429
f 4246/4246 4256/4256 4245/4245
f 2020/2020 2021/2021 2022/2022
f 5177/5177 5178/5178 5174/5174
f 5177/5177 5174/5174 5176/5176
f 5174/5174 5175/5175 5176/5176
f 570/570 572/572 571/571
f 847/847 849/849 850/850
f 2779/2779 2769/2769 2772/2772
f 2785/2785 2787/2787 2788/2788
f 2780/2780 2781/2781 2782/2782
f 81/81 77/77 139/139
f 2679/2679 2680/2680 2681/2681
f 2679/2679 2682/2682 2680/2680
f 5004/5004 5005/5005 5006/5006
f 2363/2363 2370/2370 2364/2364
f 2364/2364 2370/2370 2369/2369
f 2868/2868 2867/2867 2869/2869
f 2869/2869 2867/2867 2870/2870
f 2866/2866 2861/2861 2867/2867
f 4169/4169 4173/4173 4176/4176
f 90/90 95/95 89/89
f 2033/2033 2032/2032 2036/2036
f 4176/4176 4191/4191 4195/4195
f 4176/4176 4195/4195 4175/4175
f 94/94 113/113 95/95
f 2049/2049 2047/2047 2036/2036
f 1196/1196 1171/1171 1222/1222
f 4196/4196 4197/4197 4198/4198
f 4198/4198 4197/4197 4199/4199
f 96/96 112/112 113/113
f 2207/2207 2209/2209 2208/2208
f 1167/1167 1170/1170 1198/1198
f 1199/1199 1170/1170 1172/1172
f 2440/2440 2441/2441 2442/2442
f 2732/2732 2731/2731 2734/2734
f 1171/1171 1167/1167 1197/1197
f 1198/1198 1170/1170 1200/1200
f 4199/4199 4221/4221 4223/4223
f 4221/4221 4222/4222 4223/4223
f 4077/4077 4078/4078 4079/4079
f 2740/2740 2736/2736 2733/2733
f 4261/4261 4258/4258 4246/4246
f 4246/4246 4258/4258 4256/4256
f 4245/4245 4252/4252 4244/4244
f 3070/3070 3073/3073 3071/3071
f 2221/2221 2222/2222 2220/2220
f 3071/3071 3073/3073 3074/3074
f 2014/2014 2007/2007 2010/2010
f 3773/3773 3775/3775 3776/3776
f 3777/3777 3774/3774 3773/3773
f 4750/4750 4748/4748 4747/4747
f 3773/3773 3774/3774 3775/3775
f 4377/4377 4376/4376 4378/4378
f 4747/4747 4748/4748 4749/4749
f 4996/4996 4997/4997 4998/4998
f 2778/2778 2770/2770 2779/2779
f 854/854 853/853 855/855
f 2779/2779 2770/2770 2769/2769
f 418/418 416/416 410/410
f 852/852 849/849 853/853
f 136/136 139/139 77/77
f 2772/2772 2769/2769 2771/2771
f 3332/3332 3335/3335 3333/3333
f 81/81 78/78 77/77
f 81/81 82/82 78/78
f 4974/4974 4972/4972 4971/4971
f 3817/3817 3818/3818 3819/3819
f 3818/3818 3820/3820 3819/3819
f 405/405 403/403 404/404
f 404/404 403/403 402/402
f 4390/4390 4389/4389 4392/4392
f 4390/4390 4386/4386 4389/4389
f 4389/4389 4386/4386 4388/4388
f 402/402 393/393 413/413
f 4200/4200 4173/4173 4187/4187
f 4187/4187 4173/4173 4170/4170
f 2868/2868 2866/2866 2867/2867
f 4173/4173 4191/4191 4176/4176
f 2861/2861 2860/2860 2864/2864
f 89/89 95/95 85/85
f 1158/1158 1173/1173 1174/1174
f 2036/2036 2032/2032 2035/2035
f 2036/2036 2035/2035 2049/2049
f 2739/2739 2734/2734 2738/2738
f 2209/2209 2210/2210 2208/2208
f 2756/2756 2757/2757 2758/2758
f 2756/2756 2758/2758 2759/2759
f 2734/2734 2737/2737 2738/2738
f 2731/2731 2737/2737 2734/2734
f 4223/4223 4222/4222 4224/4224
f 2733/2733 2735/2735 2731/2731
f 2736/2736 2735/2735 2733/2733
f 434/434 436/436 438/438
f 441/441 440/440 429/429
f 429/429 435/435 434/434
f 4252/4252 4253/4253 4244/4244
f 5117/5117 5121/5121 5120/5120
f 5737/5737 5736/5736 5733/5733
f 4551/4551 4554/4554 4553/4553
f 4551/4551 4553/4553 4552/4552
f 575/575 577/577 590/590
f 4376/4376 4377/4377 4379/4379
f 4376/4376 4379/4379 4374/4374
f 136/136 77/77 134/134
f 410/410 409/409 406/406
f 77/77 80/80 134/134
f 4603/4603 4604/4604 4605/4605
f 4585/4585 4587/4587 4588/4588
f 3532/3532 3533/3533 3534/3534
f 4489/4489 4486/4486 4485/4485
f 405/405 406/406 403/403
f 3818/3818 3821/3821 3820/3820
f 3299/3299 3295/3295 3297/3297
f 5002/5002 5000/5000 4999/4999
f 4999/4999 5000/5000 5001/5001
f 4387/4387 4391/4391 4388/4388
f 4386/4386 4387/4387 4388/4388
f 2374/2374 2385/2385 2375/2375
f 2375/2375 2385/2385 2377/2377
f 85/85 84/84 82/82
f 2866/2866 2859/2859 2861/2861
f 2859/2859 2860/2860 2861/2861
f 527/527 490/490 520/520
f 2034/2034 2043/2043 2035/2035
f 2034/2034 2035/2035 2032/2032
f 527/527 491/491 490/490
f 2035/2035 2046/2046 2047/2047
f 2049/2049 2035/2035 2047/2047
f 1196/1196 1232/1232 1168/1168
f 2047/2047 2046/2046 2048/2048
f 4511/4511 4509/4509 4510/4510
f 4199/4199 4197/4197 4221/4221
f 452/452 453/453 491/491
f 4501/4501 4502/4502 4503/4503
f 4502/4502 4504/4504 4503/4503
f 4221/4221 4220/4220 4222/4222
f 438/438 439/439 452/452
f 4224/4224 4258/4258 4261/4261
f 438/438 436/436 439/439
f 429/429 440/440 435/435
f 435/435 436/436 434/434
f 3073/3073 3077/3077 3074/3074
f 5168/5168 5165/5165 5167/5167
f 3074/3074 3077/3077 3078/3078
f 5165/5165 5166/5166 5167/5167
f 5733/5733 5731/5731 5732/5732
f 2811/2811 2814/2814 2812/2812
f 5721/5721 5722/5722 5723/5723
f 856/856 855/855 857/857
f 2776/2776 2774/2774 2770/2770
f 4359/4359 4361/4361 4362/4362
f 4361/4361 4371/4371 4362/4362
f 2774/2774 2775/2775 2771/2771
f 2770/2770 2774/2774 2771/2771
f 2761/2761 2763/2763 2767/2767
f 409/409 403/403 406/406
f 77/77 79/79 80/80
f 4585/4585 4586/4586 4587/4587
f 2763/2763 2762/2762 2764/2764
f 4587/4587 4586/4586 4589/4589
f 4391/4391 4387/4387 4393/4393
f 4391/4391 4393/4393 4394/4394
f 82/82 84/84 83/83
f 82/82 83/83 78/78
f 4/4 5/5 6/6
f 3629/3629 3627/3627 3630/3630
f 3630/3630 3627/3627 3631/3631
f 2382/2382 2387/2387 2378/2378
f 520/520 516/516 519/519
f 2859/2859 2862/2862 2860/2860
f 2862/2862 2863/2863 2860/2860
f 4196/4196 4194/4194 4197/4197
f 4502/4502 4505/4505 4504/4504
f 4509/4509 4504/4504 4510/4510
f 2757/2757 2760/2760 2758/2758
f 1824/1824 1825/1825 1818/1818
f 441/441 446/446 440/440
f 2604/2604 2600/2600 2603/2603
f 3274/3274 3273/3273 3275/3275
f 5722/5722 5732/5732 5731/5731
f 3794/3794 3795/3795 3796/3796
f 4359/4359 4360/4360 4361/4361
f 4360/4360 4364/4364 4363/4363
f 4361/4361 4360/4360 4363/4363
f 3578/3578 3576/3576 3575/3575
f 416/416 415/415 390/390
f 134/134 80/80 135/135
f 4109/4109 4110/4110 4111/4111
f 135/135 80/80 97/97
f 135/135 97/97 100/100
f 155/155 100/100 102/102
f 3292/3292 3291/3291 3284/3284
f 100/100 101/101 102/102
f 409/409 390/390 403/403
f 80/80 79/79 97/97
f 3790/3790 3792/3792 3793/3793
f 3790/3790 3791/3791 3792/3792
f 4479/4479 4480/4480 4481/4481
f 78/78 86/86 79/79
f 2919/2919 2924/2924 2920/2920
f 2807/2807 2808/2808 2809/2809
f 78/78 83/83 86/86
f 4200/4200 4192/4192 4173/4173
f 2388/2388 2385/2385 2386/2386
f 3625/3625 3626/3626 3627/3627
f 4173/4173 4192/4192 4191/4191
f 519/519 516/516 515/515
f 4410/4410 4402/4402 4409/4409
f 1870/1870 1868/1868 1869/1869
f 490/490 516/516 520/520
f 2862/2862 2865/2865 2863/2863
f 4195/4195 4194/4194 4196/4196
f 2863/2863 2865/2865 2871/2871
f 4426/4426 4427/4427 4424/4424
f 4426/4426 4424/4424 4425/4425
f 2335/2335 2338/2338 2340/2340
f 2332/2332 2333/2333 2334/2334
f 2332/2332 2334/2334 2335/2335
f 4505/4505 4507/4507 4506/4506
f 2337/2337 2341/2341 2333/2333
f 2336/2336 2342/2342 2334/2334
f 2333/2333 2336/2336 2334/2334
f 452/452 448/448 453/453
f 4506/4506 4507/4507 4508/4508
f 439/439 448/448 452/452
f 4256/4256 4255/4255 4245/4245
f 5121/5121 5122/5122 5120/5120
f 5126/5126 5122/5122 5127/5127
f 3272/3272 3273/3273 3274/3274
f 5730/5730 5729/5729 5722/5722
f 134/134 135/135 171/171
f 4360/4360 4365/4365 4364/4364
f 2856/2856 2851/2851 2845/2845
f 3574/3574 3576/3576 3577/3577
f 3574/3574 3575/3575 3576/3576
f 135/135 100/100 155/155
f 102/102 111/111 156/156
f 3290/3290 3285/3285 3291/3291
f 3291/3291 3285/3285 3284/3284
f 3284/3284 3285/3285 3286/3286
f 97/97 99/99 100/100
f 100/100 99/99 101/101
f 101/101 103/103 102/102
f 79/79 99/99 97/97
f 4980/4980 4982/4982 4983/4983
f 3212/3212 3209/3209 3211/3211
f 4945/4945 4942/4942 4946/4946
f 2810/2810 2808/2808 2807/2807
f 3585/3585 3588/3588 3586/3586
f 4574/4574 4572/4572 4569/4569
f 4574/4574 4569/4569 4575/4575
f 4572/4572 4570/4570 4569/4569
f 4569/4569 4570/4570 4571/4571
f 4400/4400 4401/4401 4402/4402
f 4402/4402 4401/4401 4403/4403
f 4402/4402 4403/4403 4409/4409
f 3814/3814 3815/3815 3816/3816
f 1868/1868 1865/1865 1866/1866
f 490/490 492/492 516/516
f 4413/4413 4420/4420 4422/4422
f 4771/4771 4770/4770 4772/4772
f 491/491 453/453 490/490
f 5065/5065 5066/5066 5067/5067
f 4222/4222 4262/4262 4224/4224
f 436/436 437/437 439/439
f 4255/4255 4254/4254 4245/4245
f 4254/4254 4260/4260 4252/4252
f 5122/5122 5123/5123 5120/5120
f 171/171 135/135 170/170
f 135/135 155/155 170/170
f 170/170 155/155 169/169
f 155/155 156/156 169/169
f 4364/4364 4365/4365 4368/4368
f 3439/3439 3441/3441 3438/3438
f 3438/3438 3441/3441 3422/3422
f 3269/3269 3270/3270 3271/3271
f 4756/4756 4754/4754 4757/4757
f 3276/3276 3277/3277 3278/3278
f 415/415 414/414 390/390
f 414/414 388/388 390/390
f 3388/3388 3386/3386 3385/3385
f 111/111 104/104 121/121
f 4848/4848 4849/4849 4850/4850
f 102/102 103/103 104/104
f 3209/3209 3210/3210 3211/3211
f 391/391 389/389 393/393
f 79/79 98/98 99/99
f 4945/4945 4943/4943 4942/4942
f 4942/4942 4943/4943 4944/4944
f 3511/3511 3512/3512 3513/3513
f 4735/4735 4736/4736 4737/4737
f 79/79 87/87 98/98
f 5011/5011 5012/5012 5013/5013
f 1164/1164 1179/1179 1163/1163
f 86/86 87/87 79/79
f 4570/4570 4573/4573 4571/4571
f 516/516 495/495 515/515
f 4409/4409 4403/4403 4411/4411
f 4403/4403 4414/4414 4411/4411
f 4191/4191 4194/4194 4195/4195
f 4414/4414 4415/4415 4411/4411
f 1868/1868 1866/1866 1869/1869
f 4411/4411 4415/4415 4419/4419
f 4411/4411 4419/4419 4413/4413
f 1864/1864 1862/1862 1861/1861
f 1861/1861 1862/1862 1863/1863
f 1861/1861 1863/1863 1865/1865
f 1865/1865 1863/1863 1866/1866
f 4413/4413 4419/4419 4420/4420
f 453/453 485/485 490/490
f 4221/4221 4197/4197 4220/4220
f 4224/4224 4259/4259 4258/4258
f 4258/4258 4257/4257 4256/4256
f 446/446 447/447 440/440
f 4252/4252 4260/4260 4253/4253
f 5125/5125 5124/5124 5122/5122
f 5126/5126 5125/5125 5122/5122
f 1422/1422 1426/1426 1427/1427
f 156/156 111/111 146/146
f 146/146 121/121 128/128
f 3276/3276 3279/3279 3277/3277
f 3413/3413 3424/3424 3425/3425
f 2831/2831 2844/2844 2829/2829
f 128/128 121/121 120/120
f 3408/3408 3423/3423 3409/3409
f 121/121 117/117 120/120
f 3289/3289 3287/3287 3285/3285
f 121/121 104/104 115/115
f 121/121 115/115 117/117
f 3287/3287 3288/3288 3286/3286
f 3285/3285 3287/3287 3286/3286
f 3611/3611 3612/3612 3613/3613
f 3612/3612 3614/3614 3613/3613
f 4848/4848 4851/4851 4849/4849
f 3449/3449 3446/3446 3443/3443
f 4476/4476 4477/4477 4478/4478
f 4849/4849 4852/4852 4850/4850
f 103/103 108/108 104/104
f 103/103 109/109 108/108
f 1164/1164 1188/1188 1180/1180
f 1187/1187 1186/1186 1179/1179
f 393/393 389/389 394/394
f 99/99 110/110 101/101
f 101/101 110/110 103/103
f 103/103 110/110 109/109
f 4930/4930 4931/4931 4932/4932
f 4556/4556 4557/4557 4558/4558
f 4556/4556 4558/4558 4559/4559
f 2528/2528 2525/2525 2527/2527
f 1169/1169 1212/1212 1165/1165
f 4407/4407 4404/4404 4401/4401
f 4758/4758 4759/4759 4760/4760
f 4760/4760 4759/4759 4761/4761
f 515/515 497/497 501/501
f 495/495 497/497 515/515
f 4404/4404 4405/4405 4403/4403
f 4417/4417 4423/4423 4416/4416
f 4417/4417 4416/4416 4414/4414
f 1233/1233 1207/1207 1193/1193
f 1193/1193 1207/1207 1177/1177
f 492/492 495/495 516/516
f 4419/4419 4421/4421 4420/4420
f 4197/4197 4218/4218 4220/4220
f 485/485 492/492 490/490
f 4224/4224 4262/4262 4259/4259
f 448/448 451/451 453/453
f 4257/4257 4255/4255 4256/4256
f 447/447 444/444 440/440
f 437/437 443/443 439/439
f 4260/4260 4264/4264 4253/4253
f 173/173 146/146 159/159
f 159/159 128/128 160/160
f 173/173 156/156 146/146
f 5242/5242 5243/5243 5244/5244
f 3421/3421 3431/3431 3392/3392
f 3390/3390 3431/3431 3386/3386
f 3431/3431 3401/3401 3386/3386
f 4668/4668 4663/4663 4669/4669
f 4670/4670 4668/4668 4669/4669
f 3415/3415 3427/3427 3417/3417
f 4666/4666 4663/4663 4665/4665
f 1188/1188 1202/1202 1180/1180
f 1180/1180 1202/1202 1181/1181
f 117/117 119/119 120/120
f 4116/4116 4117/4117 4118/4118
f 4116/4116 4118/4118 4119/4119
f 109/109 148/148 108/108
f 108/108 116/116 115/115
f 115/115 116/116 117/117
f 117/117 118/118 119/119
f 3208/3208 3207/3207 3202/3202
f 3202/3202 3203/3203 3204/3204
f 3203/3203 3206/3206 3204/3204
f 3654/3654 3651/3651 3653/3653
f 2178/2178 2165/2165 2177/2177
f 4933/4933 4934/4934 4935/4935
f 2172/2172 2173/2173 2174/2174
f 2174/2174 2173/2173 2175/2175
f 501/501 502/502 503/503
f 4404/4404 4406/4406 4405/4405
f 4758/4758 4762/4762 4763/4763
f 4758/4758 4763/4763 4759/4759
f 3603/3603 3604/3604 3600/3600
f 3599/3599 3600/3600 3601/3601
f 1169/1169 1234/1234 1212/1212
f 4660/4660 4661/4661 4662/4662
f 1208/1208 1235/1235 1234/1234
f 1208/1208 1234/1234 1177/1177
f 5187/5187 5188/5188 5189/5189
f 4416/4416 4418/4418 4415/4415
f 4414/4414 4416/4416 4415/4415
f 4947/4947 4948/4948 4949/4949
f 4194/4194 4218/4218 4197/4197
f 4222/4222 4220/4220 4263/4263
f 4263/4263 4262/4262 4222/4222
f 4258/4258 4259/4259 4257/4257
f 439/439 443/443 448/448
f 444/444 437/437 435/435
f 1617/1617 1619/1619 1624/1624
f 4668/4668 4667/4667 4663/4663
f 4663/4663 4667/4667 4664/4664
f 4663/4663 4664/4664 4665/4665
f 391/391 390/390 389/389
f 4665/4665 4671/4671 4666/4666
f 3882/3882 3883/3883 3884/3884
f 3432/3432 3433/3433 3430/3430
f 3207/3207 3203/3203 3202/3202
f 117/117 116/116 118/118
f 3535/3535 3536/3536 3537/3537
f 3538/3538 3539/3539 3537/3537
f 508/508 506/506 510/510
f 110/110 148/148 109/109
f 3651/3651 3652/3652 3653/3653
f 4609/4609 4610/4610 4611/4611
f 502/502 506/506 508/508
f 148/148 142/142 108/108
f 2169/2169 2171/2171 2172/2172
f 2172/2172 2171/2171 2173/2173
f 501/501 500/500 502/502
f 108/108 142/142 116/116
f 4193/4193 4194/4194 4191/4191
f 501/501 497/497 500/500
f 3609/3609 3607/3607 3608/3608
f 3610/3610 3609/3609 3608/3608
f 3608/3608 3607/3607 3606/3606
f 3606/3606 3607/3607 3605/3605
f 3606/3606 3605/3605 3604/3604
f 3604/3604 3605/3605 3600/3600
f 3605/3605 3602/3602 3600/3600
f 3600/3600 3602/3602 3601/3601
f 1235/1235 1236/1236 1234/1234
f 122/122 123/123 119/119
f 118/118 122/122 119/119
f 4219/4219 4218/4218 4194/4194
f 451/451 485/485 453/453
f 443/443 451/451 448/448
f 529/529 444/444 447/447
f 1617/1617 1618/1618 1619/1619
f 5125/5125 5128/5128 5124/5124
f 390/390 388/388 389/389
f 4664/4664 4671/4671 4665/4665
f 3543/3543 3542/3542 3541/3541
f 3541/3541 3542/3542 3536/3536
f 389/389 392/392 394/394
f 510/510 506/506 514/514
f 2168/2168 2166/2166 2165/2165
f 2165/2165 2166/2166 2167/2167
f 2167/2167 2166/2166 2169/2169
f 2169/2169 2166/2166 2170/2170
f 2169/2169 2170/2170 2171/2171
f 503/503 502/502 508/508
f 142/142 127/127 116/116
f 116/116 122/122 118/118
f 116/116 127/127 122/122
f 492/492 494/494 495/495
f 4279/4279 4263/4263 4220/4220
f 485/485 493/493 492/492
f 122/122 124/124 123/123
f 124/124 125/125 123/123
f 444/444 461/461 437/437
f 1619/1619 1622/1622 1625/1625
f 1624/1624 1619/1619 1625/1625
f 1297/1297 1295/1295 1310/1310
f 1292/1292 1302/1302 1293/1293
f 506/506 512/512 514/514
f 1571/1571 1556/1556 1557/1557
f 148/148 162/162 142/142
f 162/162 163/163 142/142
f 142/142 163/163 164/164
f 142/142 164/164 127/127
f 4218/4218 4279/4279 4220/4220
f 127/127 129/129 122/122
f 1616/1616 1606/1606 1613/1613
f 1606/1606 1612/1612 1613/1613
f 493/493 494/494 492/492
f 129/129 124/124 122/122
f 536/536 535/535 529/529
f 129/129 145/145 124/124
f 124/124 126/126 125/125
f 506/506 507/507 512/512
f 502/502 504/504 505/505
f 502/502 505/505 506/506
f 497/497 498/498 499/499
f 497/497 499/499 500/500
f 495/495 496/496 497/497
f 496/496 498/498 497/497
f 494/494 496/496 495/495
f 164/164 165/165 127/127
f 535/535 532/532 529/529
f 493/493 451/451 528/528
f 529/529 532/532 461/461
f 443/443 487/487 451/451
f 127/127 165/165 144/144
f 144/144 145/145 129/129
f 127/127 144/144 129/129
f 461/461 487/487 437/437
f 133/133 126/126 124/124
f 506/506 505/505 507/507
f 507/507 513/513 512/512
f 500/500 504/504 502/502
f 4219/4219 4279/4279 4218/4218
f 1593/1593 1588/1588 1606/1606
f 1588/1588 1587/1587 1606/1606
f 1612/1612 1621/1621 1620/1620
f 487/487 528/528 451/451
f 1539/1539 1562/1562 1540/1540
f 124/124 145/145 133/133
f 1299/1299 1298/1298 1297/1297
f 414/414 383/383 388/388
f 206/206 195/195 197/197
f 507/507 518/518 513/513
f 500/500 509/509 504/504
f 1556/1556 1555/1555 1553/1553
f 4193/4193 4226/4226 4194/4194
f 4226/4226 4219/4219 4194/4194
f 511/511 509/509 500/500
f 1556/1556 1553/1553 1557/1557
f 499/499 511/511 500/500
f 1553/1553 1549/1549 1551/1551
f 1557/1557 1553/1553 1551/1551
f 1551/1551 1547/1547 1552/1552
f 1612/1612 1583/1583 1621/1621
f 1552/1552 1547/1547 1540/1540
f 535/535 546/546 544/544
f 535/535 544/544 532/532
f 1537/1537 1539/1539 1540/1540
f 487/487 531/531 528/528
f 1539/1539 1530/1530 1562/1562
f 1562/1562 1530/1530 1563/1563
f 150/150 151/151 145/145
f 144/144 150/150 145/145
f 1570/1570 1568/1568 1569/1569
f 133/133 143/143 126/126
f 414/414 417/417 383/383
f 388/388 383/383 385/385
f 388/388 385/385 389/389
f 513/513 518/518 521/521
f 1593/1593 1592/1592 1591/1591
f 1587/1587 1583/1583 1612/1612
f 1551/1551 1549/1549 1547/1547
f 1621/1621 1578/1578 1620/1620
f 1547/1547 1537/1537 1540/1540
f 1537/1537 1535/1535 1539/1539
f 133/133 157/157 143/143
f 1569/1569 1568/1568 1567/1567
f 157/157 161/161 143/143
f 586/586 587/587 579/579
f 5130/5130 5132/5132 5133/5133
f 385/385 387/387 389/389
f 505/505 517/517 507/507
f 1586/1586 1589/1589 1584/1584
f 1583/1583 1578/1578 1621/1621
f 528/528 539/539 538/538
f 1539/1539 1535/1535 1530/1530
f 1530/1530 1533/1533 1563/1563
f 150/150 168/168 151/151
f 5107/5107 5108/5108 5109/5109
f 5108/5108 5110/5110 5109/5109
f 389/389 387/387 392/392
f 518/518 517/517 530/530
f 518/518 530/530 521/521
f 1589/1589 1585/1585 1584/1584
f 1559/1559 1554/1554 1555/1555
f 1555/1555 1554/1554 1553/1553
f 1626/1626 1623/1623 1611/1611
f 538/538 540/540 541/541
f 1549/1549 1548/1548 1547/1547
f 528/528 537/537 539/539
f 1537/1537 1536/1536 1535/1535
f 1535/1535 1534/1534 1530/1530
f 1533/1533 1564/1564 1568/1568
f 823/823 876/876 872/872
f 876/876 877/877 872/872
f 872/872 874/874 871/871
f 2163/2163 2159/2159 2161/2161
f 2163/2163 2164/2164 2159/2159
f 5101/5101 5105/5105 5106/5106
f 2157/2157 2158/2158 2159/2159
f 5102/5102 5093/5093 5101/5101
f 392/392 387/387 395/395
f 5103/5103 5093/5093 5102/5102
f 277/277 263/263 264/264
f 395/395 399/399 400/400
f 1627/1627 1623/1623 1626/1626
f 1605/1605 1623/1623 1604/1604
f 1554/1554 1550/1550 1553/1553
f 269/269 267/267 270/270
f 1553/1553 1550/1550 1549/1549
f 1550/1550 1548/1548 1549/1549
f 1547/1547 1548/1548 1537/1537
f 1548/1548 1536/1536 1537/1537
f 1536/1536 1534/1534 1535/1535
f 1534/1534 1531/1531 1530/1530
f 1533/1533 1530/1530 1532/1532
f 1533/1533 1558/1558 1564/1564
f 1564/1564 1567/1567 1568/1568
f 1991/1991 1988/1988 1990/1990
f 737/737 872/872 871/871
f 383/383 384/384 385/385
f 385/385 386/386 387/387
f 5101/5101 5093/5093 5099/5099
f 5101/5101 5099/5099 5105/5105
f 5103/5103 5100/5100 5093/5093
f 273/273 260/260 268/268
f 1602/1602 1633/1633 1599/1599
f 270/270 263/263 282/282
f 1530/1530 1531/1531 1532/1532
f 1533/1533 1532/1532 1558/1558
f 1564/1564 1565/1565 1567/1567
f 733/733 724/724 732/732
f 737/737 871/871 744/744
f 1112/1112 1101/1101 1102/1102
f 384/384 386/386 385/385
f 221/221 222/222 257/257
f 5100/5100 5090/5090 5093/5093
f 1602/1602 1631/1631 1633/1633
f 1604/1604 1631/1631 1602/1602
f 279/279 278/278 281/281
f 1543/1543 1542/1542 1536/1536
f 1536/1536 1542/1542 1534/1534
f 1988/1988 1989/1989 1990/1990
f 733/733 737/737 738/738
f 5518/5518 5516/5516 5506/5506
f 5516/5516 5514/5514 5506/5506
f 5506/5506 5514/5514 5502/5502
f 5514/5514 5515/5515 5502/5502
f 5517/5517 5515/5515 5514/5514
f 5093/5093 5095/5095 5099/5099
f 1604/1604 1629/1629 1631/1631
f 1534/1534 1538/1538 1531/1531
f 1531/1531 1538/1538 1532/1532
f 1558/1558 1560/1560 1564/1564
f 1564/1564 1560/1560 1565/1565
f 1988/1988 1992/1992 1989/1989
f 5090/5090 5092/5092 5093/5093
f 395/395 398/398 399/399
f 1627/1627 1628/1628 1623/1623
f 1623/1623 1629/1629 1604/1604
f 1542/1542 1544/1544 1534/1534
f 1544/1544 1538/1538 1534/1534
f 1538/1538 1541/1541 1532/1532
f 1558/1558 1541/1541 1560/1560
f 1560/1560 1566/1566 1565/1565
f 386/386 397/397 387/387
f 5502/5502 5575/5575 5503/5503
f 397/397 396/396 387/387
f 1043/1043 1050/1050 1051/1051
f 1631/1631 1641/1641 1633/1633
f 1633/1633 1641/1641 1642/1642
f 5090/5090 5091/5091 5092/5092
f 1623/1623 1628/1628 1629/1629
f 5093/5093 5092/5092 5095/5095
f 1538/1538 1544/1544 1546/1546
f 1546/1546 1541/1541 1538/1538
f 1050/1050 1043/1043 1044/1044
f 1629/1629 1632/1632 1631/1631
f 1992/1992 1994/1994 1993/1993
f 1992/1992 1993/1993 1989/1989
f 5502/5502 5503/5503 5497/5497
f 5503/5503 5509/5509 5497/5497
f 1043/1043 1027/1027 1044/1044
f 1030/1030 1027/1027 1043/1043
f 5098/5098 5096/5096 5097/5097
f 5097/5097 5096/5096 5091/5091
f 5096/5096 5094/5094 5091/5091
f 5091/5091 5094/5094 5092/5092
f 1628/1628 1630/1630 1629/1629
f 1629/1629 1630/1630 1632/1632
f 5092/5092 5104/5104 5095/5095
f 2537/2537 2540/2540 2538/2538
f 2537/2537 2538/2538 2539/2539
f 2539/2539 2538/2538 2541/2541
f 5496/5496 5498/5498 5499/5499
f 5496/5496 5497/5497 5498/5498
f 5497/5497 5500/5500 5498/5498
f 5497/5497 5509/5509 5500/5500
f 1027/1027 1045/1045 1044/1044
f 401/401 411/411 398/398
f 1632/1632 1630/1630 1634/1634
f 767/767 768/768 769/769
f 5496/5496 5499/5499 5501/5501
f 5500/5500 5504/5504 5498/5498
f 1027/1027 1028/1028 1045/1045
f 1045/1045 1028/1028 1047/1047
f 411/411 412/412 398/398
f 1049/1049 1026/1026 1030/1030
f 1030/1030 1026/1026 1027/1027
f 1630/1630 1635/1635 1634/1634
f 1639/1639 1637/1637 1640/1640
f 5144/5144 5136/5136 5138/5138
f 5144/5144 5138/5138 5142/5142
f 5142/5142 5138/5138 5143/5143
f 5138/5138 5139/5139 5143/5143
f 5136/5136 5137/5137 5138/5138
f 5532/5532 5540/5540 5562/5562
f 5138/5138 5137/5137 5139/5139
f 5499/5499 5498/5498 5507/5507
f 5498/5498 5504/5504 5510/5510
f 5498/5498 5510/5510 5508/5508
f 1026/1026 1010/1010 1027/1027
f 1045/1045 1047/1047 1048/1048
f 1636/1636 1637/1637 1639/1639
f 5526/5526 5527/5527 5558/5558
f 5526/5526 5558/5558 5579/5579
f 5527/5527 5531/5531 5532/5532
f 5527/5527 5532/5532 5558/5558
f 5531/5531 5533/5533 5532/5532
f 5533/5533 5540/5540 5532/5532
f 1022/1022 1023/1023 1037/1037
f 1037/1037 1023/1023 1042/1042
f 5137/5137 5140/5140 5139/5139
f 1027/1027 1010/1010 1028/1028
f 1026/1026 1025/1025 1010/1010
f 5508/5508 5510/5510 5521/5521
f 1028/1028 1029/1029 1047/1047
f 1029/1029 1048/1048 1047/1047
f 1635/1635 1637/1637 1636/1636
f 5534/5534 5526/5526 5563/5563
f 5528/5528 5531/5531 5527/5527
f 1031/1031 1014/1014 1022/1022
f 1014/1014 1017/1017 1022/1022
f 1022/1022 1017/1017 1023/1023
f 1023/1023 1017/1017 1041/1041
f 1023/1023 1041/1041 1042/1042
f 5508/5508 5521/5521 5511/5511
f 1025/1025 1018/1018 1010/1010
f 5587/5587 5586/5586 5585/5585
f 1635/1635 1638/1638 1637/1637
f 1029/1029 1033/1033 1048/1048
f 5500/5500 5572/5572 5571/5571
f 5500/5500 5571/5571 5504/5504
f 5504/5504 5571/5571 5510/5510
f 5567/5567 5568/5568 5569/5569
f 5523/5523 5527/5527 5526/5526
f 5525/5525 5526/5526 5534/5534
f 4594/4594 4593/4593 4590/4590
f 5534/5534 5563/5563 5536/5536
f 1703/1703 1694/1694 1700/1700
f 1694/1694 1699/1699 1700/1700
f 1699/1699 1701/1701 1700/1700
f 4467/4467 4469/4469 4470/4470
f 4471/4471 4470/4470 4469/4469
f 1032/1032 1012/1012 1031/1031
f 1031/1031 1012/1012 1014/1014
f 1704/1704 1705/1705 1701/1701
f 1702/1702 1704/1704 1701/1701
f 1094/1094 1089/1089 1107/1107
f 1018/1018 1009/1009 1010/1010
f 1028/1028 1010/1010 1006/1006
f 5521/5521 5522/5522 5511/5511
f 5588/5588 5583/5583 5587/5587
f 5588/5588 5587/5587 5589/5589
f 1028/1028 1006/1006 1029/1029
f 5593/5593 5591/5591 5590/5590
f 5583/5583 5586/5586 5587/5587
f 3213/3213 3216/3216 3221/3221
f 5596/5596 5591/5591 5593/5593
f 5576/5576 5565/5565 5567/5567
f 5597/5597 5598/5598 5595/5595
f 5596/5596 5597/5597 5591/5591
f 5523/5523 5526/5526 5525/5525
f 5565/5565 5566/5566 5567/5567
f 5566/5566 5568/5568 5567/5567
f 1924/1924 1927/1927 1928/1928
f 1927/1927 1929/1929 1928/1928
f 5528/5528 5527/5527 5523/5523
f 1707/1707 1694/1694 1703/1703
f 1046/1046 1011/1011 1032/1032
f 1694/1694 1693/1693 1699/1699
f 1699/1699 1702/1702 1701/1701
f 1699/1699 1693/1693 1702/1702
f 4467/4467 4468/4468 4469/4469
f 4963/4963 4958/4958 4959/4959
f 1014/1014 1013/1013 1017/1017
f 4959/4959 4964/4964 4963/4963
f 1056/1056 1039/1039 1055/1055
f 1055/1055 1039/1039 1054/1054
f 1986/1986 1983/1983 1980/1980
f 1010/1010 1009/1009 1006/1006
f 5583/5583 5585/5585 5586/5586
f 1006/1006 1004/1004 1029/1029
f 5522/5522 5523/5523 5511/5511
f 1029/1029 1004/1004 1033/1033
f 5590/5590 5591/5591 5592/5592
f 5576/5576 5581/5581 5554/5554
f 5576/5576 5554/5554 5565/5565
f 1033/1033 1004/1004 1034/1034
f 5591/5591 5594/5594 5592/5592
f 5597/5597 5595/5595 5591/5591
f 5591/5591 5595/5595 5594/5594
f 5529/5529 5528/5528 5523/5523
f 5530/5530 5528/5528 5529/5529
f 1034/1034 1001/1001 1046/1046
f 1046/1046 1001/1001 1011/1011
f 5602/5602 5601/5601 5600/5600
f 1032/1032 1011/1011 1012/1012
f 1690/1690 1693/1693 1694/1694
f 1690/1690 1692/1692 1693/1693
f 4468/4468 4474/4474 4473/4473
f 1013/1013 1035/1035 1036/1036
f 4958/4958 4957/4957 4959/4959
f 1012/1012 1013/1013 1014/1014
f 5556/5556 5559/5559 5560/5560
f 5559/5559 5561/5561 5560/5560
f 1040/1040 1021/1021 1039/1039
f 1039/1039 1052/1052 1054/1054
f 5512/5512 5511/5511 5513/5513
f 5582/5582 5583/5583 5588/5588
f 806/806 805/805 783/783
f 5582/5582 5580/5580 5583/5583
f 5580/5580 5584/5584 5583/5583
f 5583/5583 5584/5584 5585/5585
f 3213/3213 3214/3214 3215/3215
f 3213/3213 3215/3215 3216/3216
f 5511/5511 5523/5523 5524/5524
f 5524/5524 5523/5523 5525/5525
f 5524/5524 5525/5525 5546/5546
f 5546/5546 5525/5525 5535/5535
f 5535/5535 5537/5537 5546/5546
f 5537/5537 5539/5539 5546/5546
f 5554/5554 5553/5553 5565/5565
f 2634/2634 2627/2627 2628/2628
f 1034/1034 1004/1004 999/999
f 5537/5537 5538/5538 5539/5539
f 5553/5553 5557/5557 5565/5565
f 5557/5557 5566/5566 5565/5565
f 1922/1922 1923/1923 1924/1924
f 1924/1924 1923/1923 1927/1927
f 1927/1927 1933/1933 1929/1929
f 5537/5537 5536/5536 5538/5538
f 999/999 1001/1001 1034/1034
f 5543/5543 5552/5552 5544/5544
f 1691/1691 1695/1695 1692/1692
f 1690/1690 1691/1691 1692/1692
f 1692/1692 1695/1695 1697/1697
f 4474/4474 4475/4475 4473/4473
f 5536/5536 5550/5550 5549/5549
f 5536/5536 5549/5549 5547/5547
f 4956/4956 4957/4957 4958/4958
f 5028/5028 5029/5029 5030/5030
f 1012/1012 1002/1002 1013/1013
f 1013/1013 1015/1015 1035/1035
f 5550/5550 5555/5555 5551/5551
f 1035/1035 1015/1015 1019/1019
f 5550/5550 5551/5551 5549/5549
f 4961/4961 4962/4962 4960/4960
f 4961/4961 4960/4960 4957/4957
f 5549/5549 5551/5551 5556/5556
f 5556/5556 5551/5551 5559/5559
f 1040/1040 1019/1019 1021/1021
f 1021/1021 1038/1038 1039/1039
f 1038/1038 1052/1052 1039/1039
f 1980/1980 1971/1971 1986/1986
f 1009/1009 1007/1007 1006/1006
f 5577/5577 5546/5546 5573/5573
f 1007/1007 1005/1005 1006/1006
f 5524/5524 5546/5546 5577/5577
f 5573/5573 5539/5539 5580/5580
f 5573/5573 5580/5580 5582/5582
f 5580/5580 5539/5539 5564/5564
f 3214/3214 3217/3217 3215/3215
f 5546/5546 5539/5539 5573/5573
f 1006/1006 1005/1005 1004/1004
f 5539/5539 5538/5538 5545/5545
f 5545/5545 5538/5538 5553/5553
f 5545/5545 5553/5553 5554/5554
f 1926/1926 1923/1923 1925/1925
f 5538/5538 5557/5557 5553/5553
f 1925/1925 1923/1923 1922/1922
f 1932/1932 1933/1933 1927/1927
f 1923/1923 1932/1932 1927/1927
f 5538/5538 5541/5541 5542/5542
f 5542/5542 5541/5541 5543/5543
f 1001/1001 1002/1002 1011/1011
f 1011/1011 1002/1002 1012/1012
f 5541/5541 5547/5547 5548/5548
f 1696/1696 1695/1695 1691/1691
f 1698/1698 1696/1696 1691/1691
f 1695/1695 1696/1696 1697/1697
f 1948/1948 1949/1949 1950/1950
f 1002/1002 1015/1015 1013/1013
f 1015/1015 1016/1016 1019/1019
f 1019/1019 1016/1016 1020/1020
f 1019/1019 1020/1020 1021/1021
f 1020/1020 1038/1038 1021/1021
f 780/780 783/783 804/804
f 804/804 805/805 807/807
f 3218/3218 3217/3217 3214/3214
f 1005/1005 1003/1003 1004/1004
f 2634/2634 2633/2633 2631/2631
f 1004/1004 1003/1003 999/999
f 1926/1926 1930/1930 1923/1923
f 1930/1930 1932/1932 1923/1923
f 999/999 1000/1000 1001/1001
f 1000/1000 1002/1002 1001/1001
f 1945/1945 1946/1946 1947/1947
f 1945/1945 1947/1947 1948/1948
f 1947/1947 1949/1949 1948/1948
f 3219/3219 3220/3220 3217/3217
f 1005/1005 1008/1008 1003/1003
f 1926/1926 1931/1931 1930/1930
f 1002/1002 1016/1016 1015/1015
f 2635/2635 2637/2637 2636/2636
f 1951/1951 1969/1969 1947/1947
f 4539/4539 4540/4540 4541/4541
f 3668/3668 3663/3663 3666/3666
f 4461/4461 4465/4465 4464/4464
f 4539/4539 4541/4541 4542/4542
f 4542/4542 4541/4541 4543/4543
f 4460/4460 4464/4464 4463/4463
f 4461/4461 4464/4464 4460/4460
f 4545/4545 4546/4546 4547/4547
f 4547/4547 4548/4548 4549/4549
f 3655/3655 3660/3660 3659/3659
f 4538/4538 4536/4536 4539/4539
f 2615/2615 2609/2609 2608/2608
f 4538/4538 4539/4539 4542/4542
f 2612/2612 2608/2608 2610/2610
f 2612/2612 2610/2610 2613/2613
f 4444/4444 4445/4445 4446/4446
f 4454/4454 4444/4444 4446/4446
f 2614/2614 2608/2608 2612/2612
f 4455/4455 4463/4463 4444/4444
f 4460/4460 4463/4463 4455/4455
f 4544/4544 4543/4543 4541/4541
f 1079/1079 1060/1060 1057/1057
f 4545/4545 4544/4544 4541/4541
f 1834/1834 1837/1837 1835/1835
f 1834/1834 1835/1835 1836/1836
f 1836/1836 1835/1835 1841/1841
f 2106/2106 2099/2099 2097/2097
f 2085/2085 2086/2086 2083/2083
f 3658/3658 3655/3655 3659/3659
f 4533/4533 4536/4536 4538/4538
f 2610/2610 2609/2609 2611/2611
f 2608/2608 2609/2609 2610/2610
f 4448/4448 4446/4446 4447/4447
f 2560/2560 2561/2561 2562/2562
f 4459/4459 4460/4460 4455/4455
f 2560/2560 2562/2562 2564/2564
f 2560/2560 2564/2564 2566/2566
f 2566/2566 2564/2564 2567/2567
f 1839/1839 1837/1837 1838/1838
f 1838/1838 1837/1837 1834/1834
f 1834/1834 1836/1836 1845/1845
f 1845/1845 1836/1836 1843/1843
f 1893/1893 1894/1894 1891/1891
f 1891/1891 1894/1894 1897/1897
f 2077/2077 2082/2082 2081/2081
f 1753/1753 1754/1754 1749/1749
f 2080/2080 2084/2084 2079/2079
f 3656/3656 3655/3655 3658/3658
f 4537/4537 4536/4536 4535/4535
f 4535/4535 4536/4536 4533/4533
f 822/822 860/860 817/817
f 2563/2563 2565/2565 2571/2571
f 817/817 860/860 818/818
f 818/818 860/860 858/858
f 2565/2565 2563/2563 2560/2560
f 818/818 858/858 819/819
f 1843/1843 1836/1836 1842/1842
f 819/819 858/858 859/859
f 1840/1840 1839/1839 1838/1838
f 1838/1838 1834/1834 1848/1848
f 1848/1848 1834/1834 1845/1845
f 1893/1893 1891/1891 1890/1890
f 1901/1901 1893/1893 1890/1890
f 1891/1891 1897/1897 1895/1895
f 1751/1751 1753/1753 1749/1749
f 1751/1751 1749/1749 1748/1748
f 2280/2280 2289/2289 2284/2284
f 2080/2080 2079/2079 2075/2075
f 2107/2107 2105/2105 2112/2112
f 2132/2132 2131/2131 2133/2133
f 2132/2132 2133/2133 2134/2134
f 841/841 863/863 795/795
f 4535/4535 4533/4533 4532/4532
f 4532/4532 4533/4533 4534/4534
f 1075/1075 1068/1068 1076/1076
f 4437/4437 4439/4439 4440/4440
f 2571/2571 2572/2572 2563/2563
f 2505/2505 2507/2507 2503/2503
f 2565/2565 2560/2560 2569/2569
f 2571/2571 2565/2565 2569/2569
f 1843/1843 1842/1842 1844/1844
f 1850/1850 1840/1840 1849/1849
f 1849/1849 1840/1840 1838/1838
f 1849/1849 1838/1838 1848/1848
f 1345/1345 1354/1354 1353/1353
f 1336/1336 1345/1345 1338/1338
f 1338/1338 1345/1345 1353/1353
f 4127/4127 4126/4126 4124/4124
f 1901/1901 1902/1902 1893/1893
f 1890/1890 1891/1891 1892/1892
f 1713/1713 1712/1712 1708/1708
f 1753/1753 1751/1751 1757/1757
f 2969/2969 2973/2973 2968/2968
f 1075/1075 1076/1076 1086/1086
f 799/799 822/822 817/817
f 2545/2545 2550/2550 2546/2546
f 1077/1077 1070/1070 1075/1075
f 2574/2574 2576/2576 2575/2575
f 2573/2573 2574/2574 2575/2575
f 2545/2545 2546/2546 2547/2547
f 2547/2547 2546/2546 2548/2548
f 2547/2547 2548/2548 2549/2549
f 802/802 817/817 818/818
f 2575/2575 2576/2576 2578/2578
f 2575/2575 2578/2578 2579/2579
f 2505/2505 2503/2503 2502/2502
f 2503/2503 2508/2508 2504/2504
f 2551/2551 2547/2547 2549/2549
f 4637/4637 4638/4638 4639/4639
f 802/802 818/818 819/819
f 2502/2502 2503/2503 2504/2504
f 2552/2552 2551/2551 2549/2549
f 2552/2552 2549/2549 2559/2559
f 2443/2443 2446/2446 2444/2444
f 1333/1333 1350/1350 1349/1349
f 1333/1333 1349/1349 1331/1331
f 1368/1368 1354/1354 1370/1370
f 1331/1331 1349/1349 1336/1336
f 2915/2915 2914/2914 2916/2916
f 1337/1337 1336/1336 1338/1338
f 1890/1890 1892/1892 1900/1900
f 1891/1891 1895/1895 1892/1892
f 1713/1713 1714/1714 1712/1712
f 1712/1712 1711/1711 1708/1708
f 2074/2074 2073/2073 2069/2069
f 1714/1714 1713/1713 1715/1715
f 1338/1338 1352/1352 1341/1341
f 1757/1757 1751/1751 1756/1756
f 1756/1756 1751/1751 1748/1748
f 1748/1748 1749/1749 1750/1750
f 1352/1352 1355/1355 1341/1341
f 1749/1749 1755/1755 1750/1750
f 1341/1341 1357/1357 1340/1340
f 1357/1357 1341/1341 1358/1358
f 2972/2972 2971/2971 2970/2970
f 2971/2971 2969/2969 2970/2970
f 2969/2969 2968/2968 2964/2964
f 2970/2970 2969/2969 2964/2964
f 2964/2964 2968/2968 2965/2965
f 2582/2582 2574/2574 2577/2577
f 792/792 795/795 799/799
f 2130/2130 2131/2131 2123/2123
f 2555/2555 2557/2557 2550/2550
f 2577/2577 2574/2574 2573/2573
f 2554/2554 2555/2555 2550/2550
f 2554/2554 2550/2550 2553/2553
f 2558/2558 2554/2554 2553/2553
f 2553/2553 2550/2550 2545/2545
f 799/799 817/817 802/802
f 5865/5865 5863/5863 5862/5862
f 5866/5866 5865/5865 5862/5862
f 5862/5862 5863/5863 5864/5864
f 802/802 819/819 820/820
f 2502/2502 2504/2504 2506/2506
f 820/820 819/819 821/821
f 4639/4639 4636/4636 4635/4635
f 4641/4641 4639/4639 4635/4635
f 2579/2579 2578/2578 2580/2580
f 1368/1368 1370/1370 1369/1369
f 1331/1331 1336/1336 1332/1332
f 1332/1332 1336/1336 1337/1337
f 1892/1892 1895/1895 1896/1896
f 1708/1708 1711/1711 1709/1709
f 1708/1708 1709/1709 1710/1710
f 1337/1337 1338/1338 1340/1340
f 1340/1340 1338/1338 1341/1341
f 2066/2066 2075/2075 2071/2071
f 1341/1341 1355/1355 1360/1360
f 1341/1341 1360/1360 1361/1361
f 1358/1358 1361/1361 1367/1367
f 2970/2970 2964/2964 2975/2975
f 4086/4086 4084/4084 4085/4085
f 2116/2116 2115/2115 2114/2114
f 2293/2293 2288/2288 2269/2269
f 595/595 598/598 597/597
f 792/792 794/794 795/795
f 2123/2123 2131/2131 2132/2132
f 5896/5896 5895/5895 5897/5897
f 2129/2129 2130/2130 2122/2122
f 2556/2556 2555/2555 2554/2554
f 2123/2123 2137/2137 2124/2124
f 5869/5869 5893/5893 5867/5867
f 799/799 802/802 801/801
f 801/801 802/802 803/803
f 803/803 802/802 820/820
f 4923/4923 4925/4925 4926/4926
f 1359/1359 1365/1365 1364/1364
f 1365/1365 1366/1366 1364/1364
f 1846/1846 1844/1844 1842/1842
f 1846/1846 1842/1842 1847/1847
f 1333/1333 1335/1335 1359/1359
f 2915/2915 2916/2916 2917/2917
f 1899/1899 1900/1900 1892/1892
f 2069/2069 2073/2073 2065/2065
f 1756/1756 1748/1748 1752/1752
f 1748/1748 1750/1750 1752/1752
f 1342/1342 1337/1337 1340/1340
f 1337/1337 1342/1342 1344/1344
f 2070/2070 2071/2071 2072/2072
f 3046/3046 3044/3044 3045/3045
f 3045/3045 3044/3044 3043/3043
f 1342/1342 1340/1340 1343/1343
f 1343/1343 1340/1340 1346/1346
f 2975/2975 2964/2964 2963/2963
f 2963/2963 2964/2964 2965/2965
f 3044/3044 3042/3042 3043/3043
f 1343/1343 1346/1346 1356/1356
f 4085/4085 4084/4084 4081/4081
f 3043/3043 3042/3042 3039/3039
f 3042/3042 3040/3040 3039/3039
f 4081/4081 4084/4084 4083/4083
f 757/757 597/597 759/759
f 2126/2126 2129/2129 2122/2122
f 2122/2122 2130/2130 2123/2123
f 2121/2121 2123/2123 2124/2124
f 2121/2121 2122/2122 2123/2123
f 1803/1803 1799/1799 1817/1817
f 4924/4924 4927/4927 4925/4925
f 4923/4923 4926/4926 4907/4907
f 4904/4904 4923/4923 4907/4907
f 2583/2583 2581/2581 2580/2580
f 4310/4310 4292/4292 4287/4287
f 1334/1334 1335/1335 1333/1333
f 1334/1334 1333/1333 1330/1330
f 1330/1330 1333/1333 1331/1331
f 2917/2917 2916/2916 2918/2918
f 1330/1330 1331/1331 1332/1332
f 1330/1330 1332/1332 1348/1348
f 1348/1348 1332/1332 1337/1337
f 2303/2303 2304/2304 2300/2300
f 2282/2282 2300/2300 2296/2296
f 1348/1348 1337/1337 1351/1351
f 1402/1402 1403/1403 1393/1393
f 1351/1351 1337/1337 1344/1344
f 2066/2066 2071/2071 2070/2070
f 4584/4584 4583/4583 4581/4581
f 2966/2966 2963/2963 2965/2965
f 2966/2966 2965/2965 2967/2967
f 3086/3086 3090/3090 3089/3089
f 3086/3086 3089/3089 3087/3087
f 2967/2967 2965/2965 2974/2974
f 3039/3039 3040/3040 3041/3041
f 596/596 597/597 757/757
f 595/595 597/597 596/596
f 759/759 597/597 800/800
f 759/759 800/800 789/789
f 789/789 800/800 794/794
f 789/789 794/794 790/790
f 790/790 794/794 792/792
f 792/792 799/799 797/797
f 797/797 799/799 801/801
f 2127/2127 2126/2126 2125/2125
f 2125/2125 2126/2126 2122/2122
f 2125/2125 2122/2122 2121/2121
f 4901/4901 4924/4924 4902/4902
f 4924/4924 4925/4925 4923/4923
f 4902/4902 4924/4924 4923/4923
f 4902/4902 4923/4923 4904/4904
f 1794/1794 1789/1789 1790/1790
f 4906/4906 4904/4904 4907/4907
f 4904/4904 4906/4906 4905/4905
f 1339/1339 1347/1347 1334/1334
f 1339/1339 1334/1334 1330/1330
f 4523/4523 4524/4524 4525/4525
f 4526/4526 4523/4523 4525/4525
f 2708/2708 2710/2710 2707/2707
f 2708/2708 2707/2707 2703/2703
f 1899/1899 1892/1892 1898/1898
f 1898/1898 1892/1892 1896/1896
f 5210/5210 5199/5199 5200/5200
f 2713/2713 2708/2708 2706/2706
f 2706/2706 2708/2708 2703/2703
f 1709/1709 1720/1720 1717/1717
f 5200/5200 5201/5201 5204/5204
f 2712/2712 2706/2706 2704/2704
f 2706/2706 2703/2703 2704/2704
f 2704/2704 2703/2703 2702/2702
f 2703/2703 2707/2707 2701/2701
f 1362/1362 1330/1330 1348/1348
f 2069/2069 2065/2065 2068/2068
f 1362/1362 1348/1348 1363/1363
f 1710/1710 1717/1717 1718/1718
f 2712/2712 2704/2704 2711/2711
f 2711/2711 2704/2704 2702/2702
f 2065/2065 2066/2066 2067/2067
f 2068/2068 2065/2065 2067/2067
f 2067/2067 2066/2066 2070/2070
f 1393/1393 1400/1400 1394/1394
f 4080/4080 4081/4081 4082/4082
f 4082/4082 4081/4081 4083/4083
f 593/593 594/594 595/595
f 793/793 792/792 797/797
f 883/883 893/893 894/894
f 2135/2135 2136/2136 2126/2126
f 2135/2135 2126/2126 2127/2127
f 2127/2127 2125/2125 2128/2128
f 5904/5904 5889/5889 5894/5894
f 4921/4921 4924/4924 4901/4901
f 1459/1459 1460/1460 1458/1458
f 3859/3859 3860/3860 3861/3861
f 4310/4310 4287/4287 4286/4286
f 4995/4995 4993/4993 4992/4992
f 5197/5197 5217/5217 5201/5201
f 2713/2713 2714/2714 2708/2708
f 2708/2708 2714/2714 2710/2710
f 969/969 967/967 997/997
f 5199/5199 5197/5197 5200/5200
f 5200/5200 5197/5197 5201/5201
f 1717/1717 1720/1720 1719/1719
f 1898/1898 1896/1896 1903/1903
f 1717/1717 1719/1719 1718/1718
f 2702/2702 2703/2703 2701/2701
f 5152/5152 5153/5153 5154/5154
f 5155/5155 5152/5152 5154/5154
f 2702/2702 2701/2701 2700/2700
f 3895/3895 3894/3894 3893/3893
f 3894/3894 3892/3892 3893/3893
f 3893/3893 3892/3892 3890/3890
f 1718/1718 1721/1721 1722/1722
f 1723/1723 1718/1718 1722/1722
f 1371/1371 1375/1375 1374/1374
f 2711/2711 2702/2702 2700/2700
f 2295/2295 2296/2296 2302/2302
f 3890/3890 3892/3892 3891/3891
f 4581/4581 4582/4582 4584/4584
f 3087/3087 3091/3091 3088/3088
f 3088/3088 3091/3091 3092/3092
f 3086/3086 3087/3087 3088/3088
f 757/757 759/759 758/758
f 758/758 759/759 760/760
f 760/760 759/759 786/786
f 759/759 789/789 786/786
f 790/790 792/792 791/791
f 791/791 792/792 793/793
f 793/793 797/797 798/798
f 5894/5894 5889/5889 5871/5871
f 4894/4894 4921/4921 4901/4901
f 2135/2135 2127/2127 2128/2128
f 3870/3870 3871/3871 3868/3868
f 4895/4895 4901/4901 4902/4902
f 3867/3867 3868/3868 3863/3863
f 3866/3866 3867/3867 3863/3863
f 1466/1466 1461/1461 1463/1463
f 4895/4895 4902/4902 4903/4903
f 3866/3866 3863/3863 3862/3862
f 3862/3862 3863/3863 3859/3859
f 4903/4903 4902/4902 4904/4904
f 3862/3862 3859/3859 3861/3861
f 4903/4903 4904/4904 4905/4905
f 4864/4864 4863/4863 4862/4862
f 4738/4738 4739/4739 4740/4740
f 4867/4867 4862/4862 4861/4861
f 5197/5197 5196/5196 5217/5217
f 1573/1573 1576/1576 1574/1574
f 1574/1574 1576/1576 1577/1577
f 5198/5198 5195/5195 5197/5197
f 5195/5195 5196/5196 5197/5197
f 3705/3705 3706/3706 3707/3707
f 4992/4992 4993/4993 4994/4994
f 3707/3707 3706/3706 3708/3708
f 4006/4006 4011/4011 4010/4010
f 1718/1718 1719/1719 1721/1721
f 4844/4844 4845/4845 4846/4846
f 2694/2694 2722/2722 2721/2721
f 2700/2700 2701/2701 2697/2697
f 2700/2700 2697/2697 2698/2698
f 1371/1371 1374/1374 1373/1373
f 2700/2700 2698/2698 2716/2716
f 2295/2295 2302/2302 2297/2297
f 3890/3890 3891/3891 3888/3888
f 1372/1372 1371/1371 1373/1373
f 24/24 15/15 25/25
f 786/786 789/789 790/790
f 565/565 594/594 593/593
f 566/566 565/565 593/593
f 4898/4898 4921/4921 4894/4894
f 4895/4895 4894/4894 4901/4901
f 3863/3863 3864/3864 3859/3859
f 1462/1462 1461/1461 1466/1466
f 4854/4854 4856/4856 4855/4855
f 4855/4855 4856/4856 4860/4860
f 5219/5219 5225/5225 5203/5203
f 4865/4865 4868/4868 4859/4859
f 4865/4865 4859/4859 4863/4863
f 4860/4860 4856/4856 4866/4866
f 4867/4867 4860/4860 4866/4866
f 5202/5202 5203/5203 5198/5198
f 4864/4864 4865/4865 4863/4863
f 4290/4290 4310/4310 4286/4286
f 960/960 992/992 958/958
f 3716/3716 3717/3717 3707/3707
f 3715/3715 3716/3716 3707/3707
f 1573/1573 1574/1574 1575/1575
f 3707/3707 3708/3708 3709/3709
f 3709/3709 3708/3708 3710/3710
f 4019/4019 4038/4038 4020/4020
f 4038/4038 4011/4011 4020/4020
f 4020/4020 4011/4011 4006/4006
f 5429/5429 5430/5430 5428/5428
f 4010/4010 4012/4012 4002/4002
f 4006/4006 4010/4010 4002/4002
f 2697/2697 2717/2717 2694/2694
f 2694/2694 2721/2721 2695/2695
f 2695/2695 2721/2721 2718/2718
f 2697/2697 2694/2694 2696/2696
f 3889/3889 3890/3890 3888/3888
f 2716/2716 2698/2698 2699/2699
f 2278/2278 2297/2297 2298/2298
f 3888/3888 3886/3886 3885/3885
f 3885/3885 3886/3886 3887/3887
f 25/25 27/27 24/24
f 596/596 757/757 756/756
f 786/786 790/790 791/791
f 555/555 565/565 566/566
f 4922/4922 4909/4909 4897/4897
f 884/884 883/883 894/894
f 3873/3873 3881/3881 3864/3864
f 4893/4893 4894/4894 4895/4895
f 3865/3865 3864/3864 3863/3863
f 5223/5223 5220/5220 5224/5224
f 4857/4857 4856/4856 4854/4854
f 5219/5219 5223/5223 5225/5225
f 3714/3714 3713/3713 3712/3712
f 3713/3713 3715/3715 3709/3709
f 3712/3712 3713/3713 3709/3709
f 3709/3709 3715/3715 3707/3707
f 3712/3712 3709/3709 3711/3711
f 3711/3711 3709/3709 3710/3710
f 2694/2694 2695/2695 2696/2696
f 2695/2695 2718/2718 2696/2696
f 2696/2696 2718/2718 2709/2709
f 2698/2698 2697/2697 2696/2696
f 2698/2698 2696/2696 2699/2699
f 3889/3889 3888/3888 3885/3885
f 2278/2278 2298/2298 2299/2299
f 755/755 593/593 756/756
f 593/593 596/596 756/756
f 786/786 791/791 796/796
f 4897/4897 4909/4909 4896/4896
f 879/879 883/883 884/884
f 4896/4896 4909/4909 4898/4898
f 4896/4896 4898/4898 4894/4894
f 4892/4892 4896/4896 4894/4894
f 4893/4893 4892/4892 4894/4894
f 5206/5206 5220/5220 5219/5219
f 5205/5205 5206/5206 5203/5203
f 5203/5203 5206/5206 5219/5219
f 5208/5208 5215/5215 5222/5222
f 4040/4040 4037/4037 4036/4036
f 4036/4036 4037/4037 4035/4035
f 4035/4035 4037/4037 4042/4042
f 4035/4035 4042/4042 4027/4027
f 4027/4027 4042/4042 4039/4039
f 4027/4027 4039/4039 4017/4017
f 4014/4014 4017/4017 4015/4015
f 4005/4005 4006/4006 4002/4002
f 4002/4002 4003/4003 4004/4004
f 4005/4005 4002/4002 4004/4004
f 2699/2699 2696/2696 2705/2705
f 2705/2705 2696/2696 2709/2709
f 2705/2705 2709/2709 2719/2719
f 2699/2699 2705/2705 2715/2715
f 2720/2720 2705/2705 2719/2719
f 2299/2299 2301/2301 2287/2287
f 882/882 881/881 880/880
f 566/566 593/593 755/755
f 761/761 758/758 760/760
f 4886/4886 4887/4887 4883/4883
f 4883/4883 4922/4922 4900/4900
f 4900/4900 4922/4922 4897/4897
f 4891/4891 4896/4896 4892/4892
f 4027/4027 4017/4017 4021/4021
f 4021/4021 4017/4017 4014/4014
f 4015/4015 4019/4019 4018/4018
f 4013/4013 4020/4020 4006/4006
f 4013/4013 4006/4006 4005/4005
f 13/13 14/14 15/15
f 27/27 29/29 28/28
f 566/566 755/755 726/726
f 756/756 758/758 761/761
f 4886/4886 4883/4883 4885/4885
f 4883/4883 4900/4900 4884/4884
f 4900/4900 4897/4897 4888/4888
f 4891/4891 4897/4897 4896/4896
f 5492/5492 5493/5493 5494/5494
f 4899/4899 4897/4897 4891/4891
f 2186/2186 2188/2188 2185/2185
f 5378/5378 5376/5376 5396/5396
f 4891/4891 4892/4892 4893/4893
f 5218/5218 5220/5220 5206/5206
f 5208/5208 5209/5209 5206/5206
f 5209/5209 5218/5218 5206/5206
f 5221/5221 5209/5209 5208/5208
f 5449/5449 5397/5397 5405/5405
f 5222/5222 5221/5221 5208/5208
f 4036/4036 4035/4035 4033/4033
f 4033/4033 4035/4035 4034/4034
f 4035/4035 4027/4027 4034/4034
f 4034/4034 4027/4027 4021/4021
f 4023/4023 4021/4021 4014/4014
f 4023/4023 4014/4014 4022/4022
f 4016/4016 4015/4015 4018/4018
f 4018/4018 4019/4019 4013/4013
f 4019/4019 4020/4020 4013/4013
f 994/994 979/979 993/993
f 64/64 75/75 61/61
f 16/16 15/15 24/24
f 5874/5874 5881/5881 5882/5882
f 754/754 755/755 756/756
f 4920/4920 4886/4886 4885/4885
f 4888/4888 4884/4884 4900/4900
f 5444/5444 5441/5441 5443/5443
f 4899/4899 4888/4888 4897/4897
f 5418/5418 5416/5416 5419/5419
f 5419/5419 5416/5416 5448/5448
f 5226/5226 5209/5209 5221/5221
f 4033/4033 4034/4034 4032/4032
f 4022/4022 4014/4014 4016/4016
f 4014/4014 4015/4015 4016/4016
f 13/13 18/18 14/14
f 4013/4013 4005/4005 4007/4007
f 4007/4007 4004/4004 4008/4008
f 28/28 29/29 30/30
f 890/890 882/882 880/880
f 723/723 566/566 726/726
f 754/754 726/726 755/755
f 754/754 756/756 762/762
f 762/762 756/756 763/763
f 763/763 756/756 761/761
f 721/721 840/840 839/839
f 5391/5391 5413/5413 5386/5386
f 4885/4885 4884/4884 4888/4888
f 4885/4885 4888/4888 4889/4889
f 5420/5420 5418/5418 5419/5419
f 4889/4889 4888/4888 4890/4890
f 4890/4890 4888/4888 4899/4899
f 2183/2183 2180/2180 2179/2179
f 2179/2179 2180/2180 2181/2181
f 4041/4041 4036/4036 4029/4029
f 4029/4029 4036/4036 4033/4033
f 4033/4033 4032/4032 4031/4031
f 4337/4337 4285/4285 4303/4303
f 4031/4031 4032/4032 4023/4023
f 4016/4016 4018/4018 4030/4030
f 27/27 28/28 26/26
f 564/564 566/566 723/723
f 5427/5427 5425/5425 5435/5435
f 711/711 843/843 713/713
f 718/718 721/721 719/719
f 710/710 727/727 708/708
f 4911/4911 4920/4920 4885/4885
f 721/721 839/839 710/710
f 708/708 727/727 837/837
f 708/708 837/837 707/707
f 4911/4911 4885/4885 4889/4889
f 879/879 884/884 887/887
f 5485/5485 5482/5482 5486/5486
f 548/548 547/547 550/550
f 1477/1477 1475/1475 1478/1478
f 5307/5307 5383/5383 5327/5327
f 17/17 18/18 13/13
f 4908/4908 4890/4890 4899/4899
f 4908/4908 4929/4929 4918/4918
f 5229/5229 5226/5226 5228/5228
f 4029/4029 4033/4033 4031/4031
f 4031/4031 4023/4023 4024/4024
f 4024/4024 4023/4023 4022/4022
f 1764/1764 1765/1765 1760/1760
f 1777/1777 1782/1782 1764/1764
f 53/53 54/54 55/55
f 15/15 16/16 13/13
f 5905/5905 5880/5880 5899/5899
f 723/723 726/726 634/634
f 634/634 726/726 754/754
f 4928/4928 4919/4919 4916/4916
f 703/703 721/721 710/710
f 709/709 843/843 711/711
f 4916/4916 4919/4919 4911/4911
f 4911/4911 4919/4919 4920/4920
f 879/879 887/887 888/888
f 717/717 829/829 716/716
f 709/709 707/707 832/832
f 4910/4910 4911/4911 4889/4889
f 5399/5399 5400/5400 5401/5401
f 5383/5383 5400/5400 5399/5399
f 20/20 17/17 19/19
f 4908/4908 4910/4910 4889/4889
f 4908/4908 4889/4889 4890/4890
f 5326/5326 5280/5280 5307/5307
f 17/17 13/13 19/19
f 5194/5194 5229/5229 5228/5228
f 5234/5234 5193/5193 5190/5190
f 5234/5234 5190/5190 5232/5232
f 5190/5190 5192/5192 5232/5232
f 5192/5192 5194/5194 5232/5232
f 5235/5235 5233/5233 5234/5234
f 4043/4043 4029/4029 4026/4026
f 4029/4029 4031/4031 4024/4024
f 4029/4029 4024/4024 4026/4026
f 4026/4026 4024/4024 4025/4025
f 4025/4025 4024/4024 4022/4022
f 1759/1759 1766/1766 1763/1763
f 63/63 76/76 65/65
f 54/54 68/68 59/59
f 68/68 67/67 59/59
f 26/26 24/24 27/27
f 1321/1321 1320/1320 1323/1323
f 1320/1320 1324/1324 1323/1323
f 889/889 890/890 880/880
f 889/889 880/880 886/886
f 684/684 723/723 635/635
f 635/635 723/723 634/634
f 886/886 880/880 885/885
f 634/634 754/754 762/762
f 885/885 880/880 879/879
f 5460/5460 5462/5462 5461/5461
f 718/718 719/719 700/700
f 719/719 721/721 701/701
f 701/701 721/721 703/703
f 548/548 550/550 554/554
f 885/885 879/879 888/888
f 4914/4914 4916/4916 4911/4911
f 4913/4913 4914/4914 4911/4911
f 4913/4913 4911/4911 4912/4912
f 4912/4912 4911/4911 4910/4910
f 4915/4915 4912/4912 4910/4910
f 5395/5395 5280/5280 5326/5326
f 4915/4915 4910/4910 4917/4917
f 4917/4917 4910/4910 4918/4918
f 4910/4910 4908/4908 4918/4918
f 5231/5231 5230/5230 5194/5194
f 5194/5194 5230/5230 5229/5229
f 5233/5233 5231/5231 5193/5193
f 5193/5193 5231/5231 5194/5194
f 5234/5234 5233/5233 5193/5193
f 1761/1761 1759/1759 1763/1763
f 2241/2241 2240/2240 2244/2244
f 1760/1760 1759/1759 1761/1761
f 1760/1760 1761/1761 1762/1762
f 1764/1764 1760/1760 1762/1762
f 1682/1682 1676/1676 1675/1675
f 57/57 71/71 54/54
f 71/71 68/68 54/54
f 1675/1675 1676/1676 1674/1674
f 1674/1674 1676/1676 1687/1687
f 1484/1484 1490/1490 1499/1499
f 1484/1484 1499/1499 1500/1500
f 376/376 339/339 372/372
f 1328/1328 1329/1329 1327/1327
f 1316/1316 1317/1317 1318/1318
f 1318/1318 1317/1317 1320/1320
f 1324/1324 1325/1325 1323/1323
f 892/892 890/890 891/891
f 891/891 890/890 889/889
f 684/684 564/564 723/723
f 634/634 762/762 643/643
f 712/712 713/713 714/714
f 643/643 762/762 830/830
f 700/700 719/719 701/701
f 696/696 718/718 698/698
f 706/706 711/711 712/712
f 704/704 703/703 710/710
f 704/704 710/710 708/708
f 704/704 708/708 707/707
f 706/706 707/707 709/709
f 709/709 711/711 706/706
f 22/22 20/20 21/21
f 943/943 951/951 949/949
f 948/948 943/943 949/949
f 1779/1779 1777/1777 1764/1764
f 1779/1779 1764/1764 1772/1772
f 1764/1764 1762/1762 1772/1772
f 1776/1776 1775/1775 1777/1777
f 1774/1774 1775/1775 1776/1776
f 1675/1675 1674/1674 1673/1673
f 16/16 24/24 26/26
f 376/376 353/353 339/339
f 353/353 354/354 339/339
f 372/372 339/339 363/363
f 1328/1328 1327/1327 1326/1326
f 1318/1318 1320/1320 1321/1321
f 1326/1326 1327/1327 1316/1316
f 1326/1326 1316/1316 1322/1322
f 1322/1322 1316/1316 1319/1319
f 704/704 707/707 706/706
f 904/904 896/896 898/898
f 942/942 941/941 943/943
f 943/943 941/941 951/951
f 672/672 716/716 693/693
f 23/23 22/22 21/21
f 904/904 898/898 905/905
f 942/942 944/944 945/945
f 944/944 942/942 943/943
f 5371/5371 5356/5356 5330/5330
f 21/21 20/20 19/19
f 1776/1776 1777/1777 1778/1778
f 1778/1778 1777/1777 1779/1779
f 5033/5033 5032/5032 5034/5034
f 1677/1677 1675/1675 1673/1673
f 1673/1673 1674/1674 1663/1663
f 1319/1319 1316/1316 1318/1318
f 942/942 939/939 941/941
f 941/941 939/939 940/940
f 699/699 700/700 701/701
f 693/693 716/716 696/696
f 702/702 703/703 704/704
f 941/941 952/952 951/951
f 870/870 862/862 653/653
f 686/686 672/672 693/693
f 905/905 898/898 906/906
f 5329/5329 5324/5324 5325/5325
f 835/835 720/720 833/833
f 379/379 378/378 365/365
f 379/379 365/365 380/380
f 380/380 365/365 381/381
f 353/353 333/333 354/354
f 913/913 915/915 914/914
f 913/913 914/914 902/902
f 902/902 914/914 916/916
f 912/912 913/913 902/902
f 912/912 902/902 899/899
f 635/635 634/634 627/627
f 935/935 939/939 933/933
f 643/643 830/830 653/653
f 952/952 940/940 950/950
f 933/933 939/939 942/942
f 699/699 701/701 702/702
f 751/751 712/712 714/714
f 702/702 701/701 703/703
f 706/706 712/712 751/751
f 704/704 706/706 705/705
f 906/906 898/898 901/901
f 946/946 933/933 945/945
f 933/933 942/942 945/945
f 671/671 672/672 686/686
f 5322/5322 5324/5324 5321/5321
f 5317/5317 5316/5316 5318/5318
f 731/731 864/864 834/834
f 668/668 720/720 672/672
f 668/668 672/672 671/671
f 378/378 361/361 365/365
f 381/381 365/365 364/364
f 13/13 16/16 31/31
f 1780/1780 1776/1776 1778/1778
f 367/367 364/364 337/337
f 5031/5031 5032/5032 5033/5033
f 3855/3855 3856/3856 3854/3854
f 3854/3854 3856/3856 3857/3857
f 3856/3856 3858/3858 3857/3857
f 1781/1781 1776/1776 1780/1780
f 367/367 337/337 353/353
f 353/353 337/337 333/333
f 1677/1677 1673/1673 1662/1662
f 1662/1662 1673/1673 1663/1663
f 339/339 334/334 335/335
f 902/902 916/916 917/917
f 955/955 956/956 953/953
f 899/899 902/902 900/900
f 935/935 936/936 939/939
f 939/939 936/936 940/940
f 940/940 936/936 950/950
f 683/683 564/564 684/684
f 626/626 634/634 643/643
f 698/698 700/700 699/699
f 554/554 564/564 561/561
f 898/898 900/900 901/901
f 934/934 933/933 947/947
f 947/947 933/933 946/946
f 702/702 704/704 705/705
f 862/862 842/842 650/650
f 782/782 706/706 751/751
f 5322/5322 5321/5321 5320/5320
f 5321/5321 5317/5317 5320/5320
f 828/828 864/864 731/731
f 365/365 361/361 336/336
f 365/365 336/336 364/364
f 364/364 336/336 337/337
f 337/337 331/331 333/333
f 334/334 333/333 332/332
f 1677/1677 1662/1662 1661/1661
f 335/335 334/334 332/332
f 1662/1662 1663/1663 1659/1659
f 1659/1659 1663/1663 1658/1658
f 909/909 917/917 910/910
f 917/917 957/957 910/910
f 910/910 957/957 937/937
f 957/957 955/955 937/937
f 902/902 917/917 903/903
f 903/903 917/917 909/909
f 937/937 955/955 953/953
f 937/937 953/953 938/938
f 900/900 902/902 903/903
f 932/932 938/938 936/936
f 936/936 938/938 953/953
f 932/932 936/936 935/935
f 933/933 932/932 935/935
f 684/684 635/635 627/627
f 627/627 634/634 626/626
f 901/901 900/900 907/907
f 901/901 907/907 908/908
f 934/934 931/931 933/933
f 907/907 934/934 908/908
f 696/696 698/698 697/697
f 751/751 714/714 866/866
f 653/653 862/862 650/650
f 647/647 689/689 688/688
f 690/690 828/828 664/664
f 702/702 705/705 764/764
f 705/705 706/706 764/764
f 650/650 842/842 831/831
f 650/650 831/831 651/651
f 722/722 689/689 647/647
f 729/729 722/722 647/647
f 664/664 828/828 731/731
f 764/764 706/706 765/765
f 731/731 834/834 665/665
f 833/833 720/720 665/665
f 665/665 720/720 668/668
f 765/765 706/706 782/782
f 665/665 834/834 833/833
f 361/361 329/329 336/336
f 336/336 327/327 331/331
f 331/331 327/327 330/330
f 477/477 475/475 471/471
f 337/337 336/336 331/331
f 332/332 331/331 330/330
f 333/333 331/331 332/332
f 3851/3851 3855/3855 3854/3854
f 932/932 937/937 938/938
f 903/903 909/909 907/907
f 937/937 932/932 910/910
f 900/900 903/903 907/907
f 907/907 910/910 932/932
f 683/683 684/684 627/627
f 907/907 932/932 931/931
f 931/931 932/932 933/933
f 626/626 643/643 621/621
f 934/934 907/907 931/931
f 561/561 564/564 683/683
f 643/643 653/653 621/621
f 695/695 696/696 697/697
f 697/697 698/698 699/699
f 660/660 688/688 690/690
f 660/660 690/690 664/664
f 693/693 696/696 695/695
f 831/831 730/730 652/652
f 652/652 730/730 641/641
f 645/645 730/730 729/729
f 686/686 693/693 694/694
f 816/816 702/702 764/764
f 663/663 731/731 665/665
f 324/324 377/377 325/325
f 316/316 324/324 325/325
f 21/21 19/19 32/32
f 308/308 329/329 349/349
f 329/329 361/361 349/349
f 336/336 329/329 327/327
f 330/330 327/327 328/328
f 349/349 361/361 344/344
f 3853/3853 3851/3851 3854/3854
f 1661/1661 1662/1662 1659/1659
f 907/907 909/909 910/910
f 647/647 688/688 644/644
f 644/644 688/688 660/660
f 645/645 729/729 647/647
f 693/693 695/695 694/694
f 816/816 699/699 702/702
f 316/316 322/322 324/324
f 316/316 325/325 326/326
f 308/308 316/316 329/329
f 316/316 326/326 327/327
f 329/329 316/316 327/327
f 327/327 326/326 328/328
f 348/348 307/307 362/362
f 362/362 307/307 344/344
f 3852/3852 3851/3851 3853/3853
f 1660/1660 1661/1661 1659/1659
f 652/652 641/641 615/615
f 645/645 647/647 644/644
f 660/660 664/664 661/661
f 661/661 664/664 663/663
f 715/715 695/695 697/697
f 697/697 699/699 788/788
f 788/788 699/699 816/816
f 548/548 554/554 553/553
f 669/669 668/668 671/671
f 304/304 320/320 321/321
f 304/304 321/321 322/322
f 304/304 322/322 309/309
f 309/309 322/322 316/316
f 308/308 309/309 316/316
f 307/307 308/308 344/344
f 344/344 308/308 349/349
f 4837/4837 4835/4835 4836/4836
f 303/303 348/348 302/302
f 348/348 303/303 307/307
f 4836/4836 4835/4835 4831/4831
f 5273/5273 5274/5274 5275/5275
f 4836/4836 4831/4831 4838/4838
f 347/347 302/302 348/348
f 345/345 302/302 347/347
f 3849/3849 3851/3851 3850/3850
f 3850/3850 3851/3851 3852/3852
f 614/614 621/621 653/653
f 644/644 660/660 659/659
f 614/614 653/653 650/650
f 646/646 641/641 642/642
f 641/641 645/645 642/642
f 715/715 697/697 815/815
f 815/815 697/697 788/788
f 687/687 694/694 695/695
f 687/687 695/695 715/715
f 665/665 668/668 667/667
f 667/667 668/668 669/669
f 669/669 671/671 680/680
f 680/680 671/671 686/686
f 317/317 320/320 304/304
f 303/303 304/304 307/307
f 304/304 309/309 308/308
f 3967/3967 3968/3968 3969/3969
f 3968/3968 3970/3970 3969/3969
f 3969/3969 3970/3970 3971/3971
f 2002/2002 1999/1999 2001/2001
f 5630/5630 5633/5633 5631/5631
f 5631/5631 5633/5633 5634/5634
f 3966/3966 3968/3968 3967/3967
f 292/292 303/303 302/302
f 5631/5631 5634/5634 5632/5632
f 3902/3902 3903/3903 3904/3904
f 3980/3980 3981/3981 3982/3982
f 5612/5612 5617/5617 5615/5615
f 4783/4783 4778/4778 4780/4780
f 3956/3956 3957/3957 3958/3958
f 3957/3957 3960/3960 3958/3958
f 3960/3960 3961/3961 3962/3962
f 4829/4829 4831/4831 4830/4830
f 4805/4805 4827/4827 4824/4824
f 3471/3471 3474/3474 3472/3472
f 4824/4824 4842/4842 4822/4822
f 4823/4823 4829/4829 4828/4828
f 4823/4823 4828/4828 4825/4825
f 3468/3468 3470/3470 3465/3465
f 3457/3457 3458/3458 3459/3459
f 3552/3552 3549/3549 3548/3548
f 3788/3788 3787/3787 3784/3784
f 3935/3935 3937/3937 3938/3938
f 464/464 479/479 466/466
f 3470/3470 3468/3468 3467/3467
f 3848/3848 3849/3849 3850/3850
f 1657/1657 1660/1660 1659/1659
f 1659/1659 1658/1658 1657/1657
f 625/625 627/627 626/626
f 622/622 626/626 621/621
f 620/620 621/621 614/614
f 614/614 650/650 613/613
f 613/613 650/650 651/651
f 659/659 660/660 661/661
f 663/663 665/665 662/662
f 2500/2500 2499/2499 2501/2501
f 666/666 665/665 667/667
f 687/687 686/686 694/694
f 292/292 317/317 304/304
f 4491/4491 4495/4495 4497/4497
f 292/292 304/304 303/303
f 5627/5627 5628/5628 5629/5629
f 2001/2001 1999/1999 2000/2000
f 2000/2000 1999/1999 1997/1997
f 1999/1999 1995/1995 1997/1997
f 5630/5630 5631/5631 5629/5629
f 2003/2003 2002/2002 2001/2001
f 1995/1995 1996/1996 1997/1997
f 5629/5629 5631/5631 5632/5632
f 3476/3476 3455/3455 3474/3474
f 3958/3958 3960/3960 3963/3963
f 4776/4776 4775/4775 4777/4777
f 5640/5640 5669/5669 5668/5668
f 3476/3476 3474/3474 3475/3475
f 3475/3475 3474/3474 3471/3471
f 4788/4788 4822/4822 4785/4785
f 3471/3471 3469/3469 3460/3460
f 3469/3469 3468/3468 3460/3460
f 3460/3460 3468/3468 3465/3465
f 4785/4785 4822/4822 4789/4789
f 3470/3470 3463/3463 3465/3465
f 3784/3784 3787/3787 3786/3786
f 3784/3784 3786/3786 3781/3781
f 3781/3781 3786/3786 3782/3782
f 522/522 486/486 458/458
f 1657/1657 1658/1658 1652/1652
f 1652/1652 1658/1658 1685/1685
f 1652/1652 1685/1685 1684/1684
f 683/683 627/627 656/656
f 625/625 626/626 622/622
f 612/612 652/652 615/615
f 640/640 641/641 646/646
f 655/655 646/646 642/642
f 662/662 661/661 663/663
f 662/662 665/665 666/666
f 680/680 686/686 687/687
f 5636/5636 5635/5635 5622/5622
f 4494/4494 4496/4496 4495/4495
f 4494/4494 4495/4495 4491/4491
f 4491/4491 4493/4493 4492/4492
f 5635/5635 5618/5618 5604/5604
f 5622/5622 5635/5635 5604/5604
f 2460/2460 2463/2463 2461/2461
f 2459/2459 2460/2460 2461/2461
f 5618/5618 5611/5611 5604/5604
f 5611/5611 5609/5609 5604/5604
f 5604/5604 5609/5609 5605/5605
f 2432/2432 2434/2434 2433/2433
f 3327/3327 3326/3326 3323/3323
f 2431/2431 2432/2432 2433/2433
f 288/288 292/292 302/302
f 2424/2424 2429/2429 2430/2430
f 1997/1997 1996/1996 1998/1998
f 345/345 288/288 302/302
f 2422/2422 2423/2423 2413/2413
f 343/343 288/288 346/346
f 286/286 288/288 343/343
f 346/346 288/288 345/345
f 2650/2650 2653/2653 2644/2644
f 2643/2643 2650/2650 2644/2644
f 2644/2644 2647/2647 2646/2646
f 3763/3763 3764/3764 3765/3765
f 2651/2651 2646/2646 2648/2648
f 3767/3767 3763/3763 3768/3768
f 4789/4789 4802/4802 4793/4793
f 3766/3766 3768/3768 3769/3769
f 2958/2958 2957/2957 2955/2955
f 3781/3781 3782/3782 3778/3778
f 3780/3780 3779/3779 3785/3785
f 2940/2940 2941/2941 2938/2938
f 3836/3836 3844/3844 3845/3845
f 3845/3845 3844/3844 3847/3847
f 3847/3847 3844/3844 3848/3848
f 1653/1653 1657/1657 1652/1652
f 612/612 651/651 652/652
f 615/615 641/641 640/640
f 642/642 645/645 644/644
f 2497/2497 2499/2499 2500/2500
f 2498/2498 2499/2499 2497/2497
f 3094/3094 3093/3093 3096/3096
f 289/289 319/319 318/318
f 2436/2436 2437/2437 2438/2438
f 2475/2475 2476/2476 2477/2477
f 5607/5607 5606/5606 5608/5608
f 289/289 318/318 287/287
f 287/287 318/318 317/317
f 5688/5688 5690/5690 5689/5689
f 5622/5622 5604/5604 5603/5603
f 5608/5608 5606/5606 5621/5621
f 557/557 556/556 552/552
f 287/287 317/317 292/292
f 2476/2476 2478/2478 2477/2477
f 4490/4490 4494/4494 4491/4491
f 4490/4490 4491/4491 4492/4492
f 2690/2690 2692/2692 2691/2691
f 2459/2459 2461/2461 2462/2462
f 288/288 287/287 292/292
f 5716/5716 5717/5717 5713/5713
f 3325/3325 3327/3327 3323/3323
f 3321/3321 3322/3322 3320/3320
f 5621/5621 5637/5637 5638/5638
f 286/286 287/287 288/288
f 3323/3323 3326/3326 3324/3324
f 5055/5055 5056/5056 5057/5057
f 3679/3679 3678/3678 3677/3677
f 2936/2936 2944/2944 2956/2956
f 2956/2956 2960/2960 2959/2959
f 2956/2956 2959/2959 2958/2958
f 2934/2934 2958/2958 2955/2955
f 5786/5786 5768/5768 5771/5771
f 5767/5767 5769/5769 5770/5770
f 567/567 561/561 683/683
f 613/613 651/651 612/612
f 659/659 661/661 662/662
f 2618/2618 2621/2621 2619/2619
f 2515/2515 2519/2519 2516/2516
f 666/666 667/667 670/670
f 5687/5687 5688/5688 5686/5686
f 5685/5685 5687/5687 5686/5686
f 3037/3037 3013/3013 3015/3015
f 667/667 669/669 670/670
f 2496/2496 2498/2498 2497/2497
f 2475/2475 2477/2477 2479/2479
f 5603/5603 5607/5607 5610/5610
f 5622/5622 5603/5603 5610/5610
f 669/669 680/680 784/784
f 5688/5688 5689/5689 5686/5686
f 4106/4106 4107/4107 4108/4108
f 3316/3316 3317/3317 3307/3307
f 3012/3012 3013/3013 3014/3014
f 2689/2689 2690/2690 2691/2691
f 2689/2689 2691/2691 2693/2693
f 286/286 289/289 287/287
f 5710/5710 5716/5716 5713/5713
f 3325/3325 3323/3323 3321/3321
f 290/290 289/289 286/286
f 338/338 286/286 343/343
f 2420/2420 2421/2421 2419/2419
f 1907/1907 1905/1905 1904/1904
f 350/350 338/338 343/343
f 3680/3680 3679/3679 3677/3677
f 351/351 338/338 350/350
f 4800/4800 4803/4803 4814/4814
f 4482/4482 4483/4483 4484/4484
f 3846/3846 3836/3836 3845/3845
f 5046/5046 5047/5047 5048/5048
f 622/622 621/621 619/619
f 619/619 621/621 620/620
f 567/567 683/683 569/569
f 560/560 561/561 567/567
f 2515/2515 2516/2516 2517/2517
f 2517/2517 2516/2516 2518/2518
f 3016/3016 3037/3037 3015/3015
f 728/728 666/666 670/670
f 669/669 784/784 776/776
f 2496/2496 2497/2497 2495/2495
f 5038/5038 5039/5039 5042/5042
f 290/290 323/323 319/319
f 290/290 319/319 289/289
f 3303/3303 3305/3305 3304/3304
f 5707/5707 5708/5708 5709/5709
f 2872/2872 2886/2886 2873/2873
f 291/291 286/286 338/338
f 2420/2420 2419/2419 2417/2417
f 2419/2419 2416/2416 2417/2417
f 3671/3671 3673/3673 3672/3672
f 369/369 358/358 352/352
f 3381/3381 3382/3382 3383/3383
f 5773/5773 5784/5784 5775/5775
f 370/370 358/358 369/369
f 5788/5788 5787/5787 5790/5790
f 366/366 358/358 370/370
f 5787/5787 5791/5791 5790/5790
f 3834/3834 3835/3835 3836/3836
f 1646/1646 1653/1653 1652/1652
f 1652/1652 1684/1684 1683/1683
f 627/627 625/625 628/628
f 569/569 683/683 656/656
f 642/642 640/640 655/655
f 617/617 644/644 658/658
f 748/748 662/662 666/666
f 4133/4133 4134/4134 4135/4135
f 3685/3685 3686/3686 3687/3687
f 3687/3687 3686/3686 3689/3689
f 3687/3687 3689/3689 3691/3691
f 4672/4672 4673/4673 4674/4674
f 2623/2623 2618/2618 2622/2622
f 2624/2624 2623/2623 2622/2622
f 3049/3049 3054/3054 3051/3051
f 5062/5062 5063/5063 5064/5064
f 559/559 553/553 562/562
f 748/748 666/666 728/728
f 2618/2618 2619/2619 2620/2620
f 3015/3015 3013/3013 3007/3007
f 557/557 553/553 559/559
f 3007/3007 3013/3013 3012/3012
f 670/670 669/669 776/776
f 375/375 323/323 293/293
f 5038/5038 5042/5042 5045/5045
f 2494/2494 2496/2496 2495/2495
f 293/293 323/323 290/290
f 4518/4518 4520/4520 4519/4519
f 4519/4519 4520/4520 4521/4521
f 5707/5707 5710/5710 5711/5711
f 5710/5710 5713/5713 5712/5712
f 5711/5711 5710/5710 5712/5712
f 291/291 290/290 286/286
f 5704/5704 5705/5705 5706/5706
f 2421/2421 2420/2420 2425/2425
f 305/305 291/291 338/338
f 2428/2428 2421/2421 2425/2425
f 3670/3670 3671/3671 3672/3672
f 298/298 305/305 352/352
f 4051/4051 4048/4048 4047/4047
f 4052/4052 4051/4051 4047/4047
f 5772/5772 5773/5773 5774/5774
f 355/355 358/358 366/366
f 5781/5781 5782/5782 5780/5780
f 5257/5257 5258/5258 5259/5259
f 4810/4810 4795/4795 4801/4801
f 4810/4810 4821/4821 4808/4808
f 450/450 430/430 488/488
f 3837/3837 3835/3835 3834/3834
f 620/620 614/614 611/611
f 614/614 613/613 611/611
f 616/616 640/640 642/642
f 749/749 662/662 748/748
f 4133/4133 4135/4135 4136/4136
f 2520/2520 2517/2517 2518/2518
f 2520/2520 2518/2518 2521/2521
f 2521/2521 2518/2518 2522/2522
f 3687/3687 3691/3691 3690/3690
f 3053/3053 3049/3049 3048/3048
f 3799/3799 3803/3803 3802/3802
f 3688/3688 3685/3685 3687/3687
f 3688/3688 3687/3687 3690/3690
f 2622/2622 2618/2618 2620/2620
f 728/728 670/670 776/776
f 3012/3012 3014/3014 3017/3017
f 3014/3014 3019/3019 3017/3017
f 3019/3019 3022/3022 3017/3017
f 2492/2492 2494/2494 2493/2493
f 2493/2493 2494/2494 2495/2495
f 311/311 375/375 295/295
f 295/295 375/375 293/293
f 4566/4566 4567/4567 4568/4568
f 2257/2257 2260/2260 2261/2261
f 5718/5718 5719/5719 5720/5720
f 291/291 293/293 290/290
f 3670/3670 3672/3672 3674/3674
f 4657/4657 4658/4658 4659/4659
f 366/366 356/356 355/355
f 357/357 356/356 366/366
f 4816/4816 4810/4810 4801/4801
f 4820/4820 4808/4808 4821/4821
f 3839/3839 3837/3837 3838/3838
f 3838/3838 3837/3837 3834/3834
f 3833/3833 3837/3837 3839/3839
f 1651/1651 1646/1646 1652/1652
f 1651/1651 1652/1652 1683/1683
f 656/656 627/627 628/628
f 619/619 620/620 611/611
f 4138/4138 4140/4140 4141/4141
f 642/642 644/644 617/617
f 1314/1314 1301/1301 1300/1300
f 1300/1300 1301/1301 1257/1257
f 3112/3112 3118/3118 3108/3108
f 3108/3108 3118/3118 3105/3105
f 4139/4139 4133/4133 4138/4138
f 4138/4138 4133/4133 4137/4137
f 3000/3000 3004/3004 3003/3003
f 2350/2350 2351/2351 2347/2347
f 2351/2351 2344/2344 2347/2347
f 2347/2347 2344/2344 2346/2346
f 4133/4133 4136/4136 4137/4137
f 2521/2521 2522/2522 2523/2523
f 2346/2346 2345/2345 2348/2348
f 2349/2349 2346/2346 2348/2348
f 559/559 562/562 563/563
f 3798/3798 3801/3801 3799/3799
f 3799/3799 3802/3802 3800/3800
f 3800/3800 3802/3802 3804/3804
f 3694/3694 3688/3688 3690/3690
f 2489/2489 2492/2492 2491/2491
f 2491/2491 2492/2492 2493/2493
f 4512/4512 4518/4518 4517/4517
f 4517/4517 4518/4518 4519/4519
f 2994/2994 2995/2995 2996/2996
f 4512/4512 4517/4517 4513/4513
f 4512/4512 4513/4513 4514/4514
f 4514/4514 4513/4513 4515/4515
f 294/294 295/295 293/293
f 294/294 293/293 291/291
f 3124/3124 3125/3125 3126/3126
f 3125/3125 3127/3127 3126/3126
f 3124/3124 3126/3126 3128/3128
f 294/294 291/291 305/305
f 5856/5856 5854/5854 5853/5853
f 5853/5853 5854/5854 5855/5855
f 4692/4692 4693/4693 4690/4690
f 298/298 297/297 294/294
f 298/298 294/294 305/305
f 5857/5857 5856/5856 5853/5853
f 5857/5857 5853/5853 5858/5858
f 3376/3376 3374/3374 3373/3373
f 3374/3374 3379/3379 3375/3375
f 3373/3373 3374/3374 3375/3375
f 2585/2585 2593/2593 2586/2586
f 3670/3670 3674/3674 3684/3684
f 5658/5658 5660/5660 5661/5661
f 4095/4095 4100/4100 4101/4101
f 1508/1508 1521/1521 1520/1520
f 5250/5250 5251/5251 5252/5252
f 1524/1524 1523/1523 1529/1529
f 3170/3170 3163/3163 3174/3174
f 1644/1644 1646/1646 1645/1645
f 1645/1645 1646/1646 1651/1651
f 3107/3107 3113/3113 3111/3111
f 3111/3111 3113/3113 3114/3114
f 3006/3006 3001/3001 2999/2999
f 2999/2999 3001/3001 3000/3000
f 3110/3110 3108/3108 3109/3109
f 3000/3000 3003/3003 3002/3002
f 749/749 748/748 785/785
f 3003/3003 3007/3007 3005/3005
f 3011/3011 3005/3005 3012/3012
f 3017/3017 3022/3022 3021/3021
f 2487/2487 2489/2489 2484/2484
f 2490/2490 2489/2489 2491/2491
f 3485/3485 3496/3496 3494/3494
f 296/296 311/311 295/295
f 4694/4694 4705/4705 4704/4704
f 294/294 296/296 295/295
f 297/297 296/296 294/294
f 298/298 296/296 297/297
f 3376/3376 3373/3373 3380/3380
f 2990/2990 2991/2991 2992/2992
f 4145/4145 4147/4147 4146/4146
f 342/342 299/299 355/355
f 1390/1390 1392/1392 1391/1391
f 5661/5661 5662/5662 5663/5663
f 356/356 342/342 355/355
f 1506/1506 1508/1508 1520/1520
f 526/526 488/488 484/484
f 1520/1520 1524/1524 1525/1525
f 3171/3171 3170/3170 3174/3174
f 3840/3840 3839/3839 3838/3838
f 617/617 658/658 654/654
f 609/609 611/611 613/613
f 613/613 612/612 609/609
f 3106/3106 3107/3107 3111/3111
f 568/568 567/567 569/569
f 3104/3104 3105/3105 3106/3106
f 3111/3111 3114/3114 3115/3115
f 662/662 749/749 750/750
f 3110/3110 3112/3112 3108/3108
f 3123/3123 3112/3112 3110/3110
f 3108/3108 3105/3105 3104/3104
f 2998/2998 2999/2999 3000/3000
f 2998/2998 3000/3000 3002/3002
f 562/562 567/567 568/568
f 3109/3109 3108/3108 3104/3104
f 3003/3003 3005/3005 3002/3002
f 1883/1883 1884/1884 1885/1885
f 1881/1881 1882/1882 1880/1880
f 1882/1882 1884/1884 1883/1883
f 1880/1880 1882/1882 1883/1883
f 1883/1883 1885/1885 1886/1886
f 3011/3011 3012/3012 3017/3017
f 3011/3011 3017/3017 3018/3018
f 3018/3018 3017/3017 3021/3021
f 2486/2486 2487/2487 2484/2484
f 1887/1887 1883/1883 1886/1886
f 1887/1887 1886/1886 1888/1888
f 2484/2484 2489/2489 2490/2490
f 313/313 312/312 310/310
f 310/310 312/312 311/311
f 4516/4516 4512/4512 4514/4514
f 4516/4516 4514/4514 4522/4522
f 296/296 310/310 311/311
f 5161/5161 5162/5162 5163/5163
f 5164/5164 5161/5161 5163/5163
f 299/299 296/296 298/298
f 4044/4044 4045/4045 4046/4046
f 2590/2590 2589/2589 2591/2591
f 2591/2591 2589/2589 2592/2592
f 4144/4144 4145/4145 4146/4146
f 2406/2406 2408/2408 2404/2404
f 2405/2405 2406/2406 2404/2404
f 4939/4939 4940/4940 4941/4941
f 356/356 341/341 342/342
f 2398/2398 2405/2405 2404/2404
f 357/357 341/341 356/356
f 2397/2397 2398/2398 2399/2399
f 2397/2397 2399/2399 2400/2400
f 2401/2401 2400/2400 2399/2399
f 2401/2401 2399/2399 2402/2402
f 1502/1502 1506/1506 1520/1520
f 1502/1502 1520/1520 1525/1525
f 3175/3175 3179/3179 3171/3171
f 3841/3841 3839/3839 3840/3840
f 3830/3830 3832/3832 3833/3833
f 3830/3830 3833/3833 3841/3841
f 3841/3841 3833/3833 3839/3839
f 5078/5078 5082/5082 5080/5080
f 1651/1651 1683/1683 1655/1655
f 617/617 654/654 649/649
f 612/612 615/615 605/605
f 616/616 617/617 607/607
f 1313/1313 1300/1300 1256/1256
f 1256/1256 1300/1300 1257/1257
f 3120/3120 3104/3104 3117/3117
f 3117/3117 3104/3104 3106/3106
f 3117/3117 3106/3106 3116/3116
f 3106/3106 3111/3111 3116/3116
f 3111/3111 3115/3115 3116/3116
f 3123/3123 3110/3110 3121/3121
f 3121/3121 3110/3110 3109/3109
f 3121/3121 3109/3109 3119/3119
f 3693/3693 3692/3692 3699/3699
f 3698/3698 3693/3693 3699/3699
f 3010/3010 3002/3002 3005/3005
f 3010/3010 3005/3005 3011/3011
f 568/568 563/563 562/562
f 750/750 749/749 785/785
f 3703/3703 3704/3704 3696/3696
f 3696/3696 3693/3693 3698/3698
f 3020/3020 3018/3018 3021/3021
f 1873/1873 1881/1881 1880/1880
f 3486/3486 3481/3481 3501/3501
f 5148/5148 5146/5146 5145/5145
f 5145/5145 5146/5146 5147/5147
f 5147/5147 5146/5146 5149/5149
f 300/300 310/310 296/296
f 2726/2726 2729/2729 2724/2724
f 2723/2723 2726/2726 2724/2724
f 2724/2724 2729/2729 2730/2730
f 2723/2723 2724/2724 2725/2725
f 300/300 296/296 299/299
f 2723/2723 2725/2725 2727/2727
f 301/301 300/300 299/299
f 2742/2742 2743/2743 2744/2744
f 2745/2745 2742/2742 2744/2744
f 301/301 299/299 342/342
f 1390/1390 1391/1391 1380/1380
f 341/341 301/301 342/342
f 1391/1391 1389/1389 1380/1380
f 3164/3164 3177/3177 3161/3161
f 3983/3983 3986/3986 3984/3984
f 2407/2407 2409/2409 2402/2402
f 2402/2402 2409/2409 2410/2410
f 3159/3159 3157/3157 3155/3155
f 3151/3151 3165/3165 3166/3166
f 3841/3841 3840/3840 3842/3842
f 3829/3829 3832/3832 3830/3830
f 3828/3828 3829/3829 3830/3830
f 623/623 625/625 622/622
f 2985/2985 2984/2984 2986/2986
f 609/609 612/612 605/605
f 605/605 615/615 616/616
f 5694/5694 5698/5698 5692/5692
f 2669/2669 2665/2665 2668/2668
f 2670/2670 2669/2669 2668/2668
f 1256/1256 1257/1257 1255/1255
f 2665/2665 2667/2667 2668/2668
f 3122/3122 3120/3120 3117/3117
f 752/752 662/662 750/750
f 3702/3702 3696/3696 3698/3698
f 3026/3026 3021/3021 3027/3027
f 750/750 785/785 787/787
f 3011/3011 3018/3018 3020/3020
f 2488/2488 2486/2486 2485/2485
f 2485/2485 2486/2486 2484/2484
f 1873/1873 1880/1880 1879/1879
f 310/310 314/314 313/313
f 2484/2484 2482/2482 2483/2483
f 306/306 314/314 310/310
f 5151/5151 5145/5145 5150/5150
f 5150/5150 5145/5145 5147/5147
f 306/306 310/310 300/300
f 3976/3976 3979/3979 3977/3977
f 3976/3976 3977/3977 3978/3978
f 306/306 300/300 301/301
f 2310/2310 2309/2309 2313/2313
f 2727/2727 2725/2725 2728/2728
f 315/315 306/306 301/301
f 2307/2307 2316/2316 2308/2308
f 1378/1378 1390/1390 1380/1380
f 315/315 301/301 341/341
f 359/359 341/341 357/357
f 360/360 341/341 359/359
f 2324/2324 2325/2325 2322/2322
f 1380/1380 1389/1389 1385/1385
f 3986/3986 3983/3983 3987/3987
f 3988/3988 3983/3983 3985/3985
f 3983/3983 3984/3984 3985/3985
f 3155/3155 3154/3154 3153/3153
f 3152/3152 3151/3151 3166/3166
f 3828/3828 3830/3830 3843/3843
f 3843/3843 3830/3830 3842/3842
f 3830/3830 3841/3841 3842/3842
f 1645/1645 1651/1651 1654/1654
f 628/628 625/625 623/623
f 2985/2985 2986/2986 2988/2988
f 617/617 649/649 607/607
f 4722/4722 4725/4725 4721/4721
f 616/616 607/607 605/605
f 2232/2232 2228/2228 2225/2225
f 3009/3009 3008/3008 3032/3032
f 2657/2657 2664/2664 2660/2660
f 2659/2659 2657/2657 2660/2660
f 5692/5692 5700/5700 5697/5697
f 5696/5696 5692/5692 5697/5697
f 3031/3031 3008/3008 3010/3010
f 5809/5809 5810/5810 5808/5808
f 3025/3025 3010/3010 3011/3011
f 4612/4612 4616/4616 4617/4617
f 1872/1872 1873/1873 1874/1874
f 1874/1874 1873/1873 1879/1879
f 3755/3755 3756/3756 3757/3757
f 2485/2485 2484/2484 2483/2483
f 2481/2481 2483/2483 2482/2482
f 2480/2480 2481/2481 2482/2482
f 5236/5236 5237/5237 5238/5238
f 368/368 315/315 360/360
f 373/373 360/360 359/359
f 3916/3916 3920/3920 3917/3917
f 374/374 373/373 359/359
f 3916/3916 3917/3917 3918/3918
f 3919/3919 3916/3916 3918/3918
f 524/524 484/484 457/457
f 1509/1509 1504/1504 1515/1515
f 3580/3580 3579/3579 3583/3583
f 3831/3831 3828/3828 3843/3843
f 4719/4719 4722/4722 4721/4721
f 2670/2670 2671/2671 2672/2672
f 2354/2354 2357/2357 2355/2355
f 610/610 611/611 609/609
f 2354/2354 2355/2355 2356/2356
f 3033/3033 3034/3034 3032/3032
f 2355/2355 2358/2358 2356/2356
f 3033/3033 3032/3032 3031/3031
f 2657/2657 2659/2659 2658/2658
f 5691/5691 5694/5694 5692/5692
f 5691/5691 5692/5692 5693/5693
f 5693/5693 5692/5692 5696/5696
f 2216/2216 2225/2225 2213/2213
f 3031/3031 3032/3032 3008/3008
f 3031/3031 3010/3010 3025/3025
f 2327/2327 2328/2328 2329/2329
f 2330/2330 2327/2327 2329/2329
f 2328/2328 2331/2331 2329/2329
f 573/573 574/574 568/568
f 3896/3896 3899/3899 3897/3897
f 3896/3896 3897/3897 3898/3898
f 3024/3024 3011/3011 3020/3020
f 4615/4615 4616/4616 4612/4612
f 1877/1877 1872/1872 1876/1876
f 1872/1872 1874/1874 1875/1875
f 1876/1876 1872/1872 1875/1875
f 172/172 167/167 154/154
f 2900/2900 2905/2905 2904/2904
f 2901/2901 2900/2900 2904/2904
f 2900/2900 2901/2901 2899/2899
f 2898/2898 2900/2900 2899/2899
f 2897/2897 2898/2898 2899/2899
f 4643/4643 4646/4646 4648/4648
f 2898/2898 2897/2897 2902/2902
f 2903/2903 2898/2898 2902/2902
f 3827/3827 3826/3826 3823/3823
f 3823/3823 3826/3826 3824/3824
f 2310/2310 2311/2311 2306/2306
f 3371/3371 3368/3368 3369/3369
f 3365/3365 3369/3369 3368/3368
f 3365/3365 3368/3368 3366/3366
f 3370/3370 3369/3369 3365/3365
f 3370/3370 3365/3365 3364/3364
f 3359/3359 3358/3358 3364/3364
f 3359/3359 3364/3364 3363/3363
f 3358/3358 3359/3359 3360/3360
f 1379/1379 1380/1380 1385/1385
f 3923/3923 3918/3918 3917/3917
f 3923/3923 3917/3917 3922/3922
f 3919/3919 3918/3918 3921/3921
f 5827/5827 5820/5820 5821/5821
f 3155/3155 3153/3153 3191/3191
f 3176/3176 3155/3155 3191/3191
f 456/456 524/524 457/457
f 3167/3167 3178/3178 3166/3166
f 1654/1654 1651/1651 1655/1655
f 4719/4719 4721/4721 4714/4714
f 4707/4707 4719/4719 4714/4714
f 624/624 619/619 618/618
f 649/649 654/654 648/648
f 2226/2226 2227/2227 2234/2234
f 2512/2512 2509/2509 2511/2511
f 618/618 619/619 611/611
f 618/618 611/611 610/610
f 609/609 605/605 608/608
f 608/608 605/605 604/604
f 3036/3036 3034/3034 3035/3035
f 4714/4714 4721/4721 4723/4723
f 3035/3035 3034/3034 3033/3033
f 2656/2656 2657/2657 2658/2658
f 3038/3038 3031/3031 3025/3025
f 752/752 750/750 753/753
f 5693/5693 5696/5696 5699/5699
f 5815/5815 5816/5816 5817/5817
f 3900/3900 3898/3898 3901/3901
f 3024/3024 3025/3025 3011/3011
f 573/573 568/568 571/571
f 3024/3024 3020/3020 3028/3028
f 4615/4615 4612/4612 4614/4614
f 5807/5807 5799/5799 5802/5802
f 580/580 581/581 574/574
f 4612/4612 4613/4613 4614/4614
f 3571/3571 3572/3572 3565/3565
f 3566/3566 3571/3571 3565/3565
f 1876/1876 1875/1875 1878/1878
f 1889/1889 1877/1877 1876/1876
f 1889/1889 1876/1876 1878/1878
f 5761/5761 5762/5762 5758/5758
f 3822/3822 3823/3823 3824/3824
f 1378/1378 1384/1384 1388/1388
f 3365/3365 3366/3366 3367/3367
f 1378/1378 1380/1380 1379/1379
f 3359/3359 3363/3363 3362/3362
f 106/106 147/147 152/152
f 1379/1379 1385/1385 1387/1387
f 3148/3148 3186/3186 3146/3146
f 1215/1215 1209/1209 1216/1216
f 1209/1209 1215/1215 1214/1214
f 1218/1218 1214/1214 1215/1215
f 623/623 622/622 619/619
f 605/605 607/607 606/606
f 4711/4711 4726/4726 4707/4707
f 610/610 609/609 608/608
f 3805/3805 3806/3806 3807/3807
f 3810/3810 3805/3805 3807/3807
f 3807/3807 3806/3806 3808/3808
f 1245/1245 1256/1256 1255/1255
f 2656/2656 2658/2658 2661/2661
f 2658/2658 2662/2662 2661/2661
f 5695/5695 5691/5691 5693/5693
f 2661/2661 2662/2662 2663/2663
f 5701/5701 5702/5702 5703/5703
f 3808/3808 3806/3806 3809/3809
f 571/571 568/568 570/570
f 750/750 787/787 753/753
f 4631/4631 4632/4632 4633/4633
f 753/753 787/787 827/827
f 4630/4630 4615/4615 4622/4622
f 4615/4615 4614/4614 4620/4620
f 4622/4622 4615/4615 4620/4620
f 4620/4620 4614/4614 4621/4621
f 582/582 581/581 580/580
f 580/580 574/574 573/573
f 3560/3560 3566/3566 3565/3565
f 3560/3560 3565/3565 3561/3561
f 5755/5755 5758/5758 5759/5759
f 4975/4975 4976/4976 4977/4977
f 5763/5763 5764/5764 5765/5765
f 4647/4647 4642/4642 4645/4645
f 4642/4642 4643/4643 4644/4644
f 4642/4642 4644/4644 4645/4645
f 3731/3731 3732/3732 3733/3733
f 1384/1384 1378/1378 1377/1377
f 3734/3734 3732/3732 3731/3731
f 1377/1377 1378/1378 1379/1379
f 2212/2212 2211/2211 2204/2204
f 2976/2976 2977/2977 2978/2978
f 2979/2979 2976/2976 2978/2978
f 2980/2980 2979/2979 2978/2978
f 1736/1736 1738/1738 1739/1739
f 5819/5819 5824/5824 5822/5822
f 1512/1512 1511/1511 1516/1516
f 1643/1643 1644/1644 1645/1645
f 1643/1643 1645/1645 1647/1647
f 1647/1647 1645/1645 1654/1654
f 657/657 656/656 628/628
f 623/623 619/619 624/624
f 4708/4708 4707/4707 4714/4714
f 570/570 656/656 657/657
f 648/648 607/607 649/649
f 3812/3812 3810/3810 3811/3811
f 3351/3351 3347/3347 3349/3349
f 604/604 605/605 606/606
f 4715/4715 4714/4714 4723/4723
f 3811/3811 3810/3810 3807/3807
f 3347/3347 3348/3348 3349/3349
f 1244/1244 1312/1312 1311/1311
f 1245/1245 1255/1255 1251/1251
f 5797/5797 5801/5801 5800/5800
f 5798/5798 5797/5797 5800/5800
f 4625/4625 4623/4623 4621/4621
f 2931/2931 2926/2926 2928/2928
f 845/845 827/827 865/865
f 2931/2931 2928/2928 2932/2932
f 865/865 851/851 845/845
f 4656/4656 4653/4653 4654/4654
f 3924/3924 3927/3927 3925/3925
f 2063/2063 2062/2062 2060/2060
f 2059/2059 2060/2060 2061/2061
f 2058/2058 2060/2060 2059/2059
f 2057/2057 2056/2056 2055/2055
f 2044/2044 2055/2055 2041/2041
f 1175/1175 1190/1190 1176/1176
f 4498/4498 4499/4499 4500/4500
f 1830/1830 1833/1833 1831/1831
f 1741/1741 1736/1736 1739/1739
f 1829/1829 1830/1830 1831/1831
f 1829/1829 1831/1831 1832/1832
f 1191/1191 1194/1194 1184/1184
f 1209/1209 1195/1195 1194/1194
f 606/606 607/607 648/648
f 2031/2031 2028/2028 2027/2027
f 4708/4708 4714/4714 4715/4715
f 638/638 608/608 604/604
f 675/675 604/604 606/606
f 4712/4712 4711/4711 4710/4710
f 4710/4710 4711/4711 4707/4707
f 4707/4707 4708/4708 4709/4709
f 4710/4710 4707/4707 4709/4709
f 3812/3812 3811/3811 3813/3813
f 4715/4715 4723/4723 4717/4717
f 2009/2009 2013/2013 2011/2011
f 1244/1244 1311/1311 1245/1245
f 4624/4624 4623/4623 4629/4629
f 5801/5801 5804/5804 5803/5803
f 2028/2028 2029/2029 2019/2019
f 2027/2027 2028/2028 2019/2019
f 2216/2216 2213/2213 2215/2215
f 2235/2235 2216/2216 2215/2215
f 4629/4629 4623/4623 4625/4625
f 5800/5800 5801/5801 5803/5803
f 4625/4625 4626/4626 4627/4627
f 591/591 592/592 582/582
f 2926/2926 2929/2929 2927/2927
f 582/582 580/580 583/583
f 844/844 827/827 845/845
f 2926/2926 2927/2927 2928/2928
f 2928/2928 2927/2927 2930/2930
f 3563/3563 3564/3564 3568/3568
f 3568/3568 3564/3564 3569/3569
f 845/845 851/851 848/848
f 4654/4654 4653/4653 4650/4650
f 4650/4650 4653/4653 4651/4651
f 4649/4649 4650/4650 4651/4651
f 4655/4655 4654/4654 4650/4650
f 4733/4733 4728/4728 4731/4731
f 3924/3924 3925/3925 3926/3926
f 4728/4728 4730/4730 4731/4731
f 3524/3524 3528/3528 3525/3525
f 3723/3723 3724/3724 3720/3720
f 88/88 91/91 90/90
f 2059/2059 2064/2064 2056/2056
f 2058/2058 2059/2059 2056/2056
f 3250/3250 3251/3251 3252/3252
f 3252/3252 3251/3251 3253/3253
f 2044/2044 2041/2041 2042/2042
f 2052/2052 2044/2044 2042/2042
f 2051/2051 2052/2052 2042/2042
f 2051/2051 2042/2042 2038/2038
f 1381/1381 1379/1379 1386/1386
f 4880/4880 4881/4881 4882/4882
f 1174/1174 1175/1175 1176/1176
f 3357/3357 3354/3354 3353/3353
f 3265/3265 3262/3262 3261/3261
f 3261/3261 3262/3262 3263/3263
f 3261/3261 3263/3263 3264/3264
f 1654/1654 1655/1655 1656/1656
f 2236/2236 2237/2237 2224/2224
f 648/648 654/654 836/836
f 3081/3081 3085/3085 3084/3084
f 3081/3081 3084/3084 3075/3075
f 4710/4710 4709/4709 4724/4724
f 4716/4716 4708/4708 4715/4715
f 5181/5181 5182/5182 5183/5183
f 3940/3940 3941/3941 3942/3942
f 2008/2008 2009/2009 2006/2006
f 2024/2024 2027/2027 2019/2019
f 4712/4712 4710/4710 4713/4713
f 4716/4716 4715/4715 4717/4717
f 4716/4716 4717/4717 4718/4718
f 4718/4718 4717/4717 4720/4720
f 2006/2006 2009/2009 2011/2011
f 3025/3025 3024/3024 3029/3029
f 1245/1245 1251/1251 1246/1246
f 1246/1246 1251/1251 1249/1249
f 3029/3029 3024/3024 3030/3030
f 1249/1249 1251/1251 1266/1266
f 3068/3068 3064/3064 3067/3067
f 844/844 845/845 846/846
f 3568/3568 3569/3569 3570/3570
f 583/583 580/580 573/573
f 2783/2783 2784/2784 2780/2780
f 847/847 848/848 849/849
f 4649/4649 4651/4651 4652/4652
f 3528/3528 3531/3531 3529/3529
f 3525/3525 3528/3528 3529/3529
f 5009/5009 5010/5010 5005/5005
f 5008/5008 5009/5009 5005/5005
f 3718/3718 3720/3720 3722/3722
f 1382/1382 1377/1377 1381/1381
f 1381/1381 1377/1377 1379/1379
f 2051/2051 2038/2038 2037/2037
f 1173/1173 1175/1175 1174/1174
f 3259/3259 3258/3258 3255/3255
f 1224/1224 1222/1222 1225/1225
f 1167/1167 1198/1198 1197/1197
f 1199/1199 1206/1206 1201/1201
f 1668/1668 1654/1654 1656/1656
f 2218/2218 2224/2224 2221/2221
f 5179/5179 5180/5180 5177/5177
f 637/637 610/610 608/608
f 5180/5180 5178/5178 5177/5177
f 2005/2005 2008/2008 2006/2006
f 2018/2018 2019/2019 2020/2020
f 2020/2020 2019/2019 2021/2021
f 3081/3081 3075/3075 3080/3080
f 3061/3061 3064/3064 3063/3063
f 3063/3063 3065/3065 3056/3056
f 3056/3056 3065/3065 3058/3058
f 2853/2853 2848/2848 2816/2816
f 3066/3066 3067/3067 3061/3061
f 3061/3061 3063/3063 3056/3056
f 3061/3061 3056/3056 3055/3055
f 1249/1249 1266/1266 1252/1252
f 3055/3055 3056/3056 3057/3057
f 2784/2784 2786/2786 2785/2785
f 591/591 582/582 583/583
f 583/583 573/573 584/584
f 584/584 573/573 576/576
f 2782/2782 2783/2783 2780/2780
f 2780/2780 2788/2788 2787/2787
f 2688/2688 2681/2681 2680/2680
f 5007/5007 5008/5008 5005/5005
f 5007/5007 5005/5005 5004/5004
f 81/81 88/88 82/82
f 2368/2368 2362/2362 2364/2364
f 3990/3990 3991/3991 3992/3992
f 4180/4180 4187/4187 4170/4170
f 1173/1173 1182/1182 1175/1175
f 2051/2051 2037/2037 2050/2050
f 2050/2050 2037/2037 2036/2036
f 3255/3255 3258/3258 3256/3256
f 2739/2739 2741/2741 2734/2734
f 1185/1185 1156/1156 1184/1184
f 3254/3254 3255/3255 3256/3256
f 1227/1227 1226/1226 1225/1225
f 1226/1226 1227/1227 1230/1230
f 1226/1226 1224/1224 1225/1225
f 1228/1228 1227/1227 1225/1225
f 1228/1228 1225/1225 1231/1231
f 1201/1201 1200/1200 1199/1199
f 1229/1229 1227/1227 1228/1228
f 1648/1648 1643/1643 1647/1647
f 657/657 628/628 630/630
f 5179/5179 5177/5177 5176/5176
f 2218/2218 2221/2221 2220/2220
f 5118/5118 5115/5115 5117/5117
f 2217/2217 2218/2218 2220/2220
f 2015/2015 2017/2017 2005/2005
f 2015/2015 2005/2005 2014/2014
f 2004/2004 2005/2005 2006/2006
f 1254/1254 1244/1244 1243/1243
f 1243/1243 1244/1244 1245/1245
f 3072/3072 3075/3075 3069/3069
f 2014/2014 2005/2005 2007/2007
f 2007/2007 2005/2005 2004/2004
f 2007/2007 2004/2004 2010/2010
f 3072/3072 3069/3069 3071/3071
f 3072/3072 3071/3071 3076/3076
f 2010/2010 2004/2004 2011/2011
f 2010/2010 2011/2011 2012/2012
f 3066/3066 3061/3061 3060/3060
f 3060/3060 3061/3061 3055/3055
f 3060/3060 3055/3055 3059/3059
f 846/846 845/845 847/847
f 2780/2780 2784/2784 2785/2785
f 2781/2781 2780/2780 2787/2787
f 2683/2683 2680/2680 2682/2682
f 3337/3337 3334/3334 3336/3336
f 2372/2372 2365/2365 2362/2362
f 2362/2362 2365/2365 2363/2363
f 2368/2368 2364/2364 2369/2369
f 408/408 402/402 413/413
f 1382/1382 1381/1381 1383/1383
f 2037/2037 2033/2033 2036/2036
f 2050/2050 2036/2036 2053/2053
f 2053/2053 2036/2036 2047/2047
f 1200/1200 1170/1170 1199/1199
f 2731/2731 2732/2732 2733/2733
f 1648/1648 1647/1647 1649/1649
f 630/630 628/628 629/629
f 629/629 628/628 623/623
f 606/606 648/648 677/677
f 677/677 648/648 836/836
f 638/638 604/604 639/639
f 2022/2022 2021/2021 2025/2025
f 637/637 608/608 638/638
f 5118/5118 5117/5117 5120/5120
f 3069/3069 3070/3070 3071/3071
f 2025/2025 2021/2021 2026/2026
f 2229/2229 2217/2217 2220/2220
f 2229/2229 2220/2220 2222/2222
f 575/575 571/571 572/572
f 1305/1305 1254/1254 1243/1243
f 857/857 867/867 868/868
f 4380/4380 4378/4378 4376/4376
f 590/590 576/576 575/575
f 854/854 855/855 856/856
f 3059/3059 3055/3055 3057/3057
f 3059/3059 3057/3057 3062/3062
f 2816/2816 2848/2848 2820/2820
f 850/850 849/849 852/852
f 852/852 853/853 854/854
f 2820/2820 2848/2848 2818/2818
f 2818/2818 2848/2848 2849/2849
f 2789/2789 2782/2782 2781/2781
f 585/585 583/583 584/584
f 2821/2821 2854/2854 2840/2840
f 2781/2781 2787/2787 2794/2794
f 2789/2789 2781/2781 2790/2790
f 3136/3136 3140/3140 3137/3137
f 3136/3136 3137/3137 3138/3138
f 2773/2773 2772/2772 2771/2771
f 3138/3138 3137/3137 3139/3139
f 3332/3332 3333/3333 3334/3334
f 3339/3339 3344/3344 3340/3340
f 3336/3336 3334/3334 3333/3333
f 3340/3340 3344/3344 3345/3345
f 2365/2365 2367/2367 2366/2366
f 3298/3298 3296/3296 3295/3295
f 2363/2363 2365/2365 2366/2366
f 3295/3295 3296/3296 3297/3297
f 2839/2839 2842/2842 2843/2843
f 2833/2833 2839/2839 2837/2837
f 2369/2369 2370/2370 2371/2371
f 2373/2373 2369/2369 2371/2371
f 2373/2373 2371/2371 2374/2374
f 2836/2836 2833/2833 2837/2837
f 1173/1173 1178/1178 1182/1182
f 2032/2032 2033/2033 2034/2034
f 1158/1158 1174/1174 1156/1156
f 2054/2054 2053/2053 2047/2047
f 1170/1170 1156/1156 1172/1172
f 3198/3198 3201/3201 3199/3199
f 1649/1649 1647/1647 1664/1664
f 1647/1647 1654/1654 1664/1664
f 1664/1664 1654/1654 1668/1668
f 629/629 623/623 631/631
f 631/631 623/623 624/624
f 631/631 624/624 618/618
f 636/636 610/610 637/637
f 639/639 604/604 675/675
f 3073/3073 3082/3082 3083/3083
f 4554/4554 4551/4551 4555/4555
f 3070/3070 3082/3082 3073/3073
f 2229/2229 2222/2222 2230/2230
f 2222/2222 2221/2221 2223/2223
f 5742/5742 5741/5741 5737/5737
f 5741/5741 5736/5736 5737/5737
f 2015/2015 2014/2014 2016/2016
f 2016/2016 2014/2014 2010/2010
f 1305/1305 1243/1243 1306/1306
f 1243/1243 1245/1245 1246/1246
f 5723/5723 5724/5724 5721/5721
f 3727/3727 3729/3729 3728/3728
f 5743/5743 5744/5744 5745/5745
f 5734/5734 5737/5737 5733/5733
f 2607/2607 2601/2601 2606/2606
f 3071/3071 3074/3074 3079/3079
f 2813/2813 2815/2815 2816/2816
f 1248/1248 1246/1246 1249/1249
f 4550/4550 4551/4551 4552/4552
f 2606/2606 2601/2601 2600/2600
f 2600/2600 2601/2601 2602/2602
f 3076/3076 3071/3071 3079/3079
f 855/855 867/867 857/857
f 2770/2770 2777/2777 2776/2776
f 4373/4373 4376/4376 4374/4374
f 2778/2778 2777/2777 2770/2770
f 2820/2820 2813/2813 2816/2816
f 2769/2769 2770/2770 2771/2771
f 2817/2817 2818/2818 2819/2819
f 2818/2818 2821/2821 2819/2819
f 2821/2821 2840/2840 2819/2819
f 2819/2819 2840/2840 2841/2841
f 2789/2789 2790/2790 2792/2792
f 2793/2793 2789/2789 2792/2792
f 77/77 78/78 79/79
f 2824/2824 2819/2819 2841/2841
f 2824/2824 2841/2841 2842/2842
f 3339/3339 3340/3340 3341/3341
f 2819/2819 2824/2824 2822/2822
f 2839/2839 2824/2824 2842/2842
f 2833/2833 2824/2824 2839/2839
f 4560/4560 4561/4561 4562/4562
f 5003/5003 5001/5001 5000/5000
f 2373/2373 2374/2374 2375/2375
f 2376/2376 2373/2373 2375/2375
f 2376/2376 2375/2375 2377/2377
f 2384/2384 2373/2373 2376/2376
f 1158/1158 1159/1159 1173/1173
f 1196/1196 1168/1168 1171/1171
f 2054/2054 2047/2047 2048/2048
f 1171/1171 1168/1168 1167/1167
f 1170/1170 1167/1167 1157/1157
f 1170/1170 1157/1157 1156/1156
f 1156/1156 1157/1157 1158/1158
f 4509/4509 4511/4511 4503/4503
f 4509/4509 4503/4503 4504/4504
f 1822/1822 1823/1823 1828/1828
f 3197/3197 3200/3200 3198/3198
f 1820/1820 1819/1819 1822/1822
f 3197/3197 3198/3198 3199/3199
f 1818/1818 1819/1819 1820/1820
f 1826/1826 1824/1824 1821/1821
f 682/682 657/657 630/630
f 570/570 657/657 682/682
f 636/636 618/618 610/610
f 636/636 637/637 673/673
f 3077/3077 3073/3073 3083/3083
f 2796/2796 2799/2799 2797/2797
f 674/674 637/637 638/638
f 3726/3726 3727/3727 3728/3728
f 5733/5733 5736/5736 5735/5735
f 5731/5731 5733/5733 5735/5735
f 3726/3726 3728/3728 3730/3730
f 5734/5734 5733/5733 5732/5732
f 2796/2796 2797/2797 2798/2798
f 2811/2811 2812/2812 2813/2813
f 2812/2812 2815/2815 2813/2813
f 174/174 136/136 134/134
f 4373/4373 4374/4374 4375/4375
f 2600/2600 2602/2602 2603/2603
f 3079/3079 3074/3074 3078/3078
f 2603/2603 2602/2602 2605/2605
f 2811/2811 2813/2813 2847/2847
f 1253/1253 1260/1260 1258/1258
f 1258/1258 1260/1260 1263/1263
f 4112/4112 4113/4113 4111/4111
f 4110/4110 4112/4112 4111/4111
f 410/410 416/416 409/409
f 2826/2826 2820/2820 2817/2817
f 2817/2817 2820/2820 2818/2818
f 2761/2761 2766/2766 2762/2762
f 2761/2761 2762/2762 2763/2763
f 4486/4486 4488/4488 4487/4487
f 4485/4485 4486/4486 4487/4487
f 2822/2822 2817/2817 2819/2819
f 3341/3341 3340/3340 3342/3342
f 3341/3341 3342/3342 3343/3343
f 3346/3346 3341/3341 3343/3343
f 2923/2923 2919/2919 2922/2922
f 2922/2922 2919/2919 2921/2921
f 2822/2822 2824/2824 2833/2833
f 3545/3545 3547/3547 3546/3546
f 3544/3544 3545/3545 3546/3546
f 2823/2823 2822/2822 2833/2833
f 2385/2385 2374/2374 2386/2386
f 2376/2376 2377/2377 2378/2378
f 2378/2378 2377/2377 2382/2382
f 1159/1159 1178/1178 1173/1173
f 2035/2035 2043/2043 2045/2045
f 1157/1157 1159/1159 1158/1158
f 2035/2035 2045/2045 2046/2046
f 1168/1168 1162/1162 1167/1167
f 1167/1167 1162/1162 1157/1157
f 4428/4428 4426/4426 4425/4425
f 2332/2332 2337/2337 2333/2333
f 1822/1822 1819/1819 1823/1823
f 4506/4506 4510/4510 4504/4504
f 1818/1818 1827/1827 1819/1819
f 1824/1824 1818/1818 1821/1821
f 1821/1821 1818/1818 1820/1820
f 572/572 570/570 682/682
f 631/631 618/618 636/636
f 675/675 606/606 676/676
f 676/676 606/606 677/677
f 673/673 637/637 674/674
f 674/674 638/638 639/639
f 577/577 575/575 572/572
f 857/857 868/868 869/869
f 5746/5746 5747/5747 5748/5748
f 5730/5730 5722/5722 5731/5731
f 5730/5730 5731/5731 5738/5738
f 174/174 134/134 171/171
f 4366/4366 4367/4367 4359/4359
f 5728/5728 5727/5727 5725/5725
f 5727/5727 5723/5723 5725/5725
f 5725/5725 5723/5723 5722/5722
f 3796/3796 3795/3795 3797/3797
f 2890/2890 2891/2891 2888/2888
f 4366/4366 4359/4359 4362/4362
f 1262/1262 1263/1263 1267/1267
f 2847/2847 2813/2813 2827/2827
f 2887/2887 2890/2890 2888/2888
f 2887/2887 2888/2888 2889/2889
f 4396/4396 4398/4398 4397/4397
f 2813/2813 2820/2820 2827/2827
f 155/155 102/102 156/156
f 2892/2892 2887/2887 2889/2889
f 409/409 416/416 390/390
f 2762/2762 2766/2766 2764/2764
f 2764/2764 2766/2766 2768/2768
f 3293/3293 3294/3294 3284/3284
f 2826/2826 2817/2817 2825/2825
f 2825/2825 2817/2817 2823/2823
f 2823/2823 2817/2817 2822/2822
f 403/403 391/391 402/402
f 402/402 391/391 393/393
f 2919/2919 2920/2920 2921/2921
f 2835/2835 2823/2823 2834/2834
f 2834/2834 2823/2823 2833/2833
f 2834/2834 2833/2833 2836/2836
f 3629/3629 3625/3625 3627/3627
f 2376/2376 2378/2378 2379/2379
f 2379/2379 2378/2378 2380/2380
f 2379/2379 2380/2380 2381/2381
f 1161/1161 1160/1160 1157/1157
f 1157/1157 1160/1160 1159/1159
f 1162/1162 1161/1161 1157/1157
f 2338/2338 2335/2335 2334/2334
f 2336/2336 2333/2333 2339/2339
f 4505/4505 4506/4506 4504/4504
f 2333/2333 2341/2341 2339/2339
f 1650/1650 1648/1648 1649/1649
f 639/639 675/675 678/678
f 676/676 677/677 875/875
f 5122/5122 5121/5121 5127/5127
f 1265/1265 1306/1306 1243/1243
f 1243/1243 1246/1246 1247/1247
f 1267/1267 1271/1271 1270/1270
f 5740/5740 5728/5728 5739/5739
f 1249/1249 1252/1252 1250/1250
f 5728/5728 5725/5725 5726/5726
f 5726/5726 5725/5725 5722/5722
f 5726/5726 5722/5722 5729/5729
f 1252/1252 1253/1253 1250/1250
f 1262/1262 1267/1267 1268/1268
f 2850/2850 2847/2847 2838/2838
f 2846/2846 2850/2850 2838/2838
f 1258/1258 1263/1263 1262/1262
f 4399/4399 4396/4396 4395/4395
f 4372/4372 4363/4363 4364/4364
f 2838/2838 2847/2847 2827/2827
f 4395/4395 4396/4396 4397/4397
f 4109/4109 4111/4111 4114/4114
f 3395/3395 3396/3396 3388/3388
f 3394/3394 3395/3395 3388/3388
f 2827/2827 2820/2820 2826/2826
f 111/111 102/102 104/104
f 3293/3293 3284/3284 3286/3286
f 2765/2765 2763/2763 2764/2764
f 3444/3444 3448/3448 3445/3445
f 403/403 390/390 391/391
f 2452/2452 2455/2455 2454/2454
f 2919/2919 2925/2925 2924/2924
f 3585/3585 3586/3586 3587/3587
f 1179/1179 1186/1186 1159/1159
f 1160/1160 1179/1179 1159/1159
f 3627/3627 3626/3626 3628/3628
f 1161/1161 1163/1163 1160/1160
f 4409/4409 4411/4411 4412/4412
f 3506/3506 3507/3507 3508/3508
f 4412/4412 4411/4411 4413/4413
f 3507/3507 3506/3506 3509/3509
f 4424/4424 4412/4412 4413/4413
f 4769/4769 4773/4773 4770/4770
f 1868/1868 1870/1870 1865/1865
f 4424/4424 4413/4413 4422/4422
f 2340/2340 2338/2338 2343/2343
f 4425/4425 4424/4424 4422/4422
f 4766/4766 4767/4767 4764/4764
f 2334/2334 2342/2342 2338/2338
f 1650/1650 1649/1649 1664/1664
f 4252/4252 4245/4245 4254/4254
f 678/678 675/675 676/676
f 1435/1435 1434/1434 1433/1433
f 679/679 674/674 639/639
f 1259/1259 1265/1265 1243/1243
f 1247/1247 1246/1246 1248/1248
f 1248/1248 1249/1249 1250/1250
f 5739/5739 5728/5728 5726/5726
f 2851/2851 2852/2852 2850/2850
f 2851/2851 2850/2850 2845/2845
f 2845/2845 2850/2850 2846/2846
f 1250/1250 1253/1253 1258/1258
f 4372/4372 4364/4364 4368/4368
f 2851/2851 2856/2856 2857/2857
f 2857/2857 2856/2856 2844/2844
f 4751/4751 4752/4752 4753/4753
f 3439/3439 3438/3438 3393/3393
f 3393/3393 3438/3438 3422/3422
f 2838/2838 2827/2827 2829/2829
f 146/146 111/111 121/121
f 4109/4109 4114/4114 4115/4115
f 3394/3394 3388/3388 3385/3385
f 3397/3397 3394/3394 3385/3385
f 3406/3406 3394/3394 3397/3397
f 2828/2828 2829/2829 2827/2827
f 2828/2828 2827/2827 2826/2826
f 2456/2456 2457/2457 2451/2451
f 2456/2456 2451/2451 2453/2453
f 4978/4978 4979/4979 4980/4980
f 4979/4979 4981/4981 4980/4980
f 4980/4980 4981/4981 4982/4982
f 2451/2451 2452/2452 2453/2453
f 3446/3446 3444/3444 3443/3443
f 3443/3443 3444/3444 3445/3445
f 3443/3443 3445/3445 3447/3447
f 4741/4741 4742/4742 4743/4743
f 3103/3103 3100/3100 3102/3102
f 3100/3100 3101/3101 3102/3102
f 2453/2453 2452/2452 2454/2454
f 1181/1181 1187/1187 1179/1179
f 2855/2855 2823/2823 2835/2835
f 2677/2677 2674/2674 2673/2673
f 2673/2673 2674/2674 2675/2675
f 2675/2675 2674/2674 2678/2678
f 4120/4120 4121/4121 4122/4122
f 2676/2676 2673/2673 2675/2675
f 4744/4744 4745/4745 4746/4746
f 1160/1160 1163/1163 1179/1179
f 1164/1164 1163/1163 1161/1161
f 1162/1162 1166/1166 1161/1161
f 2383/2383 2381/2381 2380/2380
f 1166/1166 1162/1162 1192/1192
f 3510/3510 3506/3506 3508/3508
f 2468/2468 2474/2474 2472/2472
f 2379/2379 2381/2381 2383/2383
f 1862/1862 1864/1864 1867/1867
f 4770/4770 4773/4773 4772/4772
f 4765/4765 4769/4769 4768/4768
f 1867/1867 1864/1864 1871/1871
f 4768/4768 4769/4769 4770/4770
f 4764/4764 4765/4765 4766/4766
f 4766/4766 4765/4765 4768/4768
f 4768/4768 4770/4770 4771/4771
f 1665/1665 1664/1664 1668/1668
f 685/685 572/572 682/682
f 631/631 636/636 692/692
f 578/578 572/572 685/685
f 1411/1411 1435/1435 1436/1436
f 679/679 639/639 678/678
f 1270/1270 1278/1278 1273/1273
f 577/577 572/572 578/578
f 1436/1436 1435/1435 1412/1412
f 1412/1412 1435/1435 1433/1433
f 5123/5123 5122/5122 5124/5124
f 1433/1433 1434/1434 1431/1431
f 1431/1431 1434/1434 1427/1427
f 1431/1431 1427/1427 1430/1430
f 1315/1315 1265/1265 1259/1259
f 1259/1259 1243/1243 1247/1247
f 1269/1269 1267/1267 1270/1270
f 1302/1302 1309/1309 1308/1308
f 173/173 169/169 156/156
f 146/146 128/128 159/159
f 1250/1250 1258/1258 1261/1261
f 1261/1261 1258/1258 1262/1262
f 3442/3442 3428/3428 3441/3441
f 3426/3426 3441/3441 3428/3428
f 2845/2845 2846/2846 2838/2838
f 4368/4368 4365/4365 4369/4369
f 4368/4368 4369/4369 4370/4370
f 3426/3426 3428/3428 3424/3424
f 2844/2844 2845/2845 2838/2838
f 4754/4754 4751/4751 4753/4753
f 4753/4753 4752/4752 4755/4755
f 3391/3391 3439/3439 3393/3393
f 3392/3392 3391/3391 3393/3393
f 2838/2838 2829/2829 2844/2844
f 4757/4757 4754/4754 4753/4753
f 3388/3388 3391/3391 3390/3390
f 3421/3421 3393/3393 3422/3422
f 3421/3421 3422/3422 3408/3408
f 3278/3278 3277/3277 3280/3280
f 3424/3424 3413/3413 3423/3423
f 3290/3290 3289/3289 3285/3285
f 3388/3388 3390/3390 3386/3386
f 3407/3407 3421/3421 3408/3408
f 3413/3413 3409/3409 3423/3423
f 2830/2830 2831/2831 2829/2829
f 3406/3406 3397/3397 3404/3404
f 3404/3404 3397/3397 3385/3385
f 3404/3404 3385/3385 3384/3384
f 3384/3384 3385/3385 3386/3386
f 2830/2830 2829/2829 2828/2828
f 2832/2832 2830/2830 2828/2828
f 115/115 104/104 108/108
f 1180/1180 1181/1181 1179/1179
f 1164/1164 1180/1180 1179/1179
f 110/110 99/99 98/98
f 4063/4063 4065/4065 4064/4064
f 4062/4062 4063/4063 4064/4064
f 4064/4064 4065/4065 4066/4066
f 2524/2524 2527/2527 2525/2525
f 1169/1169 1165/1165 1166/1166
f 1165/1165 1164/1164 1161/1161
f 1166/1166 1165/1165 1161/1161
f 4758/4758 4760/4760 4762/4762
f 3622/3622 3623/3623 3624/3624
f 3281/3281 3282/3282 3283/3283
f 4763/4763 4761/4761 4759/4759
f 4401/4401 4404/4404 4403/4403
f 4870/4870 4871/4871 4872/4872
f 4870/4870 4872/4872 4873/4873
f 1177/1177 1169/1169 1166/1166
f 4873/4873 4872/4872 4874/4874
f 2467/2467 2473/2473 2465/2465
f 1208/1208 1177/1177 1207/1207
f 1177/1177 1166/1166 1192/1192
f 2464/2464 2467/2467 2465/2465
f 1193/1193 1177/1177 1192/1192
f 2464/2464 2465/2465 2466/2466
f 2465/2465 2468/2468 2466/2466
f 2466/2466 2468/2468 2472/2472
f 440/440 444/444 435/435
f 1665/1665 1650/1650 1664/1664
f 685/685 682/682 630/630
f 681/681 631/631 692/692
f 1272/1272 1270/1270 1273/1273
f 1273/1273 1278/1278 1277/1277
f 1278/1278 1303/1303 1282/1282
f 1282/1282 1303/1303 1304/1304
f 579/579 577/577 578/578
f 1430/1430 1427/1427 1426/1426
f 1290/1290 1304/1304 1309/1309
f 208/208 216/216 215/215
f 1268/1268 1267/1267 1269/1269
f 3390/3390 3391/3391 3392/3392
f 3423/3423 3426/3426 3424/3424
f 3431/3431 3421/3421 3407/3407
f 3384/3384 3386/3386 3387/3387
f 3387/3387 3386/3386 3401/3401
f 3431/3431 3407/3407 3401/3401
f 3405/3405 3404/3404 3384/3384
f 3407/3407 3412/3412 3401/3401
f 3407/3407 3408/3408 3409/3409
f 3411/3411 3409/3409 3413/3413
f 2458/2458 2457/2457 2456/2456
f 3412/3412 3407/3407 3410/3410
f 3410/3410 3407/3407 3409/3409
f 3410/3410 3409/3409 3411/3411
f 3411/3411 3413/3413 3414/3414
f 3411/3411 3414/3414 3415/3415
f 3410/3410 3411/3411 3430/3430
f 3430/3430 3411/3411 3432/3432
f 3411/3411 3415/3415 3416/3416
f 3416/3416 3415/3415 3417/3417
f 4073/4073 4075/4075 4074/4074
f 3432/3432 3411/3411 3416/3416
f 3432/3432 3416/3416 3418/3418
f 3418/3418 3416/3416 3417/3417
f 4071/4071 4070/4070 4067/4067
f 4070/4070 4073/4073 4069/4069
f 4067/4067 4070/4070 4069/4069
f 4069/4069 4073/4073 4074/4074
f 4069/4069 4074/4074 4076/4076
f 3639/3639 3640/3640 3641/3641
f 3641/3641 3640/3640 3642/3642
f 1181/1181 1202/1202 1187/1187
f 1202/1202 1204/1204 1186/1186
f 1187/1187 1202/1202 1186/1186
f 1186/1186 1204/1204 1205/1205
f 4067/4067 4069/4069 4062/4062
f 3418/3418 3420/3420 3435/3435
f 3205/3205 3202/3202 3204/3204
f 1189/1189 1164/1164 1239/1239
f 4072/4072 4067/4067 4068/4068
f 4067/4067 4062/4062 4064/4064
f 4068/4068 4067/4067 4064/4064
f 2528/2528 2529/2529 2525/2525
f 4984/4984 4985/4985 4986/4986
f 4434/4434 4435/4435 4436/4436
f 2176/2176 2175/2175 2173/2173
f 2530/2530 2534/2534 2524/2524
f 2524/2524 2525/2525 2526/2526
f 2530/2530 2524/2524 2526/2526
f 4407/4407 4408/4408 4404/4404
f 1236/1236 1212/1212 1234/1234
f 4527/4527 4531/4531 4528/4528
f 3997/3997 3998/3998 3999/3999
f 4000/4000 3997/3997 3999/3999
f 4527/4527 4528/4528 4529/4529
f 4430/4430 4431/4431 4432/4432
f 4430/4430 4432/4432 4433/4433
f 3998/3998 4001/4001 3999/3999
f 4527/4527 4529/4529 4530/4530
f 1208/1208 1207/1207 1242/1242
f 2471/2471 2467/2467 2469/2469
f 2469/2469 2467/2467 2464/2464
f 2464/2464 2470/2470 2469/2469
f 2470/2470 2464/2464 2466/2466
f 1667/1667 1666/1666 1665/1665
f 1666/1666 1650/1650 1665/1665
f 436/436 435/435 437/437
f 632/632 630/630 629/629
f 632/632 629/629 631/631
f 632/632 631/631 681/681
f 1277/1277 1278/1278 1282/1282
f 1422/1422 1421/1421 1417/1417
f 1269/1269 1270/1270 1272/1272
f 1295/1295 1308/1308 1310/1310
f 1290/1290 1309/1309 1292/1292
f 1292/1292 1309/1309 1302/1302
f 1426/1426 1422/1422 1423/1423
f 5184/5184 5185/5185 5186/5186
f 3390/3390 3392/3392 3431/3431
f 3384/3384 3387/3387 3389/3389
f 3398/3398 3387/3387 3401/3401
f 3398/3398 3401/3401 3400/3400
f 3594/3594 3595/3595 3596/3596
f 3415/3415 3440/3440 3429/3429
f 3596/3596 3598/3598 3597/3597
f 3594/3594 3596/3596 3597/3597
f 3427/3427 3415/3415 3429/3429
f 1203/1203 1213/1213 1204/1204
f 3403/3403 3410/3410 3430/3430
f 1188/1188 1203/1203 1202/1202
f 1203/1203 1204/1204 1202/1202
f 3246/3246 3245/3245 3238/3238
f 3434/3434 3430/3430 3433/3433
f 3432/3432 3418/3418 3433/3433
f 3418/3418 3417/3417 3419/3419
f 3419/3419 3417/3417 3427/3427
f 3245/3245 3234/3234 3238/3238
f 3238/3238 3234/3234 3237/3237
f 3234/3234 3245/3245 3247/3247
f 3433/3433 3418/3418 3435/3435
f 3435/3435 3420/3420 3436/3436
f 3420/3420 3418/3418 3419/3419
f 3420/3420 3419/3419 3436/3436
f 1164/1164 1189/1189 1188/1188
f 3234/3234 3235/3235 3236/3236
f 3234/3234 3247/3247 3235/3235
f 3536/3536 3535/3535 3540/3540
f 3249/3249 3241/3241 3240/3240
f 3235/3235 3249/3249 3240/3240
f 3235/3235 3240/3240 3239/3239
f 3239/3239 3240/3240 3241/3241
f 3239/3239 3241/3241 3242/3242
f 2530/2530 2526/2526 2531/2531
f 2177/2177 2165/2165 2167/2167
f 2526/2526 2533/2533 2532/2532
f 2531/2531 2526/2526 2532/2532
f 1237/1237 1212/1212 1236/1236
f 4191/4191 4192/4192 4193/4193
f 4416/4416 4423/4423 4429/4429
f 4416/4416 4429/4429 4418/4418
f 1669/1669 1667/1667 1665/1665
f 633/633 685/685 630/630
f 633/633 630/630 632/632
f 1310/1310 1307/1307 1297/1297
f 1410/1410 1436/1436 1412/1412
f 1282/1282 1304/1304 1285/1285
f 1423/1423 1422/1422 1417/1417
f 1285/1285 1304/1304 1290/1290
f 1302/1302 1308/1308 1293/1293
f 208/208 215/215 212/212
f 215/215 217/217 212/212
f 212/212 217/217 213/213
f 1288/1288 1248/1248 1250/1250
f 1250/1250 1261/1261 1284/1284
f 38/38 39/39 40/40
f 3389/3389 3387/3387 3398/3398
f 3389/3389 3398/3398 3399/3399
f 3399/3399 3398/3398 3400/3400
f 3248/3248 3246/3246 3238/3238
f 3403/3403 3430/3430 3434/3434
f 3237/3237 3234/3234 3236/3236
f 3540/3540 3541/3541 3536/3536
f 3537/3537 3536/3536 3538/3538
f 3236/3236 3235/3235 3239/3239
f 3437/3437 3435/3435 3436/3436
f 2171/2171 2176/2176 2173/2173
f 2532/2532 2533/2533 2535/2535
f 2535/2535 2533/2533 2536/2536
f 1237/1237 1235/1235 1238/1238
f 1235/1235 1237/1237 1236/1236
f 1615/1615 1607/1607 1616/1616
f 1616/1616 1613/1613 1615/1615
f 1615/1615 1613/1613 1614/1614
f 1614/1614 1612/1612 1617/1617
f 1617/1617 1612/1612 1618/1618
f 1669/1669 1665/1665 1670/1670
f 1297/1297 1307/1307 1299/1299
f 1411/1411 1436/1436 1410/1410
f 1275/1275 1269/1269 1272/1272
f 1293/1293 1308/1308 1295/1295
f 1417/1417 1421/1421 1418/1418
f 1284/1284 1261/1261 1283/1283
f 1431/1431 1430/1430 1414/1414
f 1414/1414 1430/1430 1429/1429
f 1429/1429 1430/1430 1426/1426
f 285/285 208/208 211/211
f 5128/5128 5125/5125 5129/5129
f 206/206 208/208 195/195
f 195/195 208/208 212/212
f 1261/1261 1262/1262 1264/1264
f 211/211 208/208 206/206
f 3399/3399 3400/3400 3402/3402
f 3402/3402 3400/3400 3403/3403
f 3243/3243 3238/3238 3237/3237
f 3243/3243 3237/3237 3236/3236
f 3243/3243 3236/3236 3244/3244
f 3236/3236 3239/3239 3244/3244
f 1607/1607 1606/1606 1616/1616
f 1614/1614 1613/1613 1612/1612
f 529/529 461/461 444/444
f 1618/1618 1620/1620 1619/1619
f 437/437 487/487 443/443
f 1276/1276 1273/1273 1277/1277
f 1277/1277 1282/1282 1281/1281
f 1275/1275 1272/1272 1274/1274
f 1268/1268 1269/1269 1275/1275
f 1412/1412 1433/1433 1414/1414
f 1433/1433 1431/1431 1414/1414
f 1286/1286 1284/1284 1283/1283
f 1283/1283 1261/1261 1264/1264
f 1264/1264 1262/1262 1268/1268
f 1426/1426 1423/1423 1424/1424
f 1250/1250 1284/1284 1287/1287
f 38/38 40/40 44/44
f 1600/1600 1606/1606 1607/1607
f 1610/1610 1609/1609 1608/1608
f 1608/1608 1600/1600 1607/1607
f 1618/1618 1612/1612 1620/1620
f 451/451 493/493 485/485
f 1671/1671 1669/1669 1670/1670
f 1295/1295 1297/1297 1296/1296
f 1274/1274 1272/1272 1273/1273
f 1281/1281 1282/1282 1285/1285
f 1293/1293 1295/1295 1294/1294
f 41/41 42/42 43/43
f 1281/1281 1285/1285 1289/1289
f 1289/1289 1285/1285 1290/1290
f 1417/1417 1418/1418 1419/1419
f 1406/1406 1410/1410 1412/1412
f 1406/1406 1412/1412 1414/1414
f 1424/1424 1423/1423 1417/1417
f 5128/5128 5129/5129 5130/5130
f 1288/1288 1250/1250 1287/1287
f 1287/1287 1284/1284 1286/1286
f 197/197 211/211 206/206
f 1600/1600 1593/1593 1606/1606
f 1612/1612 1606/1606 1587/1587
f 528/528 494/494 493/493
f 1672/1672 1686/1686 1669/1669
f 1672/1672 1669/1669 1671/1671
f 461/461 531/531 487/487
f 725/725 685/685 633/633
f 633/633 632/632 691/691
f 691/691 632/632 681/681
f 578/578 685/685 725/725
f 1296/1296 1297/1297 1298/1298
f 1274/1274 1273/1273 1276/1276
f 1276/1276 1277/1277 1280/1280
f 1277/1277 1281/1281 1280/1280
f 1294/1294 1295/1295 1296/1296
f 1289/1289 1290/1290 1291/1291
f 1290/1290 1292/1292 1291/1291
f 1292/1292 1293/1293 1291/1291
f 1291/1291 1293/1293 1294/1294
f 1405/1405 1411/1411 1410/1410
f 1419/1419 1418/1418 1420/1420
f 1279/1279 1268/1268 1275/1275
f 1405/1405 1410/1410 1406/1406
f 1286/1286 1283/1283 1264/1264
f 1279/1279 1264/1264 1268/1268
f 1406/1406 1414/1414 1432/1432
f 1424/1424 1417/1417 1425/1425
f 1425/1425 1417/1417 1419/1419
f 195/195 212/212 194/194
f 194/194 212/212 213/213
f 42/42 38/38 43/43
f 1432/1432 1414/1414 1429/1429
f 1429/1429 1426/1426 1425/1425
f 1426/1426 1424/1424 1425/1425
f 5130/5130 5129/5129 5131/5131
f 43/43 38/38 44/44
f 40/40 34/34 33/33
f 33/33 34/34 35/35
f 1610/1610 1611/1611 1609/1609
f 35/35 34/34 36/36
f 528/528 538/538 494/494
f 532/532 531/531 461/461
f 724/724 725/725 633/633
f 691/691 681/681 732/732
f 1409/1409 1413/1413 1405/1405
f 1405/1405 1413/1413 1411/1411
f 579/579 578/578 586/586
f 1404/1404 1408/1408 1405/1405
f 1404/1404 1405/1405 1406/1406
f 47/47 43/43 44/44
f 1425/1425 1419/1419 1428/1428
f 213/213 201/201 194/194
f 1407/1407 1406/1406 1445/1445
f 1445/1445 1406/1406 1432/1432
f 1432/1432 1429/1429 1442/1442
f 1442/1442 1429/1429 1425/1425
f 5130/5130 5131/5131 5132/5132
f 1593/1593 1591/1591 1588/1588
f 1588/1588 1591/1591 1586/1586
f 1588/1588 1586/1586 1587/1587
f 1609/1609 1598/1598 1608/1608
f 1608/1608 1598/1598 1600/1600
f 538/538 496/496 494/494
f 1620/1620 1580/1580 1619/1619
f 1619/1619 1580/1580 1622/1622
f 48/48 46/46 49/49
f 724/724 633/633 691/691
f 1416/1416 1413/1413 1415/1415
f 586/586 578/578 725/725
f 1409/1409 1415/1415 1413/1413
f 747/747 736/736 823/823
f 220/220 225/225 224/224
f 1408/1408 1409/1409 1405/1405
f 1428/1428 1419/1419 1420/1420
f 1404/1404 1406/1406 1407/1407
f 201/201 202/202 185/185
f 185/185 194/194 201/201
f 1445/1445 1432/1432 1444/1444
f 1444/1444 1432/1432 1442/1442
f 197/197 195/195 196/196
f 1444/1444 1442/1442 1443/1443
f 1441/1441 1442/1442 1425/1425
f 1441/1441 1425/1425 1440/1440
f 199/199 197/197 196/196
f 44/44 40/40 33/33
f 1596/1596 1592/1592 1593/1593
f 518/518 507/507 517/517
f 1591/1591 1590/1590 1586/1586
f 1586/1586 1590/1590 1589/1589
f 1598/1598 1596/1596 1600/1600
f 1600/1600 1596/1596 1593/1593
f 1605/1605 1598/1598 1609/1609
f 1586/1586 1584/1584 1583/1583
f 496/496 542/542 498/498
f 1611/1611 1605/1605 1609/1609
f 1587/1587 1586/1586 1583/1583
f 1679/1679 1678/1678 1671/1671
f 1678/1678 1672/1672 1671/1671
f 544/544 545/545 532/532
f 532/532 545/545 543/543
f 1620/1620 1578/1578 1580/1580
f 532/532 543/543 531/531
f 531/531 537/537 528/528
f 226/226 228/228 227/227
f 214/214 220/220 219/219
f 224/224 225/225 226/226
f 224/224 226/226 227/227
f 872/872 877/877 874/874
f 1428/1428 1420/1420 1438/1438
f 202/202 210/210 180/180
f 210/210 209/209 180/180
f 1440/1440 1425/1425 1428/1428
f 196/196 195/195 193/193
f 1595/1595 1603/1603 1594/1594
f 198/198 199/199 196/196
f 5133/5133 5132/5132 5134/5134
f 1441/1441 1443/1443 1442/1442
f 1597/1597 1595/1595 1596/1596
f 1595/1595 1594/1594 1592/1592
f 1594/1594 1590/1590 1592/1592
f 1592/1592 1590/1590 1591/1591
f 1596/1596 1595/1595 1592/1592
f 534/534 505/505 533/533
f 505/505 534/534 517/517
f 1601/1601 1599/1599 1598/1598
f 1598/1598 1599/1599 1597/1597
f 1597/1597 1596/1596 1598/1598
f 284/284 263/263 277/277
f 509/509 533/533 504/504
f 533/533 505/505 504/504
f 276/276 264/264 274/274
f 1605/1605 1601/1601 1598/1598
f 538/538 541/541 496/496
f 1681/1681 1679/1679 1680/1680
f 1679/1679 1671/1671 1680/1680
f 539/539 540/540 538/538
f 531/531 543/543 537/537
f 724/724 691/691 732/732
f 735/735 732/732 736/736
f 736/736 747/747 735/735
f 735/735 747/747 737/737
f 747/747 823/823 737/737
f 823/823 872/872 737/737
f 200/200 203/203 183/183
f 183/183 203/203 186/186
f 203/203 205/205 188/188
f 186/186 203/203 188/188
f 205/205 207/207 190/190
f 188/188 205/205 190/190
f 190/190 207/207 214/214
f 219/219 220/220 223/223
f 223/223 220/220 224/224
f 204/204 200/200 182/182
f 190/190 214/214 218/218
f 223/223 224/224 230/230
f 230/230 224/224 229/229
f 224/224 227/227 229/229
f 209/209 204/204 177/177
f 180/180 209/209 177/177
f 185/185 202/202 180/180
f 195/195 194/194 193/193
f 1437/1437 1428/1428 1438/1438
f 198/198 196/196 193/193
f 1437/1437 1440/1440 1428/1428
f 1438/1438 1446/1446 1439/1439
f 1585/1585 1581/1581 1584/1584
f 1689/1689 1681/1681 1688/1688
f 277/277 264/264 276/276
f 1601/1601 1602/1602 1599/1599
f 1688/1688 1681/1681 1680/1680
f 282/282 263/263 284/284
f 264/264 273/273 274/274
f 1604/1604 1602/1602 1601/1601
f 1605/1605 1604/1604 1601/1601
f 496/496 541/541 542/542
f 1611/1611 1623/1623 1605/1605
f 1583/1583 1584/1584 1581/1581
f 1578/1578 1581/1581 1579/1579
f 1583/1583 1581/1581 1578/1578
f 247/247 248/248 255/255
f 265/265 247/247 255/255
f 248/248 249/249 255/255
f 255/255 249/249 250/250
f 1578/1578 1579/1579 1580/1580
f 36/36 46/46 45/45
f 48/48 49/49 50/50
f 586/586 725/725 724/724
f 744/744 871/871 825/825
f 2162/2162 2161/2161 2160/2160
f 182/182 200/200 183/183
f 214/214 219/219 218/218
f 229/229 227/227 231/231
f 231/231 227/227 232/232
f 2161/2161 2159/2159 2160/2160
f 177/177 204/204 182/182
f 2160/2160 2159/2159 2158/2158
f 181/181 185/185 180/180
f 193/193 185/185 192/192
f 192/192 185/185 181/181
f 256/256 268/268 260/260
f 243/243 245/245 258/258
f 194/194 185/185 193/193
f 1437/1437 1438/1438 1439/1439
f 258/258 245/245 283/283
f 534/534 530/530 517/517
f 1559/1559 1561/1561 1554/1554
f 247/247 198/198 193/193
f 247/247 193/193 248/248
f 264/264 259/259 273/273
f 273/273 259/259 260/260
f 248/248 193/193 249/249
f 1579/1579 1581/1581 1582/1582
f 267/267 263/263 270/270
f 266/266 179/179 267/267
f 250/250 191/191 179/179
f 179/179 266/266 250/250
f 266/266 267/267 269/269
f 250/250 249/249 191/191
f 589/589 724/724 734/734
f 733/733 732/732 735/735
f 733/733 735/735 737/737
f 586/586 724/724 589/589
f 5520/5520 5519/5519 5518/5518
f 5519/5519 5516/5516 5518/5518
f 1112/1112 1113/1113 1101/1101
f 189/189 188/188 190/190
f 187/187 186/186 188/188
f 187/187 188/188 189/189
f 189/189 190/190 218/218
f 189/189 218/218 221/221
f 221/221 218/218 219/219
f 219/219 223/223 222/222
f 222/222 223/223 230/230
f 182/182 183/183 178/178
f 178/178 177/177 182/182
f 222/222 230/230 243/243
f 257/257 222/222 243/243
f 230/230 229/229 233/233
f 189/189 221/221 256/256
f 268/268 221/221 257/257
f 233/233 229/229 231/231
f 180/180 177/177 179/179
f 179/179 177/177 176/176
f 256/256 221/221 268/268
f 258/258 257/257 243/243
f 243/243 230/230 233/233
f 181/181 180/180 179/179
f 259/259 256/256 260/260
f 268/268 257/257 258/258
f 245/245 243/243 233/233
f 2155/2155 2158/2158 2157/2157
f 262/262 259/259 264/264
f 2155/2155 2157/2157 2154/2154
f 192/192 181/181 191/191
f 191/191 181/181 179/179
f 263/263 262/262 264/264
f 267/267 176/176 263/263
f 193/193 192/192 249/249
f 267/267 179/179 176/176
f 280/280 245/245 279/279
f 279/279 245/245 278/278
f 249/249 192/192 191/191
f 1550/1550 1543/1543 1548/1548
f 1548/1548 1543/1543 1536/1536
f 35/35 36/36 37/37
f 37/37 36/36 45/45
f 45/45 46/46 48/48
f 51/51 48/48 50/50
f 734/734 724/724 733/733
f 738/738 737/737 739/739
f 739/739 737/737 744/744
f 588/588 586/586 589/589
f 744/744 825/825 742/742
f 588/588 587/587 586/586
f 183/183 184/184 178/178
f 183/183 186/186 184/184
f 184/184 186/186 187/187
f 221/221 219/219 222/222
f 256/256 187/187 189/189
f 184/184 187/187 262/262
f 259/259 262/262 187/187
f 187/187 256/256 259/259
f 176/176 177/177 178/178
f 263/263 178/178 184/184
f 263/263 184/184 262/262
f 234/234 231/231 232/232
f 263/263 176/176 178/178
f 245/245 233/233 244/244
f 278/278 245/245 244/244
f 51/51 50/50 52/52
f 739/739 744/744 742/742
f 824/824 742/742 825/825
f 824/824 825/825 873/873
f 5574/5574 5518/5518 5506/5506
f 5502/5502 5515/5515 5575/5575
f 239/239 233/233 231/231
f 239/239 231/231 235/235
f 2148/2148 2155/2155 2154/2154
f 244/244 233/233 239/239
f 235/235 231/231 234/234
f 2148/2148 2154/2154 2147/2147
f 281/281 278/278 244/244
f 1532/1532 1541/1541 1558/1558
f 1096/1096 1101/1101 1099/1099
f 5506/5506 5502/5502 5496/5496
f 386/386 384/384 397/397
f 395/395 387/387 396/396
f 395/395 396/396 398/398
f 235/235 234/234 236/236
f 239/239 235/235 240/240
f 244/244 239/239 240/240
f 1542/1542 1543/1543 1545/1545
f 1542/1542 1545/1545 1544/1544
f 589/589 734/734 745/745
f 745/745 734/734 733/733
f 745/745 733/733 743/743
f 739/739 742/742 741/741
f 741/741 742/742 746/746
f 742/742 824/824 746/746
f 746/746 824/824 768/768
f 5505/5505 5574/5574 5506/5506
f 5505/5505 5506/5506 5496/5496
f 1101/1101 1096/1096 1095/1095
f 1102/1102 1101/1101 1095/1095
f 1104/1104 1102/1102 1095/1095
f 2146/2146 2148/2148 2147/2147
f 237/237 235/235 236/236
f 2543/2543 2544/2544 2540/2540
f 251/251 244/244 240/240
f 251/251 240/240 252/252
f 253/253 251/251 252/252
f 275/275 271/271 254/254
f 2542/2542 2539/2539 2541/2541
f 1566/1566 1560/1560 1572/1572
f 743/743 733/733 738/738
f 5496/5496 5502/5502 5497/5497
f 5509/5509 5503/5503 5575/5575
f 2146/2146 2147/2147 2143/2143
f 237/237 236/236 238/238
f 2537/2537 2543/2543 2540/2540
f 253/253 252/252 254/254
f 271/271 253/253 254/254
f 738/738 739/739 740/740
f 740/740 739/739 741/741
f 746/746 768/768 767/767
f 5505/5505 5496/5496 5501/5501
f 1096/1096 1099/1099 1093/1093
f 1096/1096 1093/1093 1095/1095
f 1108/1108 1104/1104 1103/1103
f 398/398 396/396 401/401
f 2139/2139 2146/2146 2143/2143
f 743/743 738/738 740/740
f 740/740 741/741 766/766
f 766/766 741/741 746/746
f 767/767 766/766 746/746
f 1099/1099 1098/1098 1093/1093
f 1095/1095 1093/1093 1094/1094
f 1104/1104 1095/1095 1103/1103
f 2140/2140 2139/2139 2143/2143
f 242/242 237/237 241/241
f 241/241 237/237 238/238
f 242/242 241/241 246/246
f 261/261 242/242 246/246
f 261/261 246/246 272/272
f 1100/1100 1098/1098 1150/1150
f 1100/1100 1150/1150 1143/1143
f 771/771 766/766 767/767
f 770/770 767/767 769/769
f 769/769 826/826 775/775
f 1103/1103 1095/1095 1094/1094
f 5507/5507 5498/5498 5508/5508
f 2138/2138 2139/2139 2140/2140
f 1634/1634 1635/1635 1636/1636
f 5526/5526 5579/5579 5563/5563
f 4594/4594 4597/4597 4593/4593
f 5141/5141 5142/5142 5143/5143
f 1935/1935 1944/1944 1942/1942
f 1098/1098 1100/1100 1090/1090
f 1098/1098 1090/1090 1093/1093
f 1106/1106 1103/1103 1094/1094
f 1111/1111 1106/1106 1110/1110
f 1703/1703 1700/1700 1706/1706
f 1941/1941 1944/1944 1935/1935
f 1934/1934 1941/1941 1935/1935
f 1936/1936 1935/1935 1942/1942
f 1936/1936 1942/1942 1943/1943
f 771/771 767/767 770/770
f 773/773 770/770 769/769
f 1090/1090 1100/1100 1092/1092
f 5507/5507 5508/5508 5511/5511
f 5507/5507 5511/5511 5512/5512
f 1106/1106 1107/1107 1110/1110
f 2142/2142 2138/2138 2141/2141
f 2138/2138 2140/2140 2141/2141
f 5567/5567 5569/5569 5576/5576
f 5576/5576 5569/5569 5578/5578
f 5525/5525 5534/5534 5535/5535
f 3738/3738 3739/3739 3740/3740
f 3741/3741 3738/3738 3740/3740
f 3740/3740 3739/3739 3742/3742
f 1939/1939 1941/1941 1934/1934
f 1934/1934 1935/1935 1936/1936
f 4468/4468 4467/4467 4472/4472
f 1100/1100 1143/1143 1097/1097
f 1092/1092 1100/1100 1097/1097
f 771/771 770/770 772/772
f 1143/1143 1137/1137 1138/1138
f 1097/1097 1143/1143 1138/1138
f 773/773 769/769 774/774
f 774/774 769/769 775/775
f 1093/1093 1090/1090 1089/1089
f 1094/1094 1093/1093 1089/1089
f 5513/5513 5507/5507 5512/5512
f 1106/1106 1094/1094 1107/1107
f 1984/1984 1983/1983 1985/1985
f 4598/4598 4599/4599 4600/4600
f 4601/4601 4598/4598 4600/4600
f 2625/2625 2626/2626 2627/2627
f 2627/2627 2626/2626 2628/2628
f 5535/5535 5534/5534 5536/5536
f 5537/5537 5535/5535 5536/5536
f 2628/2628 2626/2626 2629/2629
f 4590/4590 4593/4593 4591/4591
f 4590/4590 4591/4591 4592/4592
f 4473/4473 4469/4469 4468/4468
f 4592/4592 4591/4591 4595/4595
f 1938/1938 1939/1939 1934/1934
f 1937/1937 1938/1938 1934/1934
f 1937/1937 1934/1934 1936/1936
f 772/772 770/770 773/773
f 2153/2153 2156/2156 2152/2152
f 774/774 775/775 777/777
f 777/777 775/775 779/779
f 1984/1984 1982/1982 1983/1983
f 2145/2145 2142/2142 2144/2144
f 812/812 814/814 813/813
f 2144/2144 2142/2142 2141/2141
f 2640/2640 2642/2642 2630/2630
f 2630/2630 2642/2642 2625/2625
f 5599/5599 5600/5600 5601/5601
f 5544/5544 5552/5552 5570/5570
f 3749/3749 3741/3741 3752/3752
f 3752/3752 3741/3741 3743/3743
f 3741/3741 3740/3740 3743/3743
f 3743/3743 3740/3740 3742/3742
f 4596/4596 4592/4592 4595/4595
f 4960/4960 4959/4959 4957/4957
f 1940/1940 1938/1938 1937/1937
f 2753/2753 2754/2754 2755/2755
f 1138/1138 1137/1137 1133/1133
f 1137/1137 1136/1136 1133/1133
f 1139/1139 1138/1138 1133/1133
f 2153/2153 2152/2152 2150/2150
f 2150/2150 2152/2152 2151/2151
f 2150/2150 2151/2151 2149/2149
f 1982/1982 1981/1981 1980/1980
f 2149/2149 2145/2145 2144/2144
f 1982/1982 1980/1980 1983/1983
f 779/779 806/806 783/783
f 809/809 812/812 813/813
f 811/811 812/812 809/809
f 1110/1110 1107/1107 1109/1109
f 4602/4602 4601/4601 4600/4600
f 2630/2630 2625/2625 2627/2627
f 2631/2631 2630/2630 2627/2627
f 5538/5538 5536/5536 5541/5541
f 5542/5542 5543/5543 5544/5544
f 3745/3745 3750/3750 3749/3749
f 5541/5541 5536/5536 5547/5547
f 4961/4961 4957/4957 4965/4965
f 4965/4965 4957/4957 4966/4966
f 2750/2750 2754/2754 2753/2753
f 1133/1133 1136/1136 1134/1134
f 1130/1130 1133/1133 1134/1134
f 1134/1134 1148/1148 1129/1129
f 1091/1091 1092/1092 1097/1097
f 1148/1148 1149/1149 1129/1129
f 1090/1090 1092/1092 1091/1091
f 1139/1139 1133/1133 1140/1140
f 1141/1141 1139/1139 1140/1140
f 778/778 774/774 777/777
f 1089/1089 1090/1090 1091/1091
f 1981/1981 1973/1973 1980/1980
f 777/777 779/779 778/778
f 1089/1089 1091/1091 1105/1105
f 2149/2149 2144/2144 2150/2150
f 778/778 779/779 780/780
f 1107/1107 1089/1089 1105/1105
f 780/780 779/779 783/783
f 1109/1109 1107/1107 1105/1105
f 804/804 783/783 805/805
f 810/810 811/811 809/809
f 1146/1146 1147/1147 1145/1145
f 1155/1155 1145/1145 1147/1147
f 5564/5564 5539/5539 5545/5545
f 5564/5564 5545/5545 5554/5554
f 5564/5564 5554/5554 5581/5581
f 2631/2631 2627/2627 2634/2634
f 3744/3744 3747/3747 3745/3745
f 3754/3754 3752/3752 3743/3743
f 2746/2746 2747/2747 2748/2748
f 2746/2746 2748/2748 2750/2750
f 1948/1948 1950/1950 1966/1966
f 1130/1130 1134/1134 1129/1129
f 1129/1129 1149/1149 1128/1128
f 1140/1140 1133/1133 1132/1132
f 781/781 774/774 778/778
f 1980/1980 1973/1973 1971/1971
f 1986/1986 1971/1971 1970/1970
f 808/808 804/804 807/807
f 807/807 810/810 809/809
f 808/808 807/807 809/809
f 1144/1144 1145/1145 1155/1155
f 3222/3222 3218/3218 3214/3214
f 2632/2632 2641/2641 2640/2640
f 2632/2632 2640/2640 2630/2630
f 2632/2632 2630/2630 2631/2631
f 3744/3744 3745/3745 3746/3746
f 3746/3746 3745/3745 3749/3749
f 3751/3751 3749/3749 3752/3752
f 3753/3753 3752/3752 3754/3754
f 2749/2749 2747/2747 2746/2746
f 2752/2752 2746/2746 2751/2751
f 2751/2751 2746/2746 2750/2750
f 2751/2751 2750/2750 2753/2753
f 1977/1977 1978/1978 1979/1979
f 1978/1978 1987/1987 1979/1979
f 1133/1133 1130/1130 1132/1132
f 1971/1971 1973/1973 1972/1972
f 1128/1128 1151/1151 1121/1121
f 1151/1151 1152/1152 1121/1121
f 1135/1135 1152/1152 1154/1154
f 1131/1131 1154/1154 1153/1153
f 1131/1131 1153/1153 1126/1126
f 1153/1153 1146/1146 1126/1126
f 1126/1126 1146/1146 1127/1127
f 1127/1127 1146/1146 1145/1145
f 1005/1005 1007/1007 1008/1008
f 1127/1127 1145/1145 1144/1144
f 3219/3219 3217/3217 3218/3218
f 2638/2638 2641/2641 2632/2632
f 2638/2638 2632/2632 2636/2636
f 2633/2633 2632/2632 2631/2631
f 999/999 1003/1003 1000/1000
f 3748/3748 3744/3744 3746/3746
f 3746/3746 3749/3749 3751/3751
f 3751/3751 3752/3752 3753/3753
f 1947/1947 1968/1968 1949/1949
f 1952/1952 1946/1946 1976/1976
f 2752/2752 2749/2749 2746/2746
f 1952/1952 1976/1976 1977/1977
f 1016/1016 1053/1053 1020/1020
f 1977/1977 1976/1976 1978/1978
f 1132/1132 1130/1130 1125/1125
f 1130/1130 1129/1129 1125/1125
f 1971/1971 1972/1972 1961/1961
f 1121/1121 1152/1152 1135/1135
f 1970/1970 1971/1971 1961/1961
f 1970/1970 1961/1961 1958/1958
f 1135/1135 1154/1154 1131/1131
f 1126/1126 1127/1127 1119/1119
f 1119/1119 1127/1127 1144/1144
f 2636/2636 2639/2639 2638/2638
f 2635/2635 2636/2636 2632/2632
f 2635/2635 2632/2632 2633/2633
f 1002/1002 1000/1000 1024/1024
f 1947/1947 1969/1969 1968/1968
f 1951/1951 1947/1947 1946/1946
f 1952/1952 1951/1951 1946/1946
f 1002/1002 1024/1024 1016/1016
f 1016/1016 1024/1024 1053/1053
f 1125/1125 1129/1129 1128/1128
f 1142/1142 1132/1132 1125/1125
f 1125/1125 1128/1128 1122/1122
f 1122/1122 1128/1128 1121/1121
f 1958/1958 1961/1961 1959/1959
f 1121/1121 1135/1135 1114/1114
f 1114/1114 1135/1135 1131/1131
f 1131/1131 1126/1126 1115/1115
f 1114/1114 1131/1131 1115/1115
f 1115/1115 1126/1126 1119/1119
f 1958/1958 1959/1959 1956/1956
f 1958/1958 1956/1956 1957/1957
f 1115/1115 1119/1119 1117/1117
f 1117/1117 1119/1119 1120/1120
f 1974/1974 1965/1965 1975/1975
f 1955/1955 1957/1957 1956/1956
f 1955/1955 1956/1956 1954/1954
f 1955/1955 1954/1954 1953/1953
f 1965/1965 1974/1974 1951/1951
f 1951/1951 1974/1974 1969/1969
f 1953/1953 1954/1954 1951/1951
f 1953/1953 1951/1951 1952/1952
f 1142/1142 1125/1125 1124/1124
f 1124/1124 1125/1125 1122/1122
f 1124/1124 1122/1122 1123/1123
f 1123/1123 1122/1122 1118/1118
f 1118/1118 1122/1122 1121/1121
f 1959/1959 1961/1961 1964/1964
f 1118/1118 1121/1121 1114/1114
f 1959/1959 1964/1964 1963/1963
f 1959/1959 1963/1963 1956/1956
f 1956/1956 1963/1963 1960/1960
f 1963/1963 1967/1967 1960/1960
f 1960/1960 1967/1967 1962/1962
f 1116/1116 1118/1118 1114/1114
f 1114/1114 1115/1115 1116/1116
f 1116/1116 1115/1115 1117/1117
f 1956/1956 1960/1960 1954/1954
f 1960/1960 1962/1962 1954/1954
f 1954/1954 1962/1962 1951/1951
f 1951/1951 1962/1962 1965/1965

